country,year,pop,continent,lifeExp,gdpPercap,child_mortality_pct,owid_covered,v2x_polyarchy,v2x_libdem,v2x_regime,vdem_covered,bl_yr_sch,bl_match_year,barrolee_covered
Afghanistan,1952,8425333.0,Asia,28.801,779.4453145,,True,0.089,0.068,0.0,True,0.27,1950.0,True
Afghanistan,1957,9240934.0,Asia,30.332,820.8530296,36.82,True,0.083,0.067,0.0,True,0.31,1955.0,True
Afghanistan,1962,10267083.0,Asia,31.997,853.10071,34.02,True,0.083,0.067,0.0,True,0.37,1960.0,True
Afghanistan,1967,11537966.0,Asia,34.02,836.1971382,31.48,True,0.166,0.099,0.0,True,0.42,1965.0,True
Afghanistan,1972,13079460.0,Asia,36.088,739.9811058,33.79,True,0.157,0.095,0.0,True,0.69,1970.0,True
Afghanistan,1977,14880372.0,Asia,38.438,786.11336,26.29,True,0.102,0.049,0.0,True,0.92,1975.0,True
Afghanistan,1982,12881816.0,Asia,39.854,978.0114388,27.7,True,0.084,0.045,0.0,True,1.22,1980.0,True
Afghanistan,1987,13867957.0,Asia,40.822,852.3959448,24.42,True,0.084,0.044,0.0,True,1.57,1985.0,True
Afghanistan,1992,16317921.0,Asia,41.674,649.3413952,16.91,True,0.096,0.031,0.0,True,1.87,1990.0,True
Afghanistan,1997,22227415.0,Asia,41.763,635.341351,14.44,True,0.073,0.022,0.0,True,2.26,1995.0,True
Afghanistan,2002,25268405.0,Asia,42.129,726.7340548,12.31,True,0.22,0.084,0.0,True,2.86,2000.0,True
Afghanistan,2007,31889923.0,Asia,43.828,974.5803384,10.04,True,0.373,0.2,1.0,True,3.21,2005.0,True
Albania,1952,1282697.0,Europe,55.23,1601.056136,,True,0.172,0.056,0.0,True,2.6,1950.0,True
Albania,1957,1476505.0,Europe,59.28,1942.284244,,True,0.174,0.056,0.0,True,2.77,1955.0,True
Albania,1962,1728137.0,Europe,64.82,2312.888958,,True,0.174,0.056,0.0,True,2.98,1960.0,True
Albania,1967,1984060.0,Europe,66.22,2760.196931,,True,0.173,0.056,0.0,True,3.41,1965.0,True
Albania,1972,2263554.0,Europe,67.69,3313.422188,,True,0.174,0.056,0.0,True,4.28,1970.0,True
Albania,1977,2509048.0,Europe,68.93,3533.00391,,True,0.173,0.058,0.0,True,5.35,1975.0,True
Albania,1982,2780097.0,Europe,70.42,3630.880722,6.89,True,0.173,0.058,0.0,True,6.39,1980.0,True
Albania,1987,3075321.0,Europe,72.0,3738.932735,4.77,True,0.174,0.058,0.0,True,7.78,1985.0,True
Albania,1992,3326498.0,Europe,71.581,2497.437901,3.73,True,0.421,0.337,1.0,True,8.5,1990.0,True
Albania,1997,3428038.0,Europe,72.95,3193.054604,3.09,True,0.372,0.314,1.0,True,8.22,1995.0,True
Albania,2002,3508512.0,Europe,75.651,4604.211737,2.43,True,0.482,0.398,1.0,True,9.48,2000.0,True
Albania,2007,3600523.0,Europe,76.423,5937.029526,1.71,True,0.547,0.448,2.0,True,9.85,2005.0,True
Algeria,1952,9279525.0,Africa,43.077,2449.008185,,True,0.105,0.099,0.0,True,0.85,1950.0,True
Algeria,1957,10270856.0,Africa,45.685,3013.976023,24.05,True,0.075,0.035,0.0,True,0.84,1955.0,True
Algeria,1962,11000948.0,Africa,48.303,2550.81688,24.0,True,0.077,0.043,1.0,True,0.88,1960.0,True
Algeria,1967,12760499.0,Africa,51.407,3246.991771,24.52,True,0.085,0.063,0.0,True,1.1,1965.0,True
Algeria,1972,14760787.0,Africa,54.518,4182.663766,23.06,True,0.085,0.063,0.0,True,1.55,1970.0,True
Algeria,1977,17152804.0,Africa,58.014,4910.416756,19.01,True,0.19,0.107,0.0,True,2.11,1975.0,True
Algeria,1982,20033753.0,Africa,61.368,5745.160213,12.31,True,0.205,0.109,0.0,True,2.81,1980.0,True
Algeria,1987,23254956.0,Africa,65.799,5681.358539,5.96,True,0.207,0.111,0.0,True,3.99,1985.0,True
Algeria,1992,26298373.0,Africa,67.744,5023.216647,5.02,True,0.188,0.081,0.0,True,4.74,1990.0,True
Algeria,1997,29072015.0,Africa,69.152,4797.295051,4.59,True,0.325,0.152,1.0,True,5.41,1995.0,True
Algeria,2002,31287142.0,Africa,70.994,5288.040382,3.86,True,0.327,0.154,1.0,True,5.67,2000.0,True
Algeria,2007,33333216.0,Africa,72.301,6223.367465,3.12,True,0.329,0.158,1.0,True,5.54,2005.0,True
Angola,1952,4232095.0,Africa,30.015,3520.610273,,True,0.009,0.034,0.0,True,,,False
Angola,1957,4561361.0,Africa,31.999,3827.940465,,True,0.009,0.034,0.0,True,,,False
Angola,1962,4826015.0,Africa,34.0,4269.276742,,True,0.009,0.034,0.0,True,,,False
Angola,1967,5247469.0,Africa,35.985,5522.776375,,True,0.009,0.034,0.0,True,,,False
Angola,1972,5894858.0,Africa,37.928,5473.288005,,True,0.009,0.035,0.0,True,,,False
Angola,1977,6162675.0,Africa,39.483,3008.647355,,True,0.073,0.046,0.0,True,,,False
Angola,1982,7016384.0,Africa,39.942,2756.953672,22.55,True,0.073,0.046,0.0,True,,,False
Angola,1987,7874230.0,Africa,39.906,2430.208311,21.46,True,0.074,0.046,0.0,True,,,False
Angola,1992,8735988.0,Africa,40.647,2627.845685,21.24,True,0.146,0.075,1.0,True,,,False
Angola,1997,9875024.0,Africa,40.963,2277.140884,20.35,True,0.155,0.075,0.0,True,,,False
Angola,2002,10866106.0,Africa,41.003,2773.287312,16.64,True,0.16,0.081,0.0,True,,,False
Angola,2007,12420476.0,Africa,42.731,4797.231267,10.9,True,0.169,0.088,0.0,True,,,False
Argentina,1952,17876956.0,Americas,62.485,5911.315053,8.88,True,0.338,0.191,1.0,True,4.85,1950.0,True
Argentina,1957,19610538.0,Americas,64.399,6856.856212,9.36,True,0.186,0.116,0.0,True,5.2,1955.0,True
Argentina,1962,21283783.0,Americas,65.142,7133.166023,,True,0.274,0.206,1.0,True,5.67,1960.0,True
Argentina,1967,22934225.0,Americas,65.634,8052.953021,5.86,True,0.103,0.089,0.0,True,5.94,1965.0,True
Argentina,1972,24779799.0,Americas,67.065,9443.038526,6.97,True,0.13,0.095,0.0,True,6.31,1970.0,True
Argentina,1977,26983828.0,Americas,68.481,10079.02674,5.57,True,0.071,0.049,0.0,True,6.85,1975.0,True
Argentina,1982,29341374.0,Americas,69.942,8997.897412,3.65,True,0.074,0.051,0.0,True,7.3,1980.0,True
Argentina,1987,31620918.0,Americas,70.774,9139.671389,2.91,True,0.831,0.675,2.0,True,7.85,1985.0,True
Argentina,1992,33958947.0,Americas,71.868,9308.41871,2.76,True,0.831,0.635,2.0,True,8.37,1990.0,True
Argentina,1997,36203463.0,Americas,73.275,10967.28195,2.19,True,0.828,0.638,2.0,True,8.64,1995.0,True
Argentina,2002,38331121.0,Americas,74.34,8797.640716,1.83,True,0.825,0.666,2.0,True,8.73,2000.0,True
Argentina,2007,40301927.0,Americas,75.32,12779.37964,1.58,True,0.784,0.617,2.0,True,9.38,2005.0,True
Australia,1952,8691212.0,Oceania,69.12,10039.59564,3.03,True,0.809,0.75,3.0,True,8.04,1950.0,True
Australia,1957,9712569.0,Oceania,70.33,10949.64959,2.66,True,0.833,0.775,3.0,True,8.27,1955.0,True
Australia,1962,10794968.0,Oceania,70.93,12217.22686,2.37,True,0.834,0.776,3.0,True,8.53,1960.0,True
Australia,1967,11872264.0,Oceania,71.1,14526.12465,2.2,True,0.847,0.788,3.0,True,8.93,1965.0,True
Australia,1972,13177000.0,Oceania,71.93,16788.62948,2.03,True,0.859,0.804,3.0,True,9.7,1970.0,True
Australia,1977,14074100.0,Oceania,73.49,18334.19751,1.52,True,0.865,0.818,3.0,True,10.52,1975.0,True
Australia,1982,15184200.0,Oceania,74.74,19477.00928,1.22,True,0.877,0.833,3.0,True,11.2,1980.0,True
Australia,1987,16257249.0,Oceania,76.32,21888.88903,1.06,True,0.885,0.841,3.0,True,11.2,1985.0,True
Australia,1992,17481977.0,Oceania,77.56,23424.76683,0.82,True,0.891,0.847,3.0,True,11.18,1990.0,True
Australia,1997,18565243.0,Oceania,78.83,26997.93657,0.66,True,0.886,0.843,3.0,True,11.2,1995.0,True
Australia,2002,19546792.0,Oceania,80.37,30687.75473,0.6,True,0.876,0.834,3.0,True,11.07,2000.0,True
Australia,2007,20434176.0,Oceania,81.235,34435.36744,0.54,True,0.881,0.836,3.0,True,11.38,2005.0,True
Austria,1952,6927772.0,Europe,66.8,6137.076492,6.28,True,0.766,0.619,2.0,True,5.97,1950.0,True
Austria,1957,6965860.0,Europe,67.48,8842.59803,4.98,True,0.82,0.685,3.0,True,5.78,1955.0,True
Austria,1962,7129864.0,Europe,69.54,10750.72111,3.8,True,0.824,0.689,3.0,True,5.86,1960.0,True
Austria,1967,7376998.0,Europe,70.14,12834.6024,3.05,True,0.831,0.702,3.0,True,6.69,1965.0,True
Austria,1972,7544201.0,Europe,70.63,16661.6256,2.79,True,0.841,0.726,3.0,True,7.4,1970.0,True
Austria,1977,7568430.0,Europe,72.17,19749.4223,1.95,True,0.856,0.752,3.0,True,7.7,1975.0,True
Austria,1982,7574613.0,Europe,73.18,21597.08362,1.47,True,0.855,0.768,3.0,True,7.89,1980.0,True
Austria,1987,7578903.0,Europe,74.94,23687.82607,1.12,True,0.857,0.781,3.0,True,8.11,1985.0,True
Austria,1992,7914969.0,Europe,76.04,27042.01868,0.85,True,0.861,0.786,3.0,True,8.36,1990.0,True
Austria,1997,8069876.0,Europe,77.51,29095.92066,0.6,True,0.859,0.78,3.0,True,8.81,1995.0,True
Austria,2002,8148312.0,Europe,78.98,32417.60769,0.53,True,0.862,0.79,3.0,True,8.97,2000.0,True
Austria,2007,8199783.0,Europe,79.829,36126.4927,0.46,True,0.876,0.809,3.0,True,9.29,2005.0,True
Bahrain,1952,120447.0,Asia,50.939,9867.084765,,True,0.024,,0.0,True,1.0,1950.0,True
Bahrain,1957,138655.0,Asia,53.832,11635.79945,25.33,True,0.025,,0.0,True,1.07,1955.0,True
Bahrain,1962,171863.0,Asia,56.923,12753.27514,16.62,True,0.025,,0.0,True,1.29,1960.0,True
Bahrain,1967,202182.0,Asia,59.923,14804.6727,10.5,True,0.025,,0.0,True,1.75,1965.0,True
Bahrain,1972,230800.0,Asia,63.3,18268.65839,6.41,True,0.076,,0.0,True,3.08,1970.0,True
Bahrain,1977,297410.0,Asia,65.593,19340.10196,4.12,True,0.051,,0.0,True,4.02,1975.0,True
Bahrain,1982,377967.0,Asia,69.052,19211.14731,2.92,True,0.048,,0.0,True,4.93,1980.0,True
Bahrain,1987,454612.0,Asia,70.75,18524.02406,2.38,True,0.05,,0.0,True,5.65,1985.0,True
Bahrain,1992,529491.0,Asia,72.601,19035.57917,2.21,True,0.049,,0.0,True,6.54,1990.0,True
Bahrain,1997,598561.0,Asia,73.925,20292.01679,1.52,True,0.049,,0.0,True,7.1,1995.0,True
Bahrain,2002,656397.0,Asia,74.795,23403.55927,1.16,True,0.167,0.078,0.0,True,7.48,2000.0,True
Bahrain,2007,708573.0,Asia,75.635,29796.04834,0.98,True,0.222,0.087,0.0,True,7.19,2005.0,True
Bangladesh,1952,46886859.0,Asia,37.484,684.2441716,33.32,True,,,,True,0.93,1950.0,True
Bangladesh,1957,51365468.0,Asia,39.348,661.6374577,28.64,True,,,,True,0.94,1955.0,True
Bangladesh,1962,56839289.0,Asia,41.216,686.3415538,25.02,True,,,,True,1.02,1960.0,True
Bangladesh,1967,62821884.0,Asia,43.453,721.1860862,22.85,True,,,,True,1.25,1965.0,True
Bangladesh,1972,70759295.0,Asia,45.252,630.2336265,22.88,True,0.221,0.163,0.0,True,1.38,1970.0,True
Bangladesh,1977,80428306.0,Asia,46.923,659.8772322,22.15,True,0.176,0.102,0.0,True,1.57,1975.0,True
Bangladesh,1982,93074406.0,Asia,50.009,676.9818656,19.62,True,0.229,0.127,1.0,True,2.25,1980.0,True
Bangladesh,1987,103764241.0,Asia,52.819,751.9794035,16.58,True,0.328,0.169,1.0,True,2.82,1985.0,True
Bangladesh,1992,113704579.0,Asia,56.018,837.8101643,13.41,True,0.511,0.269,2.0,True,3.13,1990.0,True
Bangladesh,1997,123315288.0,Asia,59.412,972.7700352,10.33,True,0.511,0.268,2.0,True,3.68,1995.0,True
Bangladesh,2002,135656790.0,Asia,62.013,1136.39043,7.53,True,0.463,0.235,1.0,True,4.48,2000.0,True
Bangladesh,2007,150448339.0,Asia,64.062,1391.253792,5.65,True,0.205,0.103,0.0,True,5.24,2005.0,True
Belgium,1952,8730405.0,Europe,68.0,8343.105127,5.38,True,0.721,0.639,3.0,True,6.75,1950.0,True
Belgium,1957,8989111.0,Europe,69.24,9714.960623,4.01,True,0.729,0.649,3.0,True,7.04,1955.0,True
Belgium,1962,9218400.0,Europe,70.25,10991.20676,3.12,True,0.844,0.758,3.0,True,7.22,1960.0,True
Belgium,1967,9556500.0,Europe,70.94,13149.04119,2.63,True,0.846,0.765,3.0,True,7.33,1965.0,True
Belgium,1972,9709100.0,Europe,71.44,16672.14356,2.19,True,0.852,0.775,3.0,True,7.66,1970.0,True
Belgium,1977,9821800.0,Europe,72.8,19117.97448,1.67,True,0.853,0.775,3.0,True,8.03,1975.0,True
Belgium,1982,9856303.0,Europe,73.93,20979.84589,1.33,True,0.86,0.783,3.0,True,8.5,1980.0,True
Belgium,1987,9870200.0,Europe,75.35,22525.56308,1.1,True,0.858,0.781,3.0,True,8.97,1985.0,True
Belgium,1992,10045622.0,Europe,76.46,25575.57069,0.92,True,0.876,0.807,3.0,True,9.43,1990.0,True
Belgium,1997,10199787.0,Europe,77.53,27561.19663,0.67,True,0.878,0.81,3.0,True,10.0,1995.0,True
Belgium,2002,10311970.0,Europe,78.32,30485.88375,0.55,True,0.885,0.819,3.0,True,10.29,2000.0,True
Belgium,2007,10392226.0,Europe,79.441,33692.60508,0.48,True,0.895,0.833,3.0,True,10.59,2005.0,True
Benin,1952,1738315.0,Africa,38.223,1062.7522,33.98,True,0.078,0.082,0.0,True,0.44,1950.0,True
Benin,1957,1925173.0,Africa,40.358,959.6010805,32.08,True,0.134,0.087,0.0,True,0.53,1955.0,True
Benin,1962,2151895.0,Africa,42.618,949.4990641,29.8,True,0.334,0.227,1.0,True,0.61,1960.0,True
Benin,1967,2427334.0,Africa,44.885,1035.831411,27.3,True,0.175,0.109,0.0,True,0.76,1965.0,True
Benin,1972,2761407.0,Africa,47.014,1085.796879,25.07,True,0.124,0.088,0.0,True,0.84,1970.0,True
Benin,1977,3168267.0,Africa,49.19,1029.161251,22.55,True,0.085,0.082,0.0,True,0.94,1975.0,True
Benin,1982,3641603.0,Africa,50.904,1277.897616,20.31,True,0.107,0.086,0.0,True,1.22,1980.0,True
Benin,1987,4243788.0,Africa,52.337,1225.85601,18.35,True,0.102,0.085,0.0,True,1.71,1985.0,True
Benin,1992,4981671.0,Africa,53.919,1191.207681,16.3,True,0.601,0.498,2.0,True,2.16,1990.0,True
Benin,1997,6066080.0,Africa,54.777,1232.975292,14.48,True,0.623,0.507,2.0,True,2.61,1995.0,True
Benin,2002,7026113.0,Africa,54.406,1372.877931,12.85,True,0.606,0.499,2.0,True,3.11,2000.0,True
Benin,2007,8078314.0,Africa,56.728,1441.284873,11.44,True,0.653,0.53,2.0,True,3.72,2005.0,True
Bolivia,1952,2883315.0,Americas,40.414,2677.326347,,True,0.132,0.081,1.0,True,2.32,1950.0,True
Bolivia,1957,3211738.0,Americas,41.89,2127.686326,,True,0.263,0.114,1.0,True,2.67,1955.0,True
Bolivia,1962,3593918.0,Americas,43.428,2180.972546,27.36,True,0.261,0.113,1.0,True,3.06,1960.0,True
Bolivia,1967,4040665.0,Americas,45.032,2586.886053,24.38,True,0.184,0.048,1.0,True,3.57,1965.0,True
Bolivia,1972,4565872.0,Americas,46.714,2980.331339,21.28,True,0.09,0.017,0.0,True,4.0,1970.0,True
Bolivia,1977,5079716.0,Americas,50.023,3548.097832,18.14,True,0.088,0.017,0.0,True,4.6,1975.0,True
Bolivia,1982,5642224.0,Americas,53.859,3156.510452,15.63,True,0.202,0.12,0.0,True,5.48,1980.0,True
Bolivia,1987,6156369.0,Americas,57.251,2753.69149,13.29,True,0.636,0.42,2.0,True,6.38,1985.0,True
Bolivia,1992,6893451.0,Americas,59.957,2961.699694,10.82,True,0.707,0.47,2.0,True,7.26,1990.0,True
Bolivia,1997,7693188.0,Americas,62.05,3326.143191,8.46,True,0.739,0.52,2.0,True,7.83,1995.0,True
Bolivia,2002,8445134.0,Americas,63.883,3413.26269,6.21,True,0.727,0.513,2.0,True,8.29,2000.0,True
Bolivia,2007,9119152.0,Americas,65.554,3822.137084,4.47,True,0.719,0.462,2.0,True,8.49,2005.0,True
Bosnia and Herzegovina,1952,2791000.0,Europe,53.82,973.5331948,,True,,,,True,,,False
Bosnia and Herzegovina,1957,3076000.0,Europe,58.45,1353.989176,,True,,,,True,,,False
Bosnia and Herzegovina,1962,3349000.0,Europe,61.93,1709.683679,,True,,,,True,,,False
Bosnia and Herzegovina,1967,3585000.0,Europe,64.79,2172.352423,,True,,,,True,,,False
Bosnia and Herzegovina,1972,3819000.0,Europe,67.45,2860.16975,,True,,,,True,,,False
Bosnia and Herzegovina,1977,4086000.0,Europe,69.86,3528.481305,,True,,,,True,,,False
Bosnia and Herzegovina,1982,4172693.0,Europe,70.69,4126.613157,,True,,,,True,,,False
Bosnia and Herzegovina,1987,4338977.0,Europe,71.14,4314.114757,2.3,True,,,,True,,,False
Bosnia and Herzegovina,1992,4256013.0,Europe,72.178,2546.781445,6.23,True,0.249,0.095,0.0,True,,,False
Bosnia and Herzegovina,1997,3607000.0,Europe,73.244,4766.355904,1.17,True,0.585,0.343,2.0,True,,,False
Bosnia and Herzegovina,2002,4165416.0,Europe,74.09,6018.975239,0.84,True,0.655,0.424,2.0,True,,,False
Bosnia and Herzegovina,2007,4552198.0,Europe,74.852,7446.298803,0.71,True,0.566,0.377,2.0,True,,,False
Botswana,1952,442308.0,Africa,47.622,851.2411407,,True,0.036,0.102,0.0,True,1.38,1950.0,True
Botswana,1957,474639.0,Africa,49.618,918.2325349,18.34,True,0.043,0.103,0.0,True,1.42,1955.0,True
Botswana,1962,512764.0,Africa,51.52,983.6539764,15.82,True,0.219,0.171,0.0,True,1.46,1960.0,True
Botswana,1967,553541.0,Africa,53.298,1214.709294,13.81,True,0.596,0.484,2.0,True,1.71,1965.0,True
Botswana,1972,619351.0,Africa,56.024,2263.611114,11.59,True,0.628,0.508,2.0,True,2.14,1970.0,True
Botswana,1977,781472.0,Africa,59.319,3214.857818,8.89,True,0.625,0.509,2.0,True,2.74,1975.0,True
Botswana,1982,970347.0,Africa,61.484,4551.14215,6.52,True,0.641,0.528,2.0,True,3.12,1980.0,True
Botswana,1987,1151184.0,Africa,63.622,6205.88385,5.21,True,0.661,0.553,2.0,True,5.29,1985.0,True
Botswana,1992,1342614.0,Africa,62.745,7954.111645,5.71,True,0.687,0.58,2.0,True,6.86,1990.0,True
Botswana,1997,1536536.0,Africa,52.556,8647.142313,7.34,True,0.7,0.601,2.0,True,8.24,1995.0,True
Botswana,2002,1630347.0,Africa,46.634,11003.60508,7.79,True,0.701,0.606,3.0,True,8.82,2000.0,True
Botswana,2007,1639131.0,Africa,50.728,12569.85177,6.43,True,0.714,0.617,3.0,True,9.22,2005.0,True
Brazil,1952,56602560.0,Americas,50.917,2108.944355,21.01,True,0.379,0.257,1.0,True,2.08,1950.0,True
Brazil,1957,65551171.0,Americas,53.285,2487.365989,18.49,True,0.394,0.266,1.0,True,2.29,1955.0,True
Brazil,1962,76039390.0,Americas,55.665,3336.585802,16.04,True,0.407,0.275,1.0,True,2.55,1960.0,True
Brazil,1967,88049823.0,Americas,57.632,3429.864357,14.16,True,0.181,0.074,0.0,True,2.85,1965.0,True
Brazil,1972,100840058.0,Americas,59.504,4985.711467,12.56,True,0.174,0.068,0.0,True,3.29,1970.0,True
Brazil,1977,114313951.0,Americas,61.489,6660.118654,10.8,True,0.188,0.07,0.0,True,2.9,1975.0,True
Brazil,1982,128962939.0,Americas,63.336,7030.835878,8.73,True,0.263,0.135,0.0,True,3.04,1980.0,True
Brazil,1987,142938076.0,Americas,65.205,7807.095818,7.09,True,0.569,0.377,2.0,True,3.94,1985.0,True
Brazil,1992,155975974.0,Americas,67.057,6950.283021,5.71,True,0.839,0.708,2.0,True,4.69,1990.0,True
Brazil,1997,168546719.0,Americas,69.388,7957.980824,4.19,True,0.85,0.711,2.0,True,5.58,1995.0,True
Brazil,2002,179914212.0,Americas,71.006,8131.212843,3.01,True,0.858,0.72,2.0,True,6.52,2000.0,True
Brazil,2007,190010647.0,Americas,72.39,9065.800825,2.17,True,0.869,0.773,2.0,True,7.29,2005.0,True
Bulgaria,1952,7274900.0,Europe,59.6,2444.286648,12.09,True,0.164,0.055,0.0,True,3.82,1950.0,True
Bulgaria,1957,7651254.0,Europe,66.61,3008.670727,7.74,True,0.175,0.058,0.0,True,4.6,1955.0,True
Bulgaria,1962,8012946.0,Europe,69.51,4254.337839,4.43,True,0.176,0.058,0.0,True,4.99,1960.0,True
Bulgaria,1967,8310226.0,Europe,70.42,5577.0028,3.64,True,0.176,0.058,0.0,True,4.45,1965.0,True
Bulgaria,1972,8576200.0,Europe,70.9,6597.494398,3.02,True,0.176,0.059,0.0,True,6.13,1970.0,True
Bulgaria,1977,8797022.0,Europe,70.81,7612.240438,2.71,True,0.177,0.059,0.0,True,7.07,1975.0,True
Bulgaria,1982,8892098.0,Europe,71.08,8224.191647,2.22,True,0.18,0.06,0.0,True,7.84,1980.0,True
Bulgaria,1987,8971958.0,Europe,71.34,8239.854824,1.8,True,0.18,0.06,0.0,True,8.55,1985.0,True
Bulgaria,1992,8658506.0,Europe,71.19,6302.623438,1.91,True,0.695,0.598,2.0,True,8.42,1990.0,True
Bulgaria,1997,8066057.0,Europe,70.32,5970.38876,1.93,True,0.715,0.617,2.0,True,8.86,1995.0,True
Bulgaria,2002,7661799.0,Europe,72.14,7696.777725,1.6,True,0.718,0.619,2.0,True,9.28,2000.0,True
Bulgaria,2007,7322858.0,Europe,73.005,10680.79282,1.19,True,0.708,0.616,2.0,True,10.45,2005.0,True
Burkina Faso,1952,4469979.0,Africa,31.975,543.2552413,37.31,True,0.147,0.133,0.0,True,,,False
Burkina Faso,1957,4713416.0,Africa,34.906,617.1834648,35.47,True,0.204,0.149,0.0,True,,,False
Burkina Faso,1962,4919632.0,Africa,37.814,722.5120206,33.55,True,0.37,0.218,1.0,True,,,False
Burkina Faso,1967,5127935.0,Africa,40.697,794.8265597,32.01,True,0.175,0.117,0.0,True,,,False
Burkina Faso,1972,5433886.0,Africa,43.591,854.7359763,30.3,True,0.177,0.152,0.0,True,,,False
Burkina Faso,1977,5889574.0,Africa,46.137,743.3870368,26.05,True,0.178,0.117,0.0,True,,,False
Burkina Faso,1982,6634596.0,Africa,48.122,807.1985855,22.58,True,0.16,0.105,0.0,True,,,False
Burkina Faso,1987,7586551.0,Africa,49.557,912.0631417,20.38,True,0.161,0.114,0.0,True,,,False
Burkina Faso,1992,8878303.0,Africa,50.26,931.7527731,19.53,True,0.408,0.21,1.0,True,,,False
Burkina Faso,1997,10352843.0,Africa,50.324,946.2949618,18.67,True,0.483,0.259,1.0,True,,,False
Burkina Faso,2002,12251209.0,Africa,50.65,1037.645221,16.73,True,0.515,0.326,2.0,True,,,False
Burkina Faso,2007,14326203.0,Africa,52.295,1217.032994,13.81,True,0.54,0.339,2.0,True,,,False
Burundi,1952,2445618.0,Africa,39.031,339.2964587,,True,0.023,0.052,0.0,True,0.42,1950.0,True
Burundi,1957,2667518.0,Africa,40.533,379.5646281,,True,0.045,0.054,0.0,True,0.52,1955.0,True
Burundi,1962,2961915.0,Africa,42.045,355.2032273,24.75,True,0.187,0.132,0.0,True,0.67,1960.0,True
Burundi,1967,3330989.0,Africa,43.548,412.9775136,24.64,True,0.085,0.066,0.0,True,0.81,1965.0,True
Burundi,1972,3529983.0,Africa,44.057,464.0995039,31.75,True,0.083,0.066,0.0,True,1.06,1970.0,True
Burundi,1977,3834415.0,Africa,45.91,556.1032651,24.49,True,0.081,0.079,0.0,True,1.28,1975.0,True
Burundi,1982,4580410.0,Africa,47.471,559.603231,20.29,True,0.137,0.099,0.0,True,1.45,1980.0,True
Burundi,1987,5126023.0,Africa,48.211,621.8188189,16.92,True,0.159,0.126,1.0,True,1.54,1985.0,True
Burundi,1992,5809236.0,Africa,44.736,631.6998778,16.97,True,0.165,0.1,0.0,True,1.74,1990.0,True
Burundi,1997,6121610.0,Africa,45.326,463.1151478,16.41,True,0.188,0.148,0.0,True,2.18,1995.0,True
Burundi,2002,7021078.0,Africa,47.36,446.4035126,14.23,True,0.202,0.149,0.0,True,2.56,2000.0,True
Burundi,2007,8390505.0,Africa,49.58,430.0706916,10.95,True,0.412,0.182,1.0,True,2.88,2005.0,True
Cambodia,1952,4693836.0,Asia,39.417,368.4692856,,True,0.087,0.062,0.0,True,0.42,1950.0,True
Cambodia,1957,5322536.0,Asia,41.366,434.0383364,,True,0.269,0.154,1.0,True,0.64,1955.0,True
Cambodia,1962,6083619.0,Asia,43.415,496.9136476,,True,0.265,0.152,1.0,True,1.18,1960.0,True
Cambodia,1967,6960067.0,Asia,45.415,523.4323142,,True,0.263,0.152,1.0,True,1.46,1965.0,True
Cambodia,1972,7450606.0,Asia,40.317,421.6240257,,True,0.148,0.073,1.0,True,1.82,1970.0,True
Cambodia,1977,6978607.0,Asia,31.22,524.9721832,54.3,True,0.13,0.017,0.0,True,2.2,1975.0,True
Cambodia,1982,7272485.0,Asia,50.957,624.4754784,14.19,True,0.105,0.02,1.0,True,2.54,1980.0,True
Cambodia,1987,8371791.0,Asia,53.914,683.8955732,11.69,True,0.105,0.021,1.0,True,2.8,1985.0,True
Cambodia,1992,10150094.0,Asia,55.803,682.3031755,11.64,True,0.166,0.04,1.0,True,3.09,1990.0,True
Cambodia,1997,11782962.0,Asia,56.534,734.28517,11.88,True,0.364,0.135,1.0,True,3.27,1995.0,True
Cambodia,2002,12926707.0,Asia,56.752,896.2260153,8.62,True,0.319,0.124,1.0,True,3.5,2000.0,True
Cambodia,2007,14131858.0,Asia,59.723,1713.778686,5.49,True,0.319,0.122,1.0,True,4.1,2005.0,True
Cameroon,1952,5009067.0,Africa,38.523,1172.667655,,True,,,,True,0.69,1950.0,True
Cameroon,1957,5359923.0,Africa,40.428,1313.048099,31.07,True,,,,True,0.87,1955.0,True
Cameroon,1962,5793633.0,Africa,42.643,1399.607441,27.13,True,0.16,0.071,1.0,True,1.08,1960.0,True
Cameroon,1967,6335506.0,Africa,44.799,1508.453148,24.05,True,0.157,0.07,1.0,True,1.43,1965.0,True
Cameroon,1972,7021028.0,Africa,47.049,1684.146528,20.1,True,0.157,0.072,1.0,True,1.81,1970.0,True
Cameroon,1977,7959865.0,Africa,49.355,1783.432873,18.96,True,0.158,0.072,1.0,True,2.42,1975.0,True
Cameroon,1982,9250831.0,Africa,52.961,2367.983282,16.9,True,0.169,0.091,1.0,True,3.04,1980.0,True
Cameroon,1987,10780667.0,Africa,54.985,2602.664206,14.1,True,0.179,0.101,1.0,True,3.7,1985.0,True
Cameroon,1992,12467171.0,Africa,54.314,1793.163278,14.09,True,0.291,0.144,1.0,True,4.37,1990.0,True
Cameroon,1997,14195809.0,Africa,52.199,1694.337469,14.84,True,0.292,0.149,1.0,True,5.0,1995.0,True
Cameroon,2002,15929988.0,Africa,49.856,1934.011449,13.76,True,0.31,0.159,1.0,True,5.46,2000.0,True
Cameroon,2007,17696293.0,Africa,50.43,2042.09524,12.08,True,0.316,0.155,1.0,True,5.77,2005.0,True
Canada,1952,14785584.0,Americas,68.75,11367.16112,4.38,True,0.748,0.658,2.0,True,7.6,1950.0,True
Canada,1957,17010154.0,Americas,69.96,12489.95006,3.58,True,0.753,0.664,2.0,True,7.93,1955.0,True
Canada,1962,18985849.0,Americas,71.3,13462.48555,3.05,True,0.813,0.725,2.0,True,8.34,1960.0,True
Canada,1967,20819767.0,Americas,72.13,16076.58803,2.5,True,0.816,0.737,2.0,True,8.65,1965.0,True
Canada,1972,22284500.0,Americas,72.88,18970.57086,1.99,True,0.827,0.745,2.0,True,9.14,1970.0,True
Canada,1977,23796400.0,Americas,74.21,22090.88306,1.51,True,0.826,0.746,3.0,True,9.7,1975.0,True
Canada,1982,25201900.0,Americas,75.76,22898.79214,1.12,True,0.829,0.75,3.0,True,10.15,1980.0,True
Canada,1987,26549700.0,Americas,76.86,26626.51503,0.91,True,0.835,0.759,3.0,True,9.94,1985.0,True
Canada,1992,28523502.0,Americas,77.95,26342.88426,0.77,True,0.832,0.755,3.0,True,10.33,1990.0,True
Canada,1997,30305843.0,Americas,78.61,28954.92589,0.65,True,0.844,0.767,3.0,True,10.71,1995.0,True
Canada,2002,31902268.0,Americas,79.77,33328.96507,0.62,True,0.831,0.753,3.0,True,10.95,2000.0,True
Canada,2007,33390141.0,Americas,80.653,36319.23501,0.6,True,0.834,0.766,3.0,True,12.03,2005.0,True
Central African Republic,1952,1291695.0,Africa,35.463,1071.310713,,True,0.139,0.113,0.0,True,0.39,1950.0,True
Central African Republic,1957,1392284.0,Africa,37.464,1190.844328,,True,0.213,0.138,0.0,True,0.44,1955.0,True
Central African Republic,1962,1523478.0,Africa,39.475,1193.068753,27.41,True,0.254,0.116,1.0,True,0.5,1960.0,True
Central African Republic,1967,1733638.0,Africa,41.478,1136.056615,24.46,True,0.092,0.037,0.0,True,0.6,1965.0,True
Central African Republic,1972,1927260.0,Africa,43.457,1070.013275,21.83,True,0.091,0.034,0.0,True,0.82,1970.0,True
Central African Republic,1977,2167533.0,Africa,46.775,1109.374338,19.89,True,0.088,0.027,0.0,True,1.15,1975.0,True
Central African Republic,1982,2476971.0,Africa,48.295,956.7529907,18.53,True,0.107,0.065,0.0,True,1.66,1980.0,True
Central African Republic,1987,2840009.0,Africa,50.485,844.8763504,18.0,True,0.18,0.095,1.0,True,2.06,1985.0,True
Central African Republic,1992,3265124.0,Africa,49.396,747.9055252,17.74,True,0.289,0.15,1.0,True,2.67,1990.0,True
Central African Republic,1997,3696513.0,Africa,46.066,740.5063317,17.21,True,0.353,0.22,1.0,True,2.99,1995.0,True
Central African Republic,2002,4048013.0,Africa,43.308,738.6906068,15.9,True,0.341,0.216,1.0,True,3.29,2000.0,True
Central African Republic,2007,4369038.0,Africa,44.741,706.016537,13.93,True,0.34,0.191,1.0,True,3.55,2005.0,True
Chad,1952,2682462.0,Africa,38.092,1178.665927,27.61,True,0.146,0.064,0.0,True,,,False
Chad,1957,2894855.0,Africa,39.881,1308.495577,27.1,True,0.246,0.086,1.0,True,,,False
Chad,1962,3150417.0,Africa,41.716,1389.817618,26.53,True,0.208,0.104,1.0,True,,,False
Chad,1967,3495967.0,Africa,43.601,1196.810565,25.91,True,0.194,0.088,1.0,True,,,False
Chad,1972,3899068.0,Africa,45.569,1104.103987,25.2,True,0.188,0.086,0.0,True,,,False
Chad,1977,4388260.0,Africa,47.383,1133.98495,24.43,True,0.091,0.049,0.0,True,,,False
Chad,1982,4875118.0,Africa,49.517,797.9081006,23.42,True,0.08,0.03,0.0,True,,,False
Chad,1987,5498955.0,Africa,51.051,952.386129,22.04,True,0.08,0.034,0.0,True,,,False
Chad,1992,6429417.0,Africa,51.724,1058.0643,20.55,True,0.174,0.057,0.0,True,,,False
Chad,1997,7562011.0,Africa,51.573,1004.961353,19.19,True,0.282,0.097,1.0,True,,,False
Chad,2002,8835739.0,Africa,50.525,1156.18186,17.56,True,0.28,0.097,1.0,True,,,False
Chad,2007,10238807.0,Africa,50.651,1704.063724,15.81,True,0.277,0.096,1.0,True,,,False
Chile,1952,6377619.0,Americas,54.745,3939.978789,22.06,True,0.413,0.292,1.0,True,4.81,1950.0,True
Chile,1957,7048426.0,Americas,56.074,4315.622723,15.25,True,0.422,0.298,1.0,True,4.98,1955.0,True
Chile,1962,7961258.0,Americas,57.924,4519.094331,14.33,True,0.549,0.403,2.0,True,5.22,1960.0,True
Chile,1967,8858908.0,Americas,60.523,5106.654313,9.34,True,0.586,0.436,2.0,True,5.66,1965.0,True
Chile,1972,9717524.0,Americas,63.441,5494.024437,7.74,True,0.689,0.521,2.0,True,6.09,1970.0,True
Chile,1977,10599793.0,Americas,67.052,4756.763836,4.84,True,0.072,0.034,0.0,True,6.57,1975.0,True
Chile,1982,11487112.0,Americas,70.565,5095.665738,2.69,True,0.075,0.045,0.0,True,6.95,1980.0,True
Chile,1987,12463354.0,Americas,72.492,5547.063754,2.19,True,0.08,0.054,0.0,True,7.65,1985.0,True
Chile,1992,13572994.0,Americas,74.126,7596.125964,1.63,True,0.819,0.752,2.0,True,8.36,1990.0,True
Chile,1997,14599929.0,Americas,75.816,10118.05318,1.22,True,0.853,0.786,3.0,True,8.78,1995.0,True
Chile,2002,15497046.0,Americas,77.86,10778.78385,0.98,True,0.879,0.815,3.0,True,9.07,2000.0,True
Chile,2007,16284741.0,Americas,78.553,13171.63885,0.89,True,0.893,0.842,3.0,True,9.67,2005.0,True
China,1952,556263528.0,Asia,44.0,400.4486107,,True,0.075,0.03,0.0,True,1.61,1950.0,True
China,1957,637408000.0,Asia,50.54896,575.9870009,,True,0.07,0.035,0.0,True,1.96,1955.0,True
China,1962,665770000.0,Asia,44.50136,487.6740183,16.78,True,0.07,0.035,0.0,True,2.51,1960.0,True
China,1967,754550000.0,Asia,58.38112,612.7056934,,True,0.071,0.033,0.0,True,3.11,1965.0,True
China,1972,862030000.0,Asia,63.11888,676.9000921,10.08,True,0.068,0.033,0.0,True,3.82,1970.0,True
China,1977,943455000.0,Asia,63.96736,741.2374699,7.42,True,0.069,0.035,0.0,True,4.48,1975.0,True
China,1982,1000281000.0,Asia,65.525,962.4213805,5.77,True,0.098,0.064,0.0,True,5.31,1980.0,True
China,1987,1084035000.0,Asia,67.274,1378.904018,5.38,True,0.104,0.065,0.0,True,5.72,1985.0,True
China,1992,1164970000.0,Asia,68.69,1655.784158,5.21,True,0.097,0.063,0.0,True,6.04,1990.0,True
China,1997,1230075000.0,Asia,70.426,2289.234136,4.35,True,0.102,0.067,0.0,True,6.79,1995.0,True
China,2002,1280400000.0,Asia,72.028,3119.280896,3.14,True,0.102,0.071,0.0,True,7.38,2000.0,True
China,2007,1318683096.0,Asia,72.961,4959.114854,2.01,True,0.094,0.054,0.0,True,7.69,2005.0,True
Colombia,1952,12350771.0,Americas,50.643,2144.115096,17.82,True,0.177,0.123,1.0,True,2.33,1950.0,True
Colombia,1957,14485993.0,Americas,55.118,2323.805581,15.05,True,0.1,0.103,1.0,True,2.68,1955.0,True
Colombia,1962,17009885.0,Americas,57.863,2492.351109,12.7,True,0.356,0.252,1.0,True,3.05,1960.0,True
Colombia,1967,19764027.0,Americas,59.963,2678.729839,10.83,True,0.355,0.251,1.0,True,3.42,1965.0,True
Colombia,1972,22542890.0,Americas,61.623,3264.660041,9.03,True,0.371,0.262,1.0,True,3.91,1970.0,True
Colombia,1977,25094412.0,Americas,63.837,3815.80787,7.03,True,0.449,0.307,1.0,True,4.36,1975.0,True
Colombia,1982,27764644.0,Americas,66.653,4397.575659,5.21,True,0.411,0.28,1.0,True,4.89,1980.0,True
Colombia,1987,30964245.0,Americas,67.768,4903.2191,4.01,True,0.448,0.311,1.0,True,5.49,1985.0,True
Colombia,1992,34202721.0,Americas,68.421,5444.648617,3.33,True,0.557,0.429,2.0,True,5.99,1990.0,True
Colombia,1997,37657830.0,Americas,70.313,6117.361746,2.78,True,0.554,0.43,2.0,True,6.47,1995.0,True
Colombia,2002,41008227.0,Americas,71.682,5755.259962,2.35,True,0.538,0.422,2.0,True,6.9,2000.0,True
Colombia,2007,44227550.0,Americas,72.889,7006.580419,2.01,True,0.589,0.468,2.0,True,7.06,2005.0,True
Comoros,1952,153936.0,Africa,40.715,1102.990936,,True,0.067,0.051,0.0,True,,,False
Comoros,1957,170928.0,Africa,42.46,1211.148548,,True,0.117,0.058,0.0,True,,,False
Comoros,1962,191689.0,Africa,44.467,1406.648278,,True,0.118,0.059,0.0,True,,,False
Comoros,1967,217378.0,Africa,46.472,1876.029643,,True,0.12,0.06,0.0,True,,,False
Comoros,1972,250027.0,Africa,48.944,1937.577675,22.0,True,0.124,0.075,0.0,True,,,False
Comoros,1977,304739.0,Africa,50.939,1172.603047,19.1,True,0.169,0.101,1.0,True,,,False
Comoros,1982,348643.0,Africa,52.933,1267.100083,16.18,True,0.21,0.095,0.0,True,,,False
Comoros,1987,395114.0,Africa,54.926,1315.980812,13.49,True,0.206,0.096,0.0,True,,,False
Comoros,1992,454429.0,Africa,57.939,1246.90737,11.11,True,0.42,0.214,1.0,True,,,False
Comoros,1997,527982.0,Africa,60.66,1173.618235,9.0,True,0.438,0.219,1.0,True,,,False
Comoros,2002,614382.0,Africa,62.974,1075.811558,7.38,True,0.327,0.142,1.0,True,,,False
Comoros,2007,710960.0,Africa,65.152,986.1478792,6.12,True,0.447,0.258,1.0,True,,,False
"Congo, Dem. Rep.",1952,14100005.0,Africa,39.143,780.5423257,,True,0.01,0.043,0.0,True,0.58,1950.0,True
"Congo, Dem. Rep.",1957,15577932.0,Africa,40.652,905.8602303,,True,0.024,0.044,0.0,True,0.65,1955.0,True
"Congo, Dem. Rep.",1962,17486434.0,Africa,42.122,896.3146335,,True,0.287,0.162,1.0,True,0.81,1960.0,True
"Congo, Dem. Rep.",1967,19941073.0,Africa,44.056,861.5932424,,True,0.106,0.042,0.0,True,0.99,1965.0,True
"Congo, Dem. Rep.",1972,23007669.0,Africa,45.989,904.8960685,23.77,True,0.148,0.033,0.0,True,1.23,1970.0,True
"Congo, Dem. Rep.",1977,26480870.0,Africa,47.804,795.757282,21.82,True,0.147,0.032,0.0,True,1.55,1975.0,True
"Congo, Dem. Rep.",1982,30646495.0,Africa,47.784,673.7478181,20.0,True,0.15,0.034,0.0,True,2.06,1980.0,True
"Congo, Dem. Rep.",1987,35481645.0,Africa,47.412,672.774812,18.71,True,0.151,0.034,0.0,True,2.75,1985.0,True
"Congo, Dem. Rep.",1992,41672143.0,Africa,45.548,457.7191807,17.54,True,0.203,0.057,0.0,True,3.18,1990.0,True
"Congo, Dem. Rep.",1997,47798986.0,Africa,42.587,312.188423,20.68,True,0.128,0.027,0.0,True,3.37,1995.0,True
"Congo, Dem. Rep.",2002,55379852.0,Africa,44.966,241.1658765,17.22,True,0.165,0.056,0.0,True,3.37,2000.0,True
"Congo, Dem. Rep.",2007,64606759.0,Africa,46.462,277.5518587,11.38,True,0.365,0.151,1.0,True,3.49,2005.0,True
"Congo, Rep.",1952,854885.0,Africa,42.111,2125.621418,26.28,True,0.106,0.101,0.0,True,0.79,1950.0,True
"Congo, Rep.",1957,940458.0,Africa,45.053,2315.056572,21.91,True,0.178,0.118,1.0,True,0.97,1955.0,True
"Congo, Rep.",1962,1047924.0,Africa,48.435,2464.783157,17.92,True,0.291,0.191,1.0,True,1.14,1960.0,True
"Congo, Rep.",1967,1179760.0,Africa,52.04,2677.939642,15.01,True,0.132,0.093,0.0,True,1.57,1965.0,True
"Congo, Rep.",1972,1340458.0,Africa,54.907,3213.152683,12.97,True,0.087,0.024,0.0,True,2.09,1970.0,True
"Congo, Rep.",1977,1536769.0,Africa,55.625,3259.178978,11.47,True,0.09,0.024,0.0,True,3.28,1975.0,True
"Congo, Rep.",1982,1774735.0,Africa,56.695,4879.507522,10.2,True,0.114,0.033,0.0,True,4.17,1980.0,True
"Congo, Rep.",1987,2064095.0,Africa,57.47,4201.194937,9.14,True,0.113,0.033,0.0,True,4.97,1985.0,True
"Congo, Rep.",1992,2409073.0,Africa,56.433,4016.239529,9.53,True,0.335,0.196,1.0,True,5.37,1990.0,True
"Congo, Rep.",1997,2800947.0,Africa,52.962,3484.164376,11.1,True,0.246,0.069,1.0,True,5.62,1995.0,True
"Congo, Rep.",2002,3328795.0,Africa,52.97,3484.06197,10.46,True,0.208,0.088,1.0,True,5.67,2000.0,True
"Congo, Rep.",2007,3800610.0,Africa,55.322,3632.557798,7.39,True,0.255,0.099,1.0,True,5.77,2005.0,True
Costa Rica,1952,926317.0,Americas,57.206,2627.009471,12.87,True,0.58,0.502,2.0,True,3.55,1950.0,True
Costa Rica,1957,1112300.0,Americas,60.026,2990.010802,11.18,True,0.724,0.627,2.0,True,3.76,1955.0,True
Costa Rica,1962,1345187.0,Americas,62.842,3460.937025,9.28,True,0.724,0.637,2.0,True,3.89,1960.0,True
Costa Rica,1967,1588717.0,Americas,65.424,4161.727834,8.48,True,0.728,0.639,2.0,True,4.12,1965.0,True
Costa Rica,1972,1834796.0,Americas,67.849,5118.146939,6.45,True,0.747,0.661,2.0,True,3.94,1970.0,True
Costa Rica,1977,2108457.0,Americas,70.75,5926.876967,3.38,True,0.81,0.721,2.0,True,5.15,1975.0,True
Costa Rica,1982,2424367.0,Americas,73.45,5262.734751,2.29,True,0.862,0.782,2.0,True,6.11,1980.0,True
Costa Rica,1987,2799811.0,Americas,74.752,5629.915318,2.0,True,0.868,0.795,2.0,True,6.7,1985.0,True
Costa Rica,1992,3173216.0,Americas,75.713,6160.416317,1.57,True,0.895,0.843,3.0,True,7.11,1990.0,True
Costa Rica,1997,3518107.0,Americas,77.26,6677.045314,1.45,True,0.897,0.839,3.0,True,7.42,1995.0,True
Costa Rica,2002,3834934.0,Americas,78.123,7723.447195,1.22,True,0.896,0.846,3.0,True,7.7,2000.0,True
Costa Rica,2007,4133884.0,Americas,78.782,9645.06142,1.11,True,0.908,0.855,3.0,True,8.12,2005.0,True
Cote d'Ivoire,1952,2977019.0,Africa,40.477,1388.594732,,True,0.114,0.085,0.0,True,0.84,1950.0,True
Cote d'Ivoire,1957,3300000.0,Africa,42.469,1500.895925,34.45,True,0.151,0.093,0.0,True,0.88,1955.0,True
Cote d'Ivoire,1962,3832408.0,Africa,44.93,1728.869428,30.35,True,0.188,0.147,1.0,True,0.96,1960.0,True
Cote d'Ivoire,1967,4744870.0,Africa,47.35,2052.050473,26.69,True,0.175,0.142,0.0,True,1.06,1965.0,True
Cote d'Ivoire,1972,6071696.0,Africa,49.801,2378.201111,23.01,True,0.174,0.144,0.0,True,1.29,1970.0,True
Cote d'Ivoire,1977,7459574.0,Africa,52.374,2517.736547,18.84,True,0.174,0.144,0.0,True,1.71,1975.0,True
Cote d'Ivoire,1982,9025951.0,Africa,53.983,2602.710169,16.18,True,0.174,0.144,0.0,True,2.06,1980.0,True
Cote d'Ivoire,1987,10761098.0,Africa,54.655,2156.956069,15.29,True,0.177,0.145,1.0,True,2.37,1985.0,True
Cote d'Ivoire,1992,12772596.0,Africa,52.044,1648.073791,15.42,True,0.312,0.201,1.0,True,2.69,1990.0,True
Cote d'Ivoire,1997,14625967.0,Africa,47.991,1786.265407,14.89,True,0.398,0.252,1.0,True,3.3,1995.0,True
Cote d'Ivoire,2002,16252726.0,Africa,46.832,1648.800823,13.31,True,0.448,0.306,1.0,True,3.87,2000.0,True
Cote d'Ivoire,2007,18013409.0,Africa,48.328,1544.750112,11.35,True,0.436,0.299,1.0,True,4.26,2005.0,True
Croatia,1952,3882229.0,Europe,61.21,3119.23652,,True,,,,True,5.66,1950.0,True
Croatia,1957,3991242.0,Europe,64.77,4338.231617,,True,,,,True,6.0,1955.0,True
Croatia,1962,4076557.0,Europe,67.13,5477.890018,,True,,,,True,6.41,1960.0,True
Croatia,1967,4174366.0,Europe,68.5,6960.297861,,True,,,,True,6.63,1965.0,True
Croatia,1972,4225310.0,Europe,69.61,9164.090127,,True,,,,True,7.06,1970.0,True
Croatia,1977,4318673.0,Europe,70.64,11305.38517,,True,,,,True,7.63,1975.0,True
Croatia,1982,4413368.0,Europe,70.46,13221.82184,2.1,True,,,,True,8.04,1980.0,True
Croatia,1987,4484310.0,Europe,71.52,13822.58394,1.58,True,,,,True,8.44,1985.0,True
Croatia,1992,4494013.0,Europe,72.527,8447.794873,1.15,True,0.3,0.176,1.0,True,8.57,1990.0,True
Croatia,1997,4444595.0,Europe,73.68,9875.604515,0.93,True,0.422,0.259,1.0,True,9.08,1995.0,True
Croatia,2002,4481020.0,Europe,74.876,11628.38895,0.77,True,0.771,0.627,2.0,True,9.71,2000.0,True
Croatia,2007,4493312.0,Europe,75.748,14619.22272,0.62,True,0.787,0.642,2.0,True,10.58,2005.0,True
Cuba,1952,6007797.0,Americas,59.421,5586.53878,4.83,True,0.256,0.197,1.0,True,3.49,1950.0,True
Cuba,1957,6640752.0,Americas,62.325,6092.174359,4.69,True,0.279,0.14,1.0,True,3.57,1955.0,True
Cuba,1962,7254373.0,Americas,65.246,5180.75591,4.45,True,0.069,0.024,0.0,True,3.99,1960.0,True
Cuba,1967,8139332.0,Americas,68.29,5690.268015,4.21,True,0.069,0.024,0.0,True,4.49,1965.0,True
Cuba,1972,8831348.0,Americas,70.723,5305.445256,3.48,True,0.069,0.024,0.0,True,5.3,1970.0,True
Cuba,1977,9537988.0,Americas,72.649,6380.494966,2.62,True,0.069,0.033,0.0,True,6.23,1975.0,True
Cuba,1982,9789224.0,Americas,73.717,7316.918107,2.0,True,0.071,0.032,0.0,True,8.06,1980.0,True
Cuba,1987,10239839.0,Americas,74.174,7532.924763,1.57,True,0.071,0.032,0.0,True,8.09,1985.0,True
Cuba,1992,10723260.0,Americas,74.414,5592.843963,1.22,True,0.071,0.033,0.0,True,8.54,1990.0,True
Cuba,1997,10983007.0,Americas,76.151,5431.990415,0.97,True,0.108,0.038,0.0,True,8.8,1995.0,True
Cuba,2002,11226999.0,Americas,77.158,6340.646683,0.79,True,0.114,0.042,0.0,True,8.91,2000.0,True
Cuba,2007,11416987.0,Americas,78.273,8948.102923,0.66,True,0.114,0.041,0.0,True,9.51,2005.0,True
Czech Republic,1952,9125183.0,Europe,66.87,6876.14025,5.13,True,0.187,0.034,0.0,True,8.1,1950.0,True
Czech Republic,1957,9513758.0,Europe,69.03,8256.343918,2.85,True,0.139,0.036,0.0,True,8.24,1955.0,True
Czech Republic,1962,9620282.0,Europe,69.9,10136.86713,2.42,True,0.195,0.053,0.0,True,8.35,1960.0,True
Czech Republic,1967,9835109.0,Europe,70.38,11399.44489,2.48,True,0.205,0.057,0.0,True,8.97,1965.0,True
Czech Republic,1972,9862158.0,Europe,70.29,13108.4536,2.34,True,0.131,0.045,0.0,True,9.56,1970.0,True
Czech Republic,1977,10161915.0,Europe,70.71,14800.16062,1.99,True,0.196,0.057,0.0,True,9.94,1975.0,True
Czech Republic,1982,10303704.0,Europe,70.96,15377.22855,1.52,True,0.195,0.057,0.0,True,10.21,1980.0,True
Czech Republic,1987,10311597.0,Europe,71.58,16310.4434,1.34,True,0.197,0.058,0.0,True,10.43,1985.0,True
Czech Republic,1992,10315702.0,Europe,72.4,14297.02122,1.1,True,0.888,0.808,3.0,True,10.83,1990.0,True
Czech Republic,1997,10300707.0,Europe,74.01,16048.51424,0.69,True,0.896,0.824,3.0,True,11.99,1995.0,True
Czech Republic,2002,10256295.0,Europe,75.51,17596.21022,0.5,True,0.888,0.813,3.0,True,12.69,2000.0,True
Czech Republic,2007,10228744.0,Europe,76.486,22833.30851,0.39,True,0.902,0.83,3.0,True,12.73,2005.0,True
Denmark,1952,4334000.0,Europe,70.78,9692.385245,3.26,True,0.906,0.87,3.0,True,5.51,1950.0,True
Denmark,1957,4487831.0,Europe,71.81,11099.65935,2.7,True,0.904,0.873,3.0,True,4.6,1955.0,True
Denmark,1962,4646899.0,Europe,72.35,13583.31351,2.38,True,0.905,0.875,3.0,True,5.06,1960.0,True
Denmark,1967,4838800.0,Europe,72.96,15937.21123,1.9,True,0.907,0.879,3.0,True,5.72,1965.0,True
Denmark,1972,4991596.0,Europe,73.47,18866.20721,1.49,True,0.91,0.882,3.0,True,6.78,1970.0,True
Denmark,1977,5088419.0,Europe,74.69,20422.9015,1.11,True,0.907,0.879,3.0,True,7.46,1975.0,True
Denmark,1982,5117810.0,Europe,74.63,21688.04048,0.96,True,0.907,0.88,3.0,True,8.14,1980.0,True
Denmark,1987,5127024.0,Europe,74.8,25116.17581,0.97,True,0.909,0.881,3.0,True,8.77,1985.0,True
Denmark,1992,5171393.0,Europe,75.33,26406.73985,0.79,True,0.908,0.88,3.0,True,9.35,1990.0,True
Denmark,1997,5283663.0,Europe,76.11,29804.34567,0.6,True,0.911,0.883,3.0,True,10.04,1995.0,True
Denmark,2002,5374693.0,Europe,77.18,32166.50006,0.54,True,0.91,0.883,3.0,True,10.77,2000.0,True
Denmark,2007,5468120.0,Europe,78.332,35278.41874,0.45,True,0.923,0.897,3.0,True,11.1,2005.0,True
Djibouti,1952,63149.0,Africa,34.812,2669.529475,,True,0.054,0.028,0.0,True,,,False
Djibouti,1957,71851.0,Africa,37.328,2864.969076,,True,0.102,0.033,0.0,True,,,False
Djibouti,1962,89898.0,Africa,39.693,3020.989263,,True,0.103,0.033,0.0,True,,,False
Djibouti,1967,127617.0,Africa,42.074,3020.050513,,True,0.103,0.032,0.0,True,,,False
Djibouti,1972,178848.0,Africa,44.366,3694.212352,,True,0.1,0.031,0.0,True,,,False
Djibouti,1977,228694.0,Africa,46.519,3081.761022,16.45,True,0.132,0.047,1.0,True,,,False
Djibouti,1982,305991.0,Africa,48.812,2879.468067,14.27,True,0.179,0.084,0.0,True,,,False
Djibouti,1987,311025.0,Africa,50.04,2880.102568,12.38,True,0.18,0.084,1.0,True,,,False
Djibouti,1992,384156.0,Africa,51.604,2377.156192,11.13,True,0.227,0.105,1.0,True,,,False
Djibouti,1997,417908.0,Africa,53.157,1895.016984,10.4,True,0.24,0.11,1.0,True,,,False
Djibouti,2002,447416.0,Africa,53.373,1908.260867,9.4,True,0.266,0.121,1.0,True,,,False
Djibouti,2007,496374.0,Africa,54.791,2082.481567,8.23,True,0.244,0.115,1.0,True,,,False
Dominican Republic,1952,2491346.0,Americas,45.928,1397.717137,14.64,True,0.15,0.031,0.0,True,2.52,1950.0,True
Dominican Republic,1957,2923186.0,Americas,49.828,1544.402995,14.89,True,0.15,0.031,0.0,True,2.57,1955.0,True
Dominican Republic,1962,3453434.0,Americas,53.459,1662.137359,14.54,True,0.171,0.067,1.0,True,2.76,1960.0,True
Dominican Republic,1967,4049146.0,Americas,56.751,1653.723003,13.29,True,0.264,0.08,1.0,True,3.09,1965.0,True
Dominican Republic,1972,4671329.0,Americas,59.631,2189.874499,11.68,True,0.267,0.083,1.0,True,3.63,1970.0,True
Dominican Republic,1977,5302800.0,Americas,61.788,2681.9889,9.71,True,0.272,0.086,1.0,True,4.19,1975.0,True
Dominican Republic,1982,5968349.0,Americas,63.727,2861.092386,8.05,True,0.502,0.288,2.0,True,4.87,1980.0,True
Dominican Republic,1987,6655297.0,Americas,66.046,2899.842175,6.67,True,0.508,0.247,2.0,True,5.4,1985.0,True
Dominican Republic,1992,7351181.0,Americas,68.457,3044.214214,5.44,True,0.424,0.215,1.0,True,6.0,1990.0,True
Dominican Republic,1997,7992357.0,Americas,69.957,3614.101285,4.38,True,0.614,0.331,2.0,True,6.32,1995.0,True
Dominican Republic,2002,8650322.0,Americas,70.847,4563.808154,3.77,True,0.66,0.35,2.0,True,6.72,2000.0,True
Dominican Republic,2007,9319622.0,Americas,72.235,6025.374752,3.53,True,0.635,0.344,2.0,True,7.2,2005.0,True
Ecuador,1952,3548753.0,Americas,48.357,3522.110717,,True,0.356,0.18,1.0,True,2.55,1950.0,True
Ecuador,1957,4058385.0,Americas,51.356,3780.546651,19.45,True,0.373,0.187,1.0,True,2.87,1955.0,True
Ecuador,1962,4681707.0,Americas,54.64,4086.114078,16.55,True,0.368,0.186,1.0,True,3.22,1960.0,True
Ecuador,1967,5432424.0,Americas,56.678,4579.074215,14.54,True,0.181,0.125,0.0,True,3.9,1965.0,True
Ecuador,1972,6298651.0,Americas,58.796,5280.99471,12.92,True,0.175,0.075,0.0,True,4.42,1970.0,True
Ecuador,1977,7278866.0,Americas,61.31,6679.62326,10.44,True,0.148,0.07,0.0,True,4.92,1975.0,True
Ecuador,1982,8365850.0,Americas,64.342,7213.791267,8.21,True,0.685,0.441,2.0,True,6.15,1980.0,True
Ecuador,1987,9545158.0,Americas,67.231,6481.776993,6.24,True,0.677,0.41,2.0,True,6.56,1985.0,True
Ecuador,1992,10748394.0,Americas,69.613,7103.702595,4.84,True,0.718,0.472,2.0,True,7.0,1990.0,True
Ecuador,1997,11911819.0,Americas,72.312,7429.455877,3.56,True,0.703,0.459,2.0,True,7.1,1995.0,True
Ecuador,2002,12921234.0,Americas,74.173,5773.044512,2.66,True,0.691,0.455,2.0,True,7.1,2000.0,True
Ecuador,2007,13755680.0,Americas,74.994,6873.262326,2.18,True,0.671,0.409,2.0,True,7.37,2005.0,True
Egypt,1952,22223309.0,Africa,41.893,1418.822445,,True,0.15,0.179,1.0,True,0.52,1950.0,True
Egypt,1957,25009741.0,Africa,44.444,1458.915272,35.43,True,0.168,0.139,0.0,True,0.67,1955.0,True
Egypt,1962,28173309.0,Africa,46.992,1693.335853,30.34,True,0.126,0.1,0.0,True,0.81,1960.0,True
Egypt,1967,31681188.0,Africa,49.293,1814.880728,26.25,True,0.182,0.143,0.0,True,1.04,1965.0,True
Egypt,1972,34807417.0,Africa,51.137,2024.008147,24.15,True,0.197,0.165,0.0,True,1.31,1970.0,True
Egypt,1977,38783863.0,Africa,53.319,2785.493582,19.97,True,0.209,0.165,1.0,True,1.69,1975.0,True
Egypt,1982,45681811.0,Africa,56.006,3503.729636,14.99,True,0.216,0.174,1.0,True,2.65,1980.0,True
Egypt,1987,52799062.0,Africa,59.797,3885.46071,10.29,True,0.219,0.173,1.0,True,3.76,1985.0,True
Egypt,1992,59402198.0,Africa,63.674,3794.755195,7.75,True,0.211,0.162,1.0,True,4.41,1990.0,True
Egypt,1997,66134291.0,Africa,67.217,4173.181797,5.69,True,0.214,0.16,1.0,True,5.12,1995.0,True
Egypt,2002,73312559.0,Africa,69.806,4754.604414,4.25,True,0.208,0.154,1.0,True,6.03,2000.0,True
Egypt,2007,80264543.0,Africa,71.338,5581.180998,3.42,True,0.214,0.156,1.0,True,6.66,2005.0,True
El Salvador,1952,2042865.0,Americas,45.262,3048.3029,,True,0.183,0.067,0.0,True,1.53,1950.0,True
El Salvador,1957,2355805.0,Americas,48.57,3421.523218,21.42,True,0.179,0.066,1.0,True,1.68,1955.0,True
El Salvador,1962,2747687.0,Americas,52.307,3776.803627,19.24,True,0.157,0.061,1.0,True,1.97,1960.0,True
El Salvador,1967,3232927.0,Americas,55.855,4358.595393,17.12,True,0.193,0.067,1.0,True,2.36,1965.0,True
El Salvador,1972,3790903.0,Americas,58.207,4520.246008,14.97,True,0.182,0.061,1.0,True,2.83,1970.0,True
El Salvador,1977,4282586.0,Americas,56.696,5138.922374,12.39,True,0.173,0.055,1.0,True,3.24,1975.0,True
El Salvador,1982,4474873.0,Americas,56.604,4098.344175,9.58,True,0.129,0.047,0.0,True,3.59,1980.0,True
El Salvador,1987,4842194.0,Americas,63.154,4140.442097,7.08,True,0.199,0.079,1.0,True,4.25,1985.0,True
El Salvador,1992,5274649.0,Americas,66.798,4444.2317,5.3,True,0.271,0.139,1.0,True,4.67,1990.0,True
El Salvador,1997,5783439.0,Americas,69.535,5154.825496,3.89,True,0.489,0.278,1.0,True,5.42,1995.0,True
El Salvador,2002,6353681.0,Americas,70.734,5351.568666,2.86,True,0.547,0.333,2.0,True,6.59,2000.0,True
El Salvador,2007,6939688.0,Americas,71.878,5728.353514,2.15,True,0.566,0.35,2.0,True,7.34,2005.0,True
Equatorial Guinea,1952,216964.0,Africa,34.482,375.6431231,,True,0.019,0.018,0.0,True,,,False
Equatorial Guinea,1957,232922.0,Africa,35.983,426.0964081,,True,0.02,0.018,0.0,True,,,False
Equatorial Guinea,1962,249220.0,Africa,37.485,582.8419714,,True,0.039,0.039,0.0,True,,,False
Equatorial Guinea,1967,259864.0,Africa,38.987,915.5960025,,True,0.047,0.049,0.0,True,,,False
Equatorial Guinea,1972,277603.0,Africa,40.516,672.4122571,,True,0.1,0.008,1.0,True,,,False
Equatorial Guinea,1977,192675.0,Africa,42.024,958.5668124,,True,0.069,0.008,1.0,True,,,False
Equatorial Guinea,1982,285483.0,Africa,43.662,927.8253427,19.86,True,0.103,0.029,0.0,True,,,False
Equatorial Guinea,1987,341244.0,Africa,45.664,966.8968149,18.15,True,0.147,0.046,0.0,True,,,False
Equatorial Guinea,1992,387838.0,Africa,47.545,1132.055034,17.39,True,0.163,0.05,0.0,True,,,False
Equatorial Guinea,1997,439971.0,Africa,48.245,2814.480755,16.53,True,0.182,0.052,1.0,True,,,False
Equatorial Guinea,2002,495627.0,Africa,49.348,7703.4959,14.59,True,0.187,0.054,1.0,True,,,False
Equatorial Guinea,2007,551201.0,Africa,51.579,12154.08975,12.26,True,0.183,0.054,1.0,True,,,False
Eritrea,1952,1438760.0,Africa,35.928,328.9405571,,True,0.125,0.075,0.0,True,,,False
Eritrea,1957,1542611.0,Africa,38.047,344.1618859,,True,0.125,0.094,0.0,True,,,False
Eritrea,1962,1666618.0,Africa,40.158,380.9958433,,True,0.105,0.042,0.0,True,,,False
Eritrea,1967,1820319.0,Africa,42.189,468.7949699,,True,0.086,0.025,0.0,True,,,False
Eritrea,1972,2260187.0,Africa,44.142,514.3242082,21.3,True,0.083,0.024,0.0,True,,,False
Eritrea,1977,2512642.0,Africa,44.535,505.7538077,20.6,True,0.073,0.011,0.0,True,,,False
Eritrea,1982,2637297.0,Africa,43.89,524.8758493,18.94,True,0.073,0.01,0.0,True,,,False
Eritrea,1987,2915959.0,Africa,46.453,521.1341333,17.09,True,0.072,0.009,0.0,True,,,False
Eritrea,1992,3668440.0,Africa,49.991,582.8585102,13.86,True,0.096,0.042,0.0,True,,,False
Eritrea,1997,4058319.0,Africa,53.378,913.47079,10.08,True,0.132,0.04,0.0,True,,,False
Eritrea,2002,4414865.0,Africa,55.24,765.3500015,7.73,True,0.084,0.011,0.0,True,,,False
Eritrea,2007,4906585.0,Africa,58.04,641.3695236,6.2,True,0.067,0.005,0.0,True,,,False
Ethiopia,1952,20860941.0,Africa,34.078,362.1462796,,True,0.014,0.024,0.0,True,,,False
Ethiopia,1957,22815614.0,Africa,36.667,378.9041632,,True,0.093,0.034,0.0,True,,,False
Ethiopia,1962,25145372.0,Africa,40.059,419.4564161,,True,0.094,0.035,0.0,True,,,False
Ethiopia,1967,27860297.0,Africa,42.115,516.1186438,25.08,True,0.094,0.035,0.0,True,,,False
Ethiopia,1972,30770372.0,Africa,43.515,566.2439442,28.9,True,0.094,0.036,0.0,True,,,False
Ethiopia,1977,34617799.0,Africa,44.51,556.8083834,24.64,True,0.072,0.015,0.0,True,,,False
Ethiopia,1982,38111756.0,Africa,44.916,577.8607471,23.58,True,0.072,0.016,0.0,True,,,False
Ethiopia,1987,42999530.0,Africa,46.684,573.7413142,21.51,True,0.099,0.018,0.0,True,,,False
Ethiopia,1992,52088559.0,Africa,48.091,421.3534653,19.15,True,0.231,0.097,0.0,True,,,False
Ethiopia,1997,59861301.0,Africa,49.402,515.8894013,15.9,True,0.243,0.112,1.0,True,,,False
Ethiopia,2002,67946797.0,Africa,50.725,530.0535319,12.74,True,0.243,0.111,1.0,True,,,False
Ethiopia,2007,76511887.0,Africa,52.947,690.8055759,9.69,True,0.243,0.112,1.0,True,,,False
Finland,1952,4090500.0,Europe,66.55,6424.519071,4.1,True,0.815,0.766,3.0,True,3.86,1950.0,True
Finland,1957,4324000.0,Europe,67.49,7545.415386,3.22,True,0.811,0.762,3.0,True,4.01,1955.0,True
Finland,1962,4491443.0,Europe,68.75,9371.842561,2.38,True,0.809,0.761,3.0,True,4.18,1960.0,True
Finland,1967,4605744.0,Europe,69.83,10921.63626,1.84,True,0.815,0.767,3.0,True,4.84,1965.0,True
Finland,1972,4639657.0,Europe,70.87,14358.8759,1.46,True,0.811,0.764,3.0,True,5.73,1970.0,True
Finland,1977,4738902.0,Europe,72.52,15605.42283,1.06,True,0.817,0.767,3.0,True,6.74,1975.0,True
Finland,1982,4826933.0,Europe,74.55,18533.15761,0.79,True,0.841,0.792,3.0,True,7.56,1980.0,True
Finland,1987,4931729.0,Europe,74.83,21141.01223,0.72,True,0.844,0.801,3.0,True,7.44,1985.0,True
Finland,1992,5041039.0,Europe,75.7,20647.16499,0.61,True,0.864,0.824,3.0,True,7.55,1990.0,True
Finland,1997,5134406.0,Europe,77.13,23723.9502,0.47,True,0.874,0.835,3.0,True,8.59,1995.0,True
Finland,2002,5193039.0,Europe,78.37,28204.59057,0.41,True,0.871,0.832,3.0,True,9.09,2000.0,True
Finland,2007,5238460.0,Europe,79.313,33207.0844,0.35,True,0.881,0.842,3.0,True,9.51,2005.0,True
France,1952,42459667.0,Europe,67.41,7029.809327,4.97,True,0.752,0.638,3.0,True,4.33,1950.0,True
France,1957,44310863.0,Europe,68.93,8662.834898,3.48,True,0.751,0.631,3.0,True,4.45,1955.0,True
France,1962,47124000.0,Europe,70.51,10560.48553,2.57,True,0.75,0.634,3.0,True,4.2,1960.0,True
France,1967,49569000.0,Europe,71.55,12999.91766,2.06,True,0.782,0.67,3.0,True,4.65,1965.0,True
France,1972,51732000.0,Europe,72.38,16107.19171,1.66,True,0.83,0.745,3.0,True,4.75,1970.0,True
France,1977,53165019.0,Europe,73.83,18292.63514,1.39,True,0.853,0.769,3.0,True,5.76,1975.0,True
France,1982,54433565.0,Europe,74.89,20293.89746,1.15,True,0.868,0.789,3.0,True,5.96,1980.0,True
France,1987,55630100.0,Europe,76.34,22066.44214,0.98,True,0.868,0.788,3.0,True,6.91,1985.0,True
France,1992,57374179.0,Europe,77.46,24703.79615,0.81,True,0.877,0.801,3.0,True,7.65,1990.0,True
France,1997,58623428.0,Europe,78.64,25889.78487,0.58,True,0.876,0.798,3.0,True,8.82,1995.0,True
France,2002,59925035.0,Europe,79.59,28926.03234,0.51,True,0.875,0.798,3.0,True,9.75,2000.0,True
France,2007,61083916.0,Europe,80.657,30470.0167,0.44,True,0.878,0.805,3.0,True,10.12,2005.0,True
Gabon,1952,420702.0,Africa,37.003,4293.476475,28.22,True,0.098,0.062,0.0,True,0.47,1950.0,True
Gabon,1957,434904.0,Africa,38.999,4976.198099,24.09,True,0.146,0.07,0.0,True,0.82,1955.0,True
Gabon,1962,455661.0,Africa,40.489,6631.459222,20.47,True,0.211,0.115,1.0,True,1.01,1960.0,True
Gabon,1967,489004.0,Africa,44.598,8358.761987,17.34,True,0.133,0.091,0.0,True,1.42,1965.0,True
Gabon,1972,537977.0,Africa,48.69,11401.94841,14.67,True,0.187,0.103,0.0,True,1.82,1970.0,True
Gabon,1977,706367.0,Africa,52.79,21745.57328,12.37,True,0.185,0.103,1.0,True,2.6,1975.0,True
Gabon,1982,753874.0,Africa,56.564,15113.36194,10.4,True,0.182,0.103,1.0,True,3.31,1980.0,True
Gabon,1987,880397.0,Africa,60.19,11864.40844,8.96,True,0.182,0.104,0.0,True,4.3,1985.0,True
Gabon,1992,985739.0,Africa,61.366,13522.15752,8.18,True,0.324,0.199,1.0,True,5.25,1990.0,True
Gabon,1997,1126189.0,Africa,60.461,14722.84188,7.74,True,0.342,0.204,1.0,True,6.25,1995.0,True
Gabon,2002,1299304.0,Africa,56.761,12521.71392,6.96,True,0.347,0.202,1.0,True,7.02,2000.0,True
Gabon,2007,1454867.0,Africa,56.735,13206.48452,5.97,True,0.353,0.205,1.0,True,7.71,2005.0,True
Gambia,1952,284320.0,Africa,30.0,485.2306591,,True,0.158,0.142,0.0,True,0.4,1950.0,True
Gambia,1957,323150.0,Africa,32.065,520.9267111,38.25,True,0.16,0.143,0.0,True,0.43,1955.0,True
Gambia,1962,374020.0,Africa,33.896,599.650276,34.64,True,0.285,0.205,1.0,True,0.47,1960.0,True
Gambia,1967,439593.0,Africa,35.857,734.7829124,31.4,True,0.444,0.304,1.0,True,0.52,1965.0,True
Gambia,1972,517101.0,Africa,38.308,756.0868363,28.25,True,0.475,0.338,1.0,True,0.57,1970.0,True
Gambia,1977,608274.0,Africa,41.842,884.7552507,24.95,True,0.458,0.328,1.0,True,0.73,1975.0,True
Gambia,1982,715523.0,Africa,45.58,835.8096108,21.72,True,0.454,0.319,1.0,True,0.97,1980.0,True
Gambia,1987,848406.0,Africa,49.265,611.6588611,18.42,True,0.471,0.334,1.0,True,1.27,1985.0,True
Gambia,1992,1025384.0,Africa,52.644,665.6244126,15.49,True,0.467,0.332,1.0,True,1.75,1990.0,True
Gambia,1997,1235767.0,Africa,55.861,653.7301704,12.76,True,0.248,0.126,1.0,True,2.45,1995.0,True
Gambia,2002,1457766.0,Africa,58.041,660.5855997,10.36,True,0.257,0.123,1.0,True,2.64,2000.0,True
Gambia,2007,1688359.0,Africa,59.448,752.7497265,8.3,True,0.243,0.114,1.0,True,3.25,2005.0,True
Germany,1952,69145952.0,Europe,67.5,7144.114393,,True,0.801,0.755,3.0,True,6.8,1950.0,True
Germany,1957,71019069.0,Europe,69.1,10187.82665,,True,0.837,0.791,3.0,True,7.43,1955.0,True
Germany,1962,73739117.0,Europe,70.3,12902.46291,,True,0.842,0.795,3.0,True,7.49,1960.0,True
Germany,1967,76368453.0,Europe,70.8,14745.62561,2.92,True,0.851,0.802,3.0,True,7.43,1965.0,True
Germany,1972,78717088.0,Europe,71.0,18016.18027,2.4,True,0.861,0.816,3.0,True,7.05,1970.0,True
Germany,1977,78160773.0,Europe,72.5,20512.92123,1.83,True,0.858,0.813,3.0,True,6.98,1975.0,True
Germany,1982,78335266.0,Europe,73.8,22031.53274,1.32,True,0.869,0.825,3.0,True,7.03,1980.0,True
Germany,1987,77718298.0,Europe,74.847,24639.18566,1.01,True,0.87,0.827,3.0,True,7.18,1985.0,True
Germany,1992,80597764.0,Europe,76.07,26505.30317,0.76,True,0.896,0.858,3.0,True,8.6,1990.0,True
Germany,1997,82011073.0,Europe,77.34,27788.88416,0.59,True,0.896,0.857,3.0,True,9.44,1995.0,True
Germany,2002,82350671.0,Europe,78.67,30035.80198,0.51,True,0.896,0.857,3.0,True,10.06,2000.0,True
Germany,2007,82400996.0,Europe,79.406,32170.37442,0.45,True,0.906,0.869,3.0,True,11.65,2005.0,True
Ghana,1952,5581001.0,Africa,43.149,911.2989371,24.1,True,0.291,0.206,0.0,True,0.68,1950.0,True
Ghana,1957,6391288.0,Africa,44.779,1043.561537,21.76,True,0.436,0.308,1.0,True,0.8,1955.0,True
Ghana,1962,7355248.0,Africa,46.452,1190.041118,20.52,True,0.296,0.226,1.0,True,1.05,1960.0,True
Ghana,1967,8490213.0,Africa,48.072,1125.69716,20.3,True,0.142,0.099,0.0,True,1.95,1965.0,True
Ghana,1972,9354120.0,Africa,49.875,1178.223708,19.92,True,0.148,0.11,0.0,True,3.06,1970.0,True
Ghana,1977,10538093.0,Africa,51.756,993.2239571,17.75,True,0.113,0.091,0.0,True,3.86,1975.0,True
Ghana,1982,11400338.0,Africa,53.744,876.032569,16.49,True,0.11,0.076,0.0,True,4.53,1980.0,True
Ghana,1987,14168101.0,Africa,55.729,847.0061135,14.43,True,0.101,0.082,0.0,True,5.2,1985.0,True
Ghana,1992,16278738.0,Africa,57.501,925.060154,12.02,True,0.174,0.114,1.0,True,5.65,1990.0,True
Ghana,1997,18418288.0,Africa,58.556,1005.245812,11.03,True,0.602,0.51,2.0,True,5.89,1995.0,True
Ghana,2002,20550751.0,Africa,58.453,1111.984578,9.19,True,0.733,0.635,2.0,True,6.44,2000.0,True
Ghana,2007,22873338.0,Africa,60.022,1327.60891,7.62,True,0.738,0.64,3.0,True,7.01,2005.0,True
Greece,1952,7733250.0,Europe,65.86,3530.690067,5.6,True,0.314,0.255,1.0,True,4.14,1950.0,True
Greece,1957,8096218.0,Europe,67.86,4916.299889,4.92,True,0.386,0.309,1.0,True,5.49,1955.0,True
Greece,1962,8448233.0,Europe,69.51,6017.190733,4.39,True,0.375,0.304,1.0,True,7.39,1960.0,True
Greece,1967,8716441.0,Europe,71.0,8513.097016,3.71,True,0.116,0.098,0.0,True,6.41,1965.0,True
Greece,1972,8888628.0,Europe,72.34,12724.82957,2.84,True,0.074,0.066,0.0,True,6.52,1970.0,True
Greece,1977,9308479.0,Europe,73.68,14195.52428,2.38,True,0.829,0.733,3.0,True,6.79,1975.0,True
Greece,1982,9786480.0,Europe,75.24,15268.42089,1.72,True,0.851,0.757,3.0,True,7.1,1980.0,True
Greece,1987,9974490.0,Europe,76.67,16120.52839,1.27,True,0.865,0.771,3.0,True,7.89,1985.0,True
Greece,1992,10325429.0,Europe,77.03,17541.49634,0.95,True,0.882,0.792,3.0,True,8.58,1990.0,True
Greece,1997,10502372.0,Europe,77.869,18747.69814,0.77,True,0.885,0.798,3.0,True,8.73,1995.0,True
Greece,2002,10603863.0,Europe,78.256,22514.2548,0.56,True,0.889,0.806,3.0,True,8.89,2000.0,True
Greece,2007,10706290.0,Europe,79.483,27538.41188,0.41,True,0.895,0.805,3.0,True,9.9,2005.0,True
Guatemala,1952,3146381.0,Americas,42.023,2428.237769,,True,0.382,0.226,1.0,True,1.31,1950.0,True
Guatemala,1957,3640876.0,Americas,44.142,2617.155967,23.76,True,0.101,0.068,0.0,True,1.36,1955.0,True
Guatemala,1962,4208858.0,Americas,46.954,2750.364446,21.04,True,0.155,0.076,0.0,True,1.4,1960.0,True
Guatemala,1967,4690773.0,Americas,50.016,3242.531147,18.55,True,0.184,0.089,1.0,True,1.48,1965.0,True
Guatemala,1972,5149581.0,Americas,53.738,4031.408271,16.03,True,0.171,0.078,1.0,True,1.72,1970.0,True
Guatemala,1977,5703430.0,Americas,56.029,4879.992748,13.57,True,0.169,0.077,1.0,True,2.01,1975.0,True
Guatemala,1982,6395630.0,Americas,58.137,4820.49479,13.61,True,0.11,0.05,1.0,True,2.86,1980.0,True
Guatemala,1987,7326406.0,Americas,60.782,4246.485974,9.14,True,0.367,0.199,1.0,True,3.16,1985.0,True
Guatemala,1992,8486949.0,Americas,63.373,4439.45084,7.31,True,0.386,0.211,1.0,True,3.53,1990.0,True
Guatemala,1997,9803875.0,Americas,66.322,4684.313807,5.87,True,0.491,0.287,1.0,True,3.8,1995.0,True
Guatemala,2002,11178650.0,Americas,68.978,4858.347495,4.77,True,0.546,0.366,2.0,True,4.1,2000.0,True
Guatemala,2007,12572928.0,Americas,70.259,5186.050003,3.91,True,0.568,0.391,2.0,True,3.97,2005.0,True
Guinea,1952,2664249.0,Africa,33.609,510.1964923,35.58,True,0.112,0.041,0.0,True,,,False
Guinea,1957,2876726.0,Africa,34.558,576.2670245,35.2,True,0.162,0.057,0.0,True,,,False
Guinea,1962,3140003.0,Africa,35.753,686.3736739,34.22,True,0.155,0.039,0.0,True,,,False
Guinea,1967,3451418.0,Africa,37.197,708.7595409,32.93,True,0.143,0.036,0.0,True,,,False
Guinea,1972,3811387.0,Africa,38.842,741.6662307,31.46,True,0.142,0.035,0.0,True,,,False
Guinea,1977,4227026.0,Africa,40.762,874.6858643,29.54,True,0.142,0.035,0.0,True,,,False
Guinea,1982,4710497.0,Africa,42.891,857.2503577,27.15,True,0.143,0.036,0.0,True,,,False
Guinea,1987,5650262.0,Africa,45.552,805.5724718,24.84,True,0.098,0.038,0.0,True,,,False
Guinea,1992,6990574.0,Africa,48.576,794.3484384,22.11,True,0.164,0.077,0.0,True,,,False
Guinea,1997,8048834.0,Africa,51.455,869.4497668,18.66,True,0.256,0.105,1.0,True,,,False
Guinea,2002,8807818.0,Africa,53.676,945.5835837,15.27,True,0.265,0.108,1.0,True,,,False
Guinea,2007,9947814.0,Africa,56.007,942.6542111,12.97,True,0.265,0.119,1.0,True,,,False
Guinea-Bissau,1952,580653.0,Africa,32.5,299.850319,28.64,True,0.007,0.013,0.0,True,,,False
Guinea-Bissau,1957,601095.0,Africa,33.489,431.7904566,28.71,True,0.009,0.013,0.0,True,,,False
Guinea-Bissau,1962,627820.0,Africa,34.488,522.0343725,28.55,True,0.012,0.013,0.0,True,,,False
Guinea-Bissau,1967,601287.0,Africa,35.492,715.5806402,28.1,True,0.012,0.013,0.0,True,,,False
Guinea-Bissau,1972,625361.0,Africa,36.486,820.2245876,27.32,True,0.012,0.024,0.0,True,,,False
Guinea-Bissau,1977,745228.0,Africa,37.465,764.7259628,26.35,True,0.126,0.058,0.0,True,,,False
Guinea-Bissau,1982,825987.0,Africa,39.327,838.1239671,25.04,True,0.094,0.046,0.0,True,,,False
Guinea-Bissau,1987,927524.0,Africa,41.245,736.4153921,23.67,True,0.094,0.047,0.0,True,,,False
Guinea-Bissau,1992,1050938.0,Africa,43.266,745.5398706,21.45,True,0.131,0.058,0.0,True,,,False
Guinea-Bissau,1997,1193708.0,Africa,44.873,796.6644681,19.0,True,0.36,0.208,1.0,True,,,False
Guinea-Bissau,2002,1332459.0,Africa,45.504,575.7047176,16.36,True,0.438,0.249,1.0,True,,,False
Guinea-Bissau,2007,1472041.0,Africa,46.388,579.231743,13.28,True,0.449,0.273,1.0,True,,,False
Haiti,1952,3201488.0,Americas,37.579,1840.366939,,True,0.216,0.103,1.0,True,0.59,1950.0,True
Haiti,1957,3507701.0,Americas,40.696,1726.887882,30.92,True,0.127,0.031,1.0,True,0.67,1955.0,True
Haiti,1962,3880130.0,Americas,43.59,1796.589032,28.43,True,0.145,0.029,0.0,True,0.8,1960.0,True
Haiti,1967,4318137.0,Americas,46.243,1452.057666,26.09,True,0.144,0.029,0.0,True,0.95,1965.0,True
Haiti,1972,4698301.0,Americas,48.042,1654.456946,23.49,True,0.15,0.033,0.0,True,1.18,1970.0,True
Haiti,1977,4908554.0,Americas,49.923,1874.298931,20.63,True,0.15,0.033,0.0,True,1.5,1975.0,True
Haiti,1982,5198399.0,Americas,51.461,2011.159549,18.05,True,0.149,0.033,0.0,True,1.99,1980.0,True
Haiti,1987,5756203.0,Americas,53.636,1823.015995,15.71,True,0.19,0.068,1.0,True,2.94,1985.0,True
Haiti,1992,6326682.0,Americas,55.089,1456.309517,13.62,True,0.175,0.075,0.0,True,3.43,1990.0,True
Haiti,1997,6913545.0,Americas,56.671,1341.726931,11.47,True,0.437,0.276,1.0,True,3.92,1995.0,True
Haiti,2002,7607651.0,Americas,58.137,1270.364932,9.62,True,0.409,0.254,1.0,True,4.33,2000.0,True
Haiti,2007,8502814.0,Americas,60.916,1201.637154,8.41,True,0.446,0.285,1.0,True,4.81,2005.0,True
Honduras,1952,1517453.0,Americas,41.912,2194.926204,,True,0.246,0.12,1.0,True,1.64,1950.0,True
Honduras,1957,1770390.0,Americas,44.665,2220.487682,22.82,True,0.191,0.086,1.0,True,1.75,1955.0,True
Honduras,1962,2090162.0,Americas,48.041,2291.156835,19.34,True,0.18,0.088,0.0,True,1.92,1960.0,True
Honduras,1967,2500689.0,Americas,50.924,2538.269358,16.3,True,0.14,0.056,0.0,True,2.1,1965.0,True
Honduras,1972,2965146.0,Americas,53.884,2529.842345,13.49,True,0.252,0.108,1.0,True,2.33,1970.0,True
Honduras,1977,3055235.0,Americas,57.402,3203.208066,10.91,True,0.139,0.063,0.0,True,2.64,1975.0,True
Honduras,1982,3669448.0,Americas,60.909,3121.760794,8.64,True,0.371,0.171,1.0,True,3.62,1980.0,True
Honduras,1987,4372203.0,Americas,64.492,3023.096699,6.75,True,0.404,0.194,1.0,True,4.49,1985.0,True
Honduras,1992,5077347.0,Americas,66.399,3081.694603,5.31,True,0.491,0.265,1.0,True,4.89,1990.0,True
Honduras,1997,5867957.0,Americas,67.659,3160.454906,4.26,True,0.548,0.3,2.0,True,5.26,1995.0,True
Honduras,2002,6677328.0,Americas,68.565,3099.72866,3.4,True,0.557,0.327,2.0,True,5.65,2000.0,True
Honduras,2007,7483763.0,Americas,70.198,3548.330846,2.74,True,0.524,0.315,2.0,True,6.03,2005.0,True
"Hong Kong, China",1952,2125900.0,Asia,60.96,3054.421209,,False,0.151,0.173,0.0,True,4.36,1950.0,True
"Hong Kong, China",1957,2736300.0,Asia,64.75,3629.076457,,False,0.153,0.174,0.0,True,4.64,1955.0,True
"Hong Kong, China",1962,3305200.0,Asia,67.65,4692.648272,,False,0.163,0.182,0.0,True,4.89,1960.0,True
"Hong Kong, China",1967,3722800.0,Asia,70.0,6197.962814,,False,0.161,0.18,0.0,True,5.71,1965.0,True
"Hong Kong, China",1972,4115700.0,Asia,72.0,8315.928145,,False,0.167,0.188,0.0,True,6.3,1970.0,True
"Hong Kong, China",1977,4583700.0,Asia,73.6,11186.14125,,False,0.17,0.195,0.0,True,6.91,1975.0,True
"Hong Kong, China",1982,5264500.0,Asia,75.45,14560.53051,,False,0.186,0.203,0.0,True,7.97,1980.0,True
"Hong Kong, China",1987,5584510.0,Asia,76.2,20038.47269,,False,0.198,0.213,0.0,True,8.7,1985.0,True
"Hong Kong, China",1992,5829696.0,Asia,77.601,24757.60301,,False,0.375,0.315,0.0,True,9.39,1990.0,True
"Hong Kong, China",1997,6495918.0,Asia,80.0,28377.63219,,False,0.37,0.319,0.0,True,9.41,1995.0,True
"Hong Kong, China",2002,6762476.0,Asia,81.495,30209.01516,,False,0.372,0.323,0.0,True,9.31,2000.0,True
"Hong Kong, China",2007,6980412.0,Asia,82.208,39724.97867,,False,0.37,0.32,0.0,True,11.18,2005.0,True
Hungary,1952,9504000.0,Europe,64.03,5263.673816,8.25,True,0.117,0.069,0.0,True,7.13,1950.0,True
Hungary,1957,9839000.0,Europe,66.41,6040.180011,6.34,True,0.121,0.07,0.0,True,7.27,1955.0,True
Hungary,1962,10063000.0,Europe,67.96,7550.359877,4.94,True,0.126,0.085,0.0,True,7.43,1960.0,True
Hungary,1967,10223422.0,Europe,69.5,9326.64467,4.2,True,0.131,0.093,0.0,True,7.6,1965.0,True
Hungary,1972,10394091.0,Europe,69.76,10168.65611,3.82,True,0.132,0.1,0.0,True,8.08,1970.0,True
Hungary,1977,10637171.0,Europe,69.95,11674.83737,2.93,True,0.132,0.1,0.0,True,8.57,1975.0,True
Hungary,1982,10705535.0,Europe,69.39,12545.99066,2.2,True,0.136,0.103,0.0,True,9.0,1980.0,True
Hungary,1987,10612740.0,Europe,69.58,12986.47998,1.97,True,0.152,0.11,0.0,True,8.99,1985.0,True
Hungary,1992,10348684.0,Europe,69.17,10535.62855,1.57,True,0.846,0.757,3.0,True,8.79,1990.0,True
Hungary,1997,10244684.0,Europe,71.04,11712.7768,1.15,True,0.849,0.759,3.0,True,10.41,1995.0,True
Hungary,2002,10083313.0,Europe,72.59,14843.93556,0.9,True,0.847,0.757,3.0,True,11.2,2000.0,True
Hungary,2007,9956108.0,Europe,73.338,18008.94444,0.68,True,0.853,0.768,3.0,True,11.66,2005.0,True
Iceland,1952,147962.0,Europe,72.49,7267.688428,2.77,True,0.802,0.693,3.0,True,5.7,1950.0,True
Iceland,1957,165110.0,Europe,73.47,9244.001412,2.29,True,0.807,0.698,3.0,True,5.88,1955.0,True
Iceland,1962,182053.0,Europe,73.68,10350.15906,2.07,True,0.81,0.703,3.0,True,6.14,1960.0,True
Iceland,1967,198676.0,Europe,73.73,13319.89568,1.79,True,0.825,0.716,3.0,True,6.56,1965.0,True
Iceland,1972,209275.0,Europe,74.46,15798.06362,1.48,True,0.822,0.715,3.0,True,7.01,1970.0,True
Iceland,1977,221823.0,Europe,76.11,19654.96247,1.15,True,0.829,0.72,3.0,True,7.43,1975.0,True
Iceland,1982,233997.0,Europe,76.99,23269.6075,0.87,True,0.848,0.741,3.0,True,7.88,1980.0,True
Iceland,1987,244676.0,Europe,77.23,26923.20628,0.71,True,0.861,0.768,3.0,True,8.33,1985.0,True
Iceland,1992,259012.0,Europe,78.77,25144.39201,0.59,True,0.864,0.775,3.0,True,8.78,1990.0,True
Iceland,1997,271192.0,Europe,78.95,28061.09966,0.46,True,0.868,0.779,3.0,True,9.23,1995.0,True
Iceland,2002,288030.0,Europe,80.5,31163.20196,0.35,True,0.874,0.786,3.0,True,9.67,2000.0,True
Iceland,2007,301931.0,Europe,81.757,36180.78919,0.28,True,0.876,0.788,3.0,True,10.42,2005.0,True
India,1952,372000000.0,Asia,37.373,546.5657493,,True,0.593,0.459,2.0,True,0.99,1950.0,True
India,1957,409000000.0,Asia,40.249,590.061996,25.22,True,0.665,0.516,2.0,True,1.06,1955.0,True
India,1962,454000000.0,Asia,43.605,658.3471509,23.5,True,0.648,0.502,2.0,True,1.13,1960.0,True
India,1967,506000000.0,Asia,47.193,700.7706107,22.21,True,0.651,0.495,2.0,True,1.3,1965.0,True
India,1972,567000000.0,Asia,50.651,724.032527,20.82,True,0.607,0.455,2.0,True,1.61,1970.0,True
India,1977,634000000.0,Asia,54.208,813.337323,18.61,True,0.498,0.344,1.0,True,2.01,1975.0,True
India,1982,708000000.0,Asia,56.596,855.7235377,15.98,True,0.65,0.503,2.0,True,2.34,1980.0,True
India,1987,788000000.0,Asia,58.553,976.5126756,13.88,True,0.67,0.522,2.0,True,2.89,1985.0,True
India,1992,872000000.0,Asia,60.223,1164.406809,11.99,True,0.725,0.572,2.0,True,3.45,1990.0,True
India,1997,959000000.0,Asia,61.765,1458.817442,10.27,True,0.741,0.591,2.0,True,4.12,1995.0,True
India,2002,1034172547.0,Asia,62.879,1746.769454,8.46,True,0.731,0.581,2.0,True,5.03,2000.0,True
India,2007,1110396331.0,Asia,64.698,2452.210407,6.78,True,0.722,0.571,2.0,True,5.63,2005.0,True
Indonesia,1952,82052000.0,Asia,37.468,749.6816546,28.47,True,0.262,0.195,0.0,True,1.09,1950.0,True
Indonesia,1957,90124000.0,Asia,39.918,858.9002707,24.49,True,0.538,0.317,2.0,True,1.25,1955.0,True
Indonesia,1962,99028000.0,Asia,42.518,849.2897701,21.23,True,0.222,0.104,0.0,True,1.57,1960.0,True
Indonesia,1967,109343000.0,Asia,45.964,762.4317721,18.33,True,0.193,0.068,0.0,True,2.17,1965.0,True
Indonesia,1972,121282000.0,Asia,49.203,1111.107907,15.56,True,0.233,0.067,1.0,True,2.84,1970.0,True
Indonesia,1977,136725000.0,Asia,52.702,1382.702056,13.22,True,0.198,0.059,1.0,True,3.19,1975.0,True
Indonesia,1982,153343000.0,Asia,56.159,1516.872988,11.28,True,0.191,0.057,1.0,True,3.63,1980.0,True
Indonesia,1987,169276000.0,Asia,60.137,1748.356961,9.44,True,0.191,0.056,1.0,True,3.86,1985.0,True
Indonesia,1992,184816000.0,Asia,62.681,2383.140898,7.58,True,0.194,0.052,1.0,True,4.18,1990.0,True
Indonesia,1997,199278000.0,Asia,66.041,3119.335603,5.94,True,0.201,0.053,1.0,True,4.62,1995.0,True
Indonesia,2002,211060000.0,Asia,68.588,2873.91287,4.67,True,0.671,0.512,2.0,True,5.15,2000.0,True
Indonesia,2007,223547000.0,Asia,70.65,3540.651564,3.72,True,0.709,0.543,2.0,True,6.41,2005.0,True
Iran,1952,17272000.0,Asia,44.869,3035.326002,,True,0.206,0.13,0.0,True,0.54,1950.0,True
Iran,1957,19792000.0,Asia,47.181,3290.257643,,True,0.059,0.064,0.0,True,0.66,1955.0,True
Iran,1962,22874000.0,Asia,49.325,4187.329802,,True,0.06,0.072,0.0,True,0.92,1960.0,True
Iran,1967,26538000.0,Asia,52.469,5906.731805,28.79,True,0.113,0.082,0.0,True,1.42,1965.0,True
Iran,1972,30614000.0,Asia,55.234,9613.818607,18.02,True,0.114,0.085,0.0,True,2.03,1970.0,True
Iran,1977,35480679.0,Asia,57.702,11888.59508,13.63,True,0.108,0.082,0.0,True,2.67,1975.0,True
Iran,1982,43072751.0,Asia,59.62,7608.334602,9.38,True,0.107,0.09,1.0,True,3.58,1980.0,True
Iran,1987,51889696.0,Asia,63.04,6642.881371,6.84,True,0.172,0.102,1.0,True,4.41,1985.0,True
Iran,1992,60397973.0,Asia,65.742,7235.653188,5.25,True,0.16,0.108,1.0,True,5.22,1990.0,True
Iran,1997,63327987.0,Asia,68.042,8263.590301,4.24,True,0.222,0.147,1.0,True,6.35,1995.0,True
Iran,2002,66907826.0,Asia,69.451,9240.761975,3.23,True,0.232,0.145,1.0,True,7.31,2000.0,True
Iran,2007,69453570.0,Asia,70.964,11605.71449,2.31,True,0.174,0.117,1.0,True,8.06,2005.0,True
Iraq,1952,5441766.0,Asia,45.32,4129.766056,31.38,True,0.145,0.163,0.0,True,0.24,1950.0,True
Iraq,1957,6248643.0,Asia,48.437,6229.333562,22.83,True,0.211,0.182,1.0,True,0.33,1955.0,True
Iraq,1962,7240260.0,Asia,51.457,8341.737815,16.9,True,0.092,0.076,0.0,True,0.5,1960.0,True
Iraq,1967,8519282.0,Asia,54.459,8931.459811,12.95,True,0.08,0.07,0.0,True,0.85,1965.0,True
Iraq,1972,10061506.0,Asia,56.95,9576.037596,10.23,True,0.051,0.062,0.0,True,1.43,1970.0,True
Iraq,1977,11882916.0,Asia,60.413,14688.23507,8.17,True,0.05,0.062,0.0,True,1.97,1975.0,True
Iraq,1982,14173318.0,Asia,62.038,14517.90711,6.73,True,0.082,0.066,0.0,True,2.74,1980.0,True
Iraq,1987,16543189.0,Asia,65.044,11643.57268,5.78,True,0.08,0.066,0.0,True,3.73,1985.0,True
Iraq,1992,17861905.0,Asia,59.461,3745.640687,5.19,True,0.08,0.059,0.0,True,4.58,1990.0,True
Iraq,1997,20775703.0,Asia,58.811,3076.239795,4.72,True,0.146,0.07,1.0,True,5.09,1995.0,True
Iraq,2002,24001816.0,Asia,57.046,4390.717312,4.25,True,0.147,0.096,0.0,True,5.9,2000.0,True
Iraq,2007,27499638.0,Asia,59.545,4471.061906,3.77,True,0.433,0.281,1.0,True,6.31,2005.0,True
Ireland,1952,2952156.0,Europe,66.91,5210.280328,4.96,True,0.783,0.675,3.0,True,6.23,1950.0,True
Ireland,1957,2878220.0,Europe,68.9,5599.077872,3.98,True,0.785,0.676,3.0,True,6.48,1955.0,True
Ireland,1962,2830000.0,Europe,70.29,6631.597314,3.25,True,0.809,0.701,3.0,True,6.72,1960.0,True
Ireland,1967,2900100.0,Europe,71.08,7655.568963,2.55,True,0.815,0.709,3.0,True,7.09,1965.0,True
Ireland,1972,3024400.0,Europe,71.28,9530.772896,2.14,True,0.823,0.719,3.0,True,7.67,1970.0,True
Ireland,1977,3271900.0,Europe,72.03,11150.98113,1.81,True,0.831,0.73,3.0,True,8.42,1975.0,True
Ireland,1982,3480000.0,Europe,73.1,12618.32141,1.24,True,0.838,0.734,3.0,True,9.26,1980.0,True
Ireland,1987,3539900.0,Europe,74.36,13872.86652,1.02,True,0.849,0.755,3.0,True,9.97,1985.0,True
Ireland,1992,3557761.0,Europe,75.467,17558.81555,0.81,True,0.872,0.787,3.0,True,10.12,1990.0,True
Ireland,1997,3667233.0,Europe,76.122,24521.94713,0.73,True,0.88,0.804,3.0,True,10.39,1995.0,True
Ireland,2002,3879155.0,Europe,77.783,34077.04939,0.65,True,0.887,0.811,3.0,True,10.66,2000.0,True
Ireland,2007,4109086.0,Europe,78.885,40675.99635,0.46,True,0.896,0.822,3.0,True,11.54,2005.0,True
Israel,1952,1620914.0,Asia,65.39,4086.522128,6.65,True,0.602,0.506,2.0,True,7.3,1950.0,True
Israel,1957,1944401.0,Asia,67.84,5385.278451,5.43,True,0.617,0.514,2.0,True,7.39,1955.0,True
Israel,1962,2310904.0,Asia,69.39,7105.630706,4.26,True,0.647,0.54,2.0,True,7.66,1960.0,True
Israel,1967,2693585.0,Asia,70.75,8393.741404,3.36,True,0.662,0.578,3.0,True,8.11,1965.0,True
Israel,1972,3095893.0,Asia,71.63,12786.93223,2.82,True,0.696,0.616,3.0,True,8.66,1970.0,True
Israel,1977,3495918.0,Asia,73.06,13306.61921,2.19,True,0.758,0.679,3.0,True,9.56,1975.0,True
Israel,1982,3858421.0,Asia,74.45,15367.0292,1.66,True,0.766,0.689,3.0,True,10.27,1980.0,True
Israel,1987,4203148.0,Asia,75.6,17122.47986,1.31,True,0.768,0.69,3.0,True,10.49,1985.0,True
Israel,1992,4936550.0,Asia,76.93,18051.52254,1.04,True,0.765,0.689,3.0,True,10.83,1990.0,True
Israel,1997,5531387.0,Asia,78.269,20896.60924,0.78,True,0.776,0.7,3.0,True,11.07,1995.0,True
Israel,2002,6029529.0,Asia,79.696,21905.59514,0.64,True,0.764,0.69,3.0,True,11.34,2000.0,True
Israel,2007,6426679.0,Asia,80.745,25523.2771,0.51,True,0.761,0.688,3.0,True,11.47,2005.0,True
Italy,1952,47666000.0,Europe,65.94,4931.404155,7.53,True,0.671,0.544,2.0,True,4.21,1950.0,True
Italy,1957,49182000.0,Europe,67.81,6248.656232,5.75,True,0.706,0.592,2.0,True,4.54,1955.0,True
Italy,1962,50843200.0,Europe,69.24,8243.58234,4.76,True,0.73,0.615,2.0,True,4.86,1960.0,True
Italy,1967,52667100.0,Europe,71.06,10022.40131,3.78,True,0.728,0.619,2.0,True,5.23,1965.0,True
Italy,1972,54365564.0,Europe,72.19,12269.27378,2.98,True,0.752,0.648,3.0,True,5.63,1970.0,True
Italy,1977,56059245.0,Europe,73.48,14255.98475,1.95,True,0.766,0.668,3.0,True,6.16,1975.0,True
Italy,1982,56535636.0,Europe,74.98,16537.4835,1.43,True,0.809,0.714,3.0,True,6.71,1980.0,True
Italy,1987,56729703.0,Europe,76.42,19207.23482,1.08,True,0.824,0.727,3.0,True,7.18,1985.0,True
Italy,1992,56840847.0,Europe,77.44,22013.64486,0.89,True,0.836,0.747,3.0,True,7.7,1990.0,True
Italy,1997,57479469.0,Europe,78.82,24675.02446,0.66,True,0.846,0.761,3.0,True,8.27,1995.0,True
Italy,2002,57926999.0,Europe,80.24,27968.09817,0.51,True,0.841,0.756,3.0,True,8.78,2000.0,True
Italy,2007,58147733.0,Europe,80.546,28569.7197,0.42,True,0.866,0.789,3.0,True,9.15,2005.0,True
Jamaica,1952,1426095.0,Americas,58.53,2898.530881,12.56,True,0.306,0.234,0.0,True,3.59,1950.0,True
Jamaica,1957,1535090.0,Americas,62.61,4756.525781,9.6,True,0.526,0.36,2.0,True,3.67,1955.0,True
Jamaica,1962,1665128.0,Americas,65.61,5246.107524,7.48,True,0.549,0.41,2.0,True,3.87,1960.0,True
Jamaica,1967,1861096.0,Americas,67.51,6124.703451,6.27,True,0.524,0.389,2.0,True,4.4,1965.0,True
Jamaica,1972,1997616.0,Americas,69.0,7433.889293,5.14,True,0.526,0.399,2.0,True,4.86,1970.0,True
Jamaica,1977,2156814.0,Americas,70.11,6650.195573,4.16,True,0.479,0.376,1.0,True,5.42,1975.0,True
Jamaica,1982,2298309.0,Americas,71.21,6068.05135,3.5,True,0.478,0.377,1.0,True,6.08,1980.0,True
Jamaica,1987,2326606.0,Americas,71.77,6351.237495,3.02,True,0.537,0.414,2.0,True,6.63,1985.0,True
Jamaica,1992,2378618.0,Americas,71.766,7404.923685,2.65,True,0.577,0.451,2.0,True,7.15,1990.0,True
Jamaica,1997,2531311.0,Americas,72.262,7121.924704,2.26,True,0.651,0.504,2.0,True,8.18,1995.0,True
Jamaica,2002,2664659.0,Americas,72.047,6994.774861,1.96,True,0.706,0.578,2.0,True,9.14,2000.0,True
Jamaica,2007,2780132.0,Americas,72.567,7320.880262,1.91,True,0.767,0.647,2.0,True,9.66,2005.0,True
Japan,1952,86459025.0,Asia,63.03,3216.956347,7.49,True,0.617,0.553,3.0,True,6.73,1950.0,True
Japan,1957,91563009.0,Asia,65.5,4317.694365,5.03,True,0.828,0.747,3.0,True,7.19,1955.0,True
Japan,1962,95831757.0,Asia,68.73,6576.649461,3.29,True,0.837,0.76,3.0,True,7.76,1960.0,True
Japan,1967,100825279.0,Asia,71.43,9847.788607,2.1,True,0.839,0.761,3.0,True,7.48,1965.0,True
Japan,1972,107188273.0,Asia,73.42,14778.78636,1.57,True,0.841,0.758,3.0,True,7.83,1970.0,True
Japan,1977,113872473.0,Asia,75.38,16610.37701,1.18,True,0.841,0.757,3.0,True,8.38,1975.0,True
Japan,1982,118454974.0,Asia,77.11,19384.10571,0.88,True,0.842,0.76,3.0,True,9.1,1980.0,True
Japan,1987,122091325.0,Asia,78.67,22375.94189,0.68,True,0.842,0.759,3.0,True,9.63,1985.0,True
Japan,1992,124329269.0,Asia,79.36,26824.89511,0.61,True,0.844,0.763,3.0,True,9.82,1990.0,True
Japan,1997,125956499.0,Asia,80.69,28816.58499,0.52,True,0.844,0.768,3.0,True,10.51,1995.0,True
Japan,2002,127065841.0,Asia,82.0,28604.5919,0.41,True,0.845,0.77,3.0,True,10.94,2000.0,True
Japan,2007,127467972.0,Asia,82.603,31656.06806,0.35,True,0.852,0.777,3.0,True,11.3,2005.0,True
Jordan,1952,607914.0,Asia,43.158,1546.907807,24.63,True,0.17,0.175,1.0,True,1.33,1950.0,True
Jordan,1957,746559.0,Asia,45.669,1886.080591,18.56,True,0.141,0.166,0.0,True,1.76,1955.0,True
Jordan,1962,933559.0,Asia,48.126,2348.009158,13.82,True,0.125,0.162,0.0,True,2.41,1960.0,True
Jordan,1967,1255058.0,Asia,51.629,2741.796252,10.47,True,0.125,0.159,0.0,True,3.0,1965.0,True
Jordan,1972,1613551.0,Asia,56.528,2110.856309,8.13,True,0.12,0.155,0.0,True,3.47,1970.0,True
Jordan,1977,1937652.0,Asia,61.134,2852.351568,6.37,True,0.127,0.111,0.0,True,4.01,1975.0,True
Jordan,1982,2347031.0,Asia,63.739,4161.415959,5.03,True,0.126,0.118,0.0,True,4.55,1980.0,True
Jordan,1987,2820042.0,Asia,65.869,4448.679912,4.01,True,0.126,0.17,0.0,True,5.68,1985.0,True
Jordan,1992,3867409.0,Asia,68.015,3431.593647,3.32,True,0.227,0.199,0.0,True,6.61,1990.0,True
Jordan,1997,4526235.0,Asia,69.772,3645.379572,2.83,True,0.226,0.199,0.0,True,7.58,1995.0,True
Jordan,2002,5307470.0,Asia,71.263,3844.917194,2.42,True,0.187,0.133,0.0,True,8.36,2000.0,True
Jordan,2007,6053193.0,Asia,72.535,4519.461171,2.07,True,0.232,0.207,0.0,True,9.07,2005.0,True
Kenya,1952,6464046.0,Africa,42.27,853.540919,30.02,True,0.08,0.051,0.0,True,1.16,1950.0,True
Kenya,1957,7454779.0,Africa,44.686,944.4383152,22.78,True,0.096,0.065,0.0,True,1.31,1955.0,True
Kenya,1962,8678557.0,Africa,47.949,896.9663732,18.2,True,0.122,0.073,0.0,True,1.51,1960.0,True
Kenya,1967,10191512.0,Africa,50.654,1056.736457,16.0,True,0.221,0.14,1.0,True,1.69,1965.0,True
Kenya,1972,12044785.0,Africa,53.559,1222.359968,14.32,True,0.197,0.114,1.0,True,2.17,1970.0,True
Kenya,1977,14500404.0,Africa,56.155,1267.613204,12.22,True,0.211,0.117,1.0,True,2.66,1975.0,True
Kenya,1982,17661452.0,Africa,58.766,1348.225791,10.27,True,0.195,0.106,1.0,True,3.41,1980.0,True
Kenya,1987,21198082.0,Africa,59.339,1361.936856,9.52,True,0.182,0.099,1.0,True,4.13,1985.0,True
Kenya,1992,25020539.0,Africa,59.285,1341.921721,10.71,True,0.29,0.186,1.0,True,4.78,1990.0,True
Kenya,1997,28263827.0,Africa,54.407,1360.485021,10.59,True,0.336,0.21,1.0,True,5.26,1995.0,True
Kenya,2002,31386842.0,Africa,50.992,1287.514732,8.56,True,0.416,0.285,1.0,True,5.69,2000.0,True
Kenya,2007,35610177.0,Africa,54.11,1463.249282,6.29,True,0.514,0.353,1.0,True,6.25,2005.0,True
"Korea, Dem. Rep.",1952,8865488.0,Asia,50.056,1088.277758,26.54,True,0.097,0.017,0.0,True,,,False
"Korea, Dem. Rep.",1957,9411381.0,Asia,54.081,1571.134655,13.43,True,0.095,0.017,0.0,True,,,False
"Korea, Dem. Rep.",1962,10917494.0,Asia,56.656,1621.693598,10.76,True,0.092,0.016,0.0,True,,,False
"Korea, Dem. Rep.",1967,12617009.0,Asia,59.942,2143.540609,8.45,True,0.09,0.015,0.0,True,,,False
"Korea, Dem. Rep.",1972,14781241.0,Asia,63.983,3701.621503,6.2,True,0.087,0.015,0.0,True,,,False
"Korea, Dem. Rep.",1977,16325320.0,Asia,67.159,4106.301249,4.8,True,0.087,0.014,0.0,True,,,False
"Korea, Dem. Rep.",1982,17647518.0,Asia,69.1,4106.525293,3.91,True,0.087,0.014,0.0,True,,,False
"Korea, Dem. Rep.",1987,19067554.0,Asia,70.647,4106.492315,3.78,True,0.084,0.014,0.0,True,,,False
"Korea, Dem. Rep.",1992,20711375.0,Asia,69.978,3726.063507,4.25,True,0.084,0.014,0.0,True,,,False
"Korea, Dem. Rep.",1997,21585105.0,Asia,67.727,1690.756814,10.46,True,0.084,0.014,0.0,True,,,False
"Korea, Dem. Rep.",2002,22215365.0,Asia,66.662,1646.758151,9.78,True,0.083,0.014,0.0,True,,,False
"Korea, Dem. Rep.",2007,23301725.0,Asia,67.297,1593.06548,3.24,True,0.085,0.014,0.0,True,,,False
"Korea, Rep.",1952,20947571.0,Asia,47.453,1030.592226,26.61,True,0.254,0.143,1.0,True,4.5,1950.0,True
"Korea, Rep.",1957,22611552.0,Asia,52.681,1487.593537,13.92,True,0.26,0.149,1.0,True,5.02,1955.0,True
"Korea, Rep.",1962,26420307.0,Asia,55.292,1536.344387,10.23,True,0.164,0.106,1.0,True,4.2,1960.0,True
"Korea, Rep.",1967,30131000.0,Asia,57.716,2029.228142,7.65,True,0.277,0.138,1.0,True,5.32,1965.0,True
"Korea, Rep.",1972,33505000.0,Asia,62.612,3030.87665,5.37,True,0.235,0.109,1.0,True,6.19,1970.0,True
"Korea, Rep.",1977,36436000.0,Asia,64.766,4657.22102,4.24,True,0.212,0.1,1.0,True,7.12,1975.0,True
"Korea, Rep.",1982,39326000.0,Asia,67.123,5622.942464,3.16,True,0.222,0.118,1.0,True,8.13,1980.0,True
"Korea, Rep.",1987,41622000.0,Asia,69.81,8533.088805,2.05,True,0.387,0.224,1.0,True,9.0,1985.0,True
"Korea, Rep.",1992,43805450.0,Asia,72.244,12104.27872,1.33,True,0.659,0.521,2.0,True,9.85,1990.0,True
"Korea, Rep.",1997,46173816.0,Asia,74.647,15993.52796,0.91,True,0.754,0.648,3.0,True,10.49,1995.0,True
"Korea, Rep.",2002,47969150.0,Asia,77.045,19233.98818,0.68,True,0.845,0.771,3.0,True,11.06,2000.0,True
"Korea, Rep.",2007,49044790.0,Asia,78.623,23348.13973,0.48,True,0.843,0.77,3.0,True,11.46,2005.0,True
Kuwait,1952,160000.0,Asia,55.565,108382.3529,,True,0.091,0.114,0.0,True,1.48,1950.0,True
Kuwait,1957,212846.0,Asia,58.033,113523.1329,,True,0.091,0.114,0.0,True,1.84,1955.0,True
Kuwait,1962,358266.0,Asia,60.47,95458.11176,12.32,True,0.196,0.216,0.0,True,2.39,1960.0,True
Kuwait,1967,575003.0,Asia,64.624,80894.88326,8.56,True,0.258,0.268,0.0,True,2.85,1965.0,True
Kuwait,1972,841934.0,Asia,67.712,109347.867,6.18,True,0.285,0.28,0.0,True,3.27,1970.0,True
Kuwait,1977,1140357.0,Asia,69.343,59265.47714,4.48,True,0.097,0.129,0.0,True,3.51,1975.0,True
Kuwait,1982,1497494.0,Asia,71.309,31354.03573,3.0,True,0.277,0.272,0.0,True,4.61,1980.0,True
Kuwait,1987,1891487.0,Asia,74.174,28118.42998,2.04,True,0.089,0.129,0.0,True,5.54,1985.0,True
Kuwait,1992,1418095.0,Asia,75.19,34932.91959,1.57,True,0.202,0.243,0.0,True,5.92,1990.0,True
Kuwait,1997,1765345.0,Asia,76.156,40300.61996,1.38,True,0.288,0.276,0.0,True,6.11,1995.0,True
Kuwait,2002,2111561.0,Asia,76.904,35110.10566,1.23,True,0.281,0.272,0.0,True,6.09,2000.0,True
Kuwait,2007,2505559.0,Asia,77.588,47306.98978,1.14,True,0.325,0.292,0.0,True,6.07,2005.0,True
Lebanon,1952,1439529.0,Asia,55.928,4834.804067,,True,0.308,0.191,1.0,True,,,False
Lebanon,1957,1647412.0,Asia,59.489,6089.786934,8.26,True,0.36,0.212,1.0,True,,,False
Lebanon,1962,1886848.0,Asia,62.094,5714.560611,6.98,True,0.39,0.233,1.0,True,,,False
Lebanon,1967,2186894.0,Asia,63.87,6006.983042,6.22,True,0.387,0.232,1.0,True,,,False
Lebanon,1972,2680018.0,Asia,65.421,7486.384341,5.91,True,0.372,0.22,1.0,True,,,False
Lebanon,1977,3115787.0,Asia,66.099,8659.696836,8.15,True,0.342,0.195,1.0,True,,,False
Lebanon,1982,3086876.0,Asia,66.983,7640.519521,12.57,True,0.342,0.19,1.0,True,,,False
Lebanon,1987,3089353.0,Asia,67.926,5377.091329,5.86,True,0.342,0.19,1.0,True,,,False
Lebanon,1992,3219994.0,Asia,69.292,6890.806854,2.89,True,0.333,0.195,1.0,True,,,False
Lebanon,1997,3430388.0,Asia,70.265,8754.96385,2.31,True,0.314,0.193,1.0,True,,,False
Lebanon,2002,3677780.0,Asia,71.028,9313.93883,1.8,True,0.353,0.209,1.0,True,,,False
Lebanon,2007,3921278.0,Asia,71.993,10461.05868,1.41,True,0.444,0.261,1.0,True,,,False
Lesotho,1952,748747.0,Africa,42.138,298.8462121,23.26,True,0.074,0.094,0.0,True,2.47,1950.0,True
Lesotho,1957,813338.0,Africa,45.047,335.9971151,19.55,True,0.074,0.094,0.0,True,2.73,1955.0,True
Lesotho,1962,893143.0,Africa,47.747,411.8006266,18.44,True,0.089,0.11,0.0,True,2.96,1960.0,True
Lesotho,1967,996380.0,Africa,48.492,498.6390265,18.45,True,0.36,0.247,1.0,True,3.24,1965.0,True
Lesotho,1972,1116779.0,Africa,49.767,496.5815922,16.76,True,0.115,0.104,0.0,True,3.55,1970.0,True
Lesotho,1977,1251524.0,Africa,52.208,745.3695408,14.11,True,0.115,0.118,0.0,True,3.91,1975.0,True
Lesotho,1982,1411807.0,Africa,55.078,797.2631074,11.07,True,0.124,0.118,0.0,True,4.3,1980.0,True
Lesotho,1987,1599200.0,Africa,57.18,773.9932141,9.02,True,0.128,0.118,0.0,True,4.64,1985.0,True
Lesotho,1992,1803195.0,Africa,59.685,977.4862725,8.54,True,0.158,0.155,0.0,True,5.12,1990.0,True
Lesotho,1997,1982823.0,Africa,55.558,1186.147994,10.21,True,0.315,0.258,0.0,True,5.66,1995.0,True
Lesotho,2002,2046772.0,Africa,44.593,1275.184575,11.21,True,0.501,0.378,2.0,True,6.21,2000.0,True
Lesotho,2007,2012649.0,Africa,42.592,1569.331442,11.19,True,0.577,0.422,2.0,True,6.93,2005.0,True
Liberia,1952,863308.0,Africa,38.48,575.5729961,,True,0.193,0.108,1.0,True,0.57,1950.0,True
Liberia,1957,975950.0,Africa,39.486,620.9699901,30.6,True,0.185,0.107,1.0,True,0.62,1955.0,True
Liberia,1962,1112796.0,Africa,40.502,634.1951625,30.97,True,0.191,0.108,0.0,True,0.73,1960.0,True
Liberia,1967,1279406.0,Africa,41.536,713.6036483,29.92,True,0.188,0.107,0.0,True,0.93,1965.0,True
Liberia,1972,1482628.0,Africa,42.614,803.0054535,27.68,True,0.221,0.136,0.0,True,1.15,1970.0,True
Liberia,1977,1703617.0,Africa,43.764,640.3224383,25.66,True,0.218,0.136,0.0,True,1.66,1975.0,True
Liberia,1982,1956875.0,Africa,44.852,572.1995694,24.21,True,0.092,0.043,0.0,True,2.2,1980.0,True
Liberia,1987,2269414.0,Africa,46.027,506.1138573,25.34,True,0.24,0.13,1.0,True,2.69,1985.0,True
Liberia,1992,1912974.0,Africa,40.802,636.6229191,27.17,True,0.2,0.18,0.0,True,3.02,1990.0,True
Liberia,1997,2200725.0,Africa,42.221,609.1739508,23.27,True,0.241,0.13,1.0,True,3.08,1995.0,True
Liberia,2002,2814651.0,Africa,43.753,531.4823679,16.86,True,0.341,0.159,1.0,True,3.49,2000.0,True
Liberia,2007,3193942.0,Africa,45.678,414.5073415,11.96,True,0.662,0.511,2.0,True,3.85,2005.0,True
Libya,1952,1019729.0,Africa,42.723,2387.54806,,True,0.071,0.105,0.0,True,0.44,1950.0,True
Libya,1957,1201578.0,Africa,45.289,3448.284395,33.59,True,0.103,0.127,0.0,True,0.55,1955.0,True
Libya,1962,1441863.0,Africa,47.808,6757.030816,24.25,True,0.105,0.128,0.0,True,0.68,1960.0,True
Libya,1967,1759224.0,Africa,50.227,18772.75169,17.07,True,0.141,0.135,0.0,True,1.0,1965.0,True
Libya,1972,2183877.0,Africa,52.773,21011.49721,11.78,True,0.072,0.027,0.0,True,1.53,1970.0,True
Libya,1977,2721783.0,Africa,57.442,21951.21176,8.45,True,0.072,0.058,0.0,True,2.19,1975.0,True
Libya,1982,3344074.0,Africa,62.155,17364.27538,6.46,True,0.072,0.046,0.0,True,3.26,1980.0,True
Libya,1987,3799845.0,Africa,66.234,11770.5898,4.96,True,0.072,0.046,0.0,True,4.31,1985.0,True
Libya,1992,4364501.0,Africa,68.755,9640.138501,3.8,True,0.072,0.047,0.0,True,5.17,1990.0,True
Libya,1997,4759670.0,Africa,71.555,9467.446056,3.09,True,0.072,0.046,0.0,True,5.89,1995.0,True
Libya,2002,5368585.0,Africa,72.737,9534.677467,2.65,True,0.072,0.046,0.0,True,6.79,2000.0,True
Libya,2007,6036914.0,Africa,73.952,12057.49928,2.02,True,0.072,0.042,0.0,True,7.42,2005.0,True
Madagascar,1952,4762912.0,Africa,36.681,1443.011715,,True,0.056,0.071,0.0,True,,,False
Madagascar,1957,5181679.0,Africa,38.865,1589.20275,,True,0.132,0.082,0.0,True,,,False
Madagascar,1962,5703324.0,Africa,40.848,1643.38711,,True,0.254,0.127,1.0,True,,,False
Madagascar,1967,6334556.0,Africa,42.881,1634.047282,18.03,True,0.249,0.126,1.0,True,,,False
Madagascar,1972,7082430.0,Africa,44.851,1748.562982,15.32,True,0.191,0.088,0.0,True,,,False
Madagascar,1977,8007166.0,Africa,46.881,1544.228586,16.51,True,0.2,0.088,1.0,True,,,False
Madagascar,1982,9171477.0,Africa,48.969,1302.878658,30.48,True,0.2,0.092,1.0,True,,,False
Madagascar,1987,10568642.0,Africa,49.35,1155.441948,17.05,True,0.205,0.096,1.0,True,,,False
Madagascar,1992,12210395.0,Africa,52.214,1040.67619,14.43,True,0.285,0.146,1.0,True,,,False
Madagascar,1997,14165114.0,Africa,54.978,986.2958956,11.96,True,0.508,0.271,2.0,True,,,False
Madagascar,2002,16473477.0,Africa,57.286,894.6370822,9.56,True,0.427,0.24,1.0,True,,,False
Madagascar,2007,19167654.0,Africa,59.443,1044.770126,7.76,True,0.488,0.268,1.0,True,,,False
Malawi,1952,2917802.0,Africa,36.256,369.1650802,,True,0.012,0.039,0.0,True,0.96,1950.0,True
Malawi,1957,3221238.0,Africa,37.207,416.3698064,,True,0.013,0.04,0.0,True,1.03,1955.0,True
Malawi,1962,3628608.0,Africa,38.41,427.9010856,35.69,True,0.175,0.089,0.0,True,1.09,1960.0,True
Malawi,1967,4147252.0,Africa,39.487,495.5147806,34.9,True,0.209,0.085,1.0,True,1.21,1965.0,True
Malawi,1972,4730997.0,Africa,41.766,584.6219709,33.01,True,0.209,0.087,1.0,True,1.57,1970.0,True
Malawi,1977,5637246.0,Africa,43.767,663.2236766,28.53,True,0.163,0.077,1.0,True,1.86,1975.0,True
Malawi,1982,6502825.0,Africa,45.642,632.8039209,24.62,True,0.168,0.078,1.0,True,2.34,1980.0,True
Malawi,1987,7824747.0,Africa,47.457,635.5173634,25.47,True,0.167,0.078,1.0,True,2.65,1985.0,True
Malawi,1992,10014249.0,Africa,49.42,563.2000145,22.88,True,0.188,0.086,1.0,True,2.9,1990.0,True
Malawi,1997,10419991.0,Africa,47.495,692.2758103,19.75,True,0.559,0.434,2.0,True,3.06,1995.0,True
Malawi,2002,11824495.0,Africa,45.009,665.4231186,14.32,True,0.475,0.387,1.0,True,3.48,2000.0,True
Malawi,2007,13327079.0,Africa,48.303,759.3499101,9.69,True,0.443,0.369,1.0,True,4.41,2005.0,True
Malaysia,1952,6748378.0,Asia,48.463,1831.132894,15.29,True,0.069,0.142,0.0,True,2.08,1950.0,True
Malaysia,1957,7739235.0,Asia,52.102,1810.066992,11.54,True,0.31,0.214,1.0,True,2.37,1955.0,True
Malaysia,1962,8906385.0,Asia,55.737,2036.884944,8.3,True,0.311,0.216,1.0,True,2.83,1960.0,True
Malaysia,1967,10154878.0,Asia,59.371,2277.742396,6.29,True,0.298,0.21,1.0,True,3.39,1965.0,True
Malaysia,1972,11441462.0,Asia,63.01,2849.09478,5.07,True,0.21,0.17,0.0,True,4.2,1970.0,True
Malaysia,1977,12845381.0,Asia,65.256,3827.921571,3.72,True,0.276,0.194,1.0,True,4.82,1975.0,True
Malaysia,1982,14441916.0,Asia,68.0,4920.355951,2.65,True,0.272,0.174,1.0,True,5.76,1980.0,True
Malaysia,1987,16331785.0,Asia,69.5,5249.802653,1.94,True,0.26,0.163,1.0,True,6.72,1985.0,True
Malaysia,1992,18319502.0,Asia,70.693,7277.912802,1.51,True,0.259,0.162,1.0,True,6.97,1990.0,True
Malaysia,1997,20476091.0,Asia,71.938,10132.90964,1.23,True,0.258,0.161,1.0,True,8.39,1995.0,True
Malaysia,2002,22662365.0,Asia,73.044,10206.97794,0.88,True,0.284,0.174,1.0,True,9.09,2000.0,True
Malaysia,2007,24821286.0,Asia,74.241,12451.6558,0.83,True,0.314,0.21,1.0,True,9.71,2005.0,True
Mali,1952,3838168.0,Africa,33.685,452.3369807,,True,0.111,0.092,0.0,True,0.15,1950.0,True
Mali,1957,4241884.0,Africa,35.307,490.3821867,,True,0.161,0.102,0.0,True,0.17,1955.0,True
Mali,1962,4690372.0,Africa,36.936,496.1743428,47.15,True,0.25,0.171,1.0,True,0.2,1960.0,True
Mali,1967,5212416.0,Africa,38.487,545.0098873,40.44,True,0.229,0.165,1.0,True,0.24,1965.0,True
Mali,1972,5828158.0,Africa,39.977,581.3688761,37.18,True,0.103,0.097,0.0,True,0.29,1970.0,True
Mali,1977,6491649.0,Africa,41.714,686.3952693,33.13,True,0.105,0.097,0.0,True,0.45,1975.0,True
Mali,1982,6998256.0,Africa,43.916,618.0140641,28.8,True,0.19,0.125,0.0,True,0.62,1980.0,True
Mali,1987,7634008.0,Africa,46.364,684.1715576,25.02,True,0.192,0.125,0.0,True,0.78,1985.0,True
Mali,1992,8416215.0,Africa,48.388,739.014375,22.46,True,0.468,0.343,1.0,True,0.89,1990.0,True
Mali,1997,9384984.0,Africa,49.903,790.2579846,20.56,True,0.548,0.395,2.0,True,1.01,1995.0,True
Mali,2002,10580176.0,Africa,51.818,951.4097518,17.77,True,0.599,0.405,2.0,True,1.23,2000.0,True
Mali,2007,12031795.0,Africa,54.467,1042.581557,14.92,True,0.611,0.412,2.0,True,1.73,2005.0,True
Mauritania,1952,1022556.0,Africa,40.543,743.1159097,30.18,True,0.126,0.088,0.0,True,1.27,1950.0,True
Mauritania,1957,1076852.0,Africa,42.338,846.1202613,27.64,True,0.229,0.112,1.0,True,1.35,1955.0,True
Mauritania,1962,1146757.0,Africa,44.248,1055.896036,24.46,True,0.227,0.12,1.0,True,1.43,1960.0,True
Mauritania,1967,1230542.0,Africa,46.289,1421.145193,20.97,True,0.208,0.115,1.0,True,1.52,1965.0,True
Mauritania,1972,1332786.0,Africa,48.437,1586.851781,22.64,True,0.209,0.116,1.0,True,1.66,1970.0,True
Mauritania,1977,1456688.0,Africa,50.852,1497.492223,18.19,True,0.209,0.116,1.0,True,1.83,1975.0,True
Mauritania,1982,1622136.0,Africa,53.599,1481.150189,15.61,True,0.095,0.041,0.0,True,2.13,1980.0,True
Mauritania,1987,1841240.0,Africa,56.145,1421.603576,12.69,True,0.108,0.044,0.0,True,2.43,1985.0,True
Mauritania,1992,2119465.0,Africa,58.333,1361.369784,11.36,True,0.268,0.105,1.0,True,2.76,1990.0,True
Mauritania,1997,2444741.0,Africa,60.43,1483.136136,10.76,True,0.3,0.132,1.0,True,3.12,1995.0,True
Mauritania,2002,2828858.0,Africa,62.247,1579.019543,8.82,True,0.314,0.14,1.0,True,3.55,2000.0,True
Mauritania,2007,3270065.0,Africa,64.164,1803.151496,6.43,True,0.452,0.235,1.0,True,4.06,2005.0,True
Mauritius,1952,516556.0,Africa,50.986,1967.955707,11.54,True,0.314,0.3,0.0,True,2.51,1950.0,True
Mauritius,1957,609816.0,Africa,58.089,2034.037981,12.21,True,0.319,0.308,0.0,True,2.91,1955.0,True
Mauritius,1962,701016.0,Africa,60.246,2529.067487,9.25,True,0.466,0.399,1.0,True,3.56,1960.0,True
Mauritius,1967,789309.0,Africa,61.557,2475.387562,9.75,True,0.474,0.4,1.0,True,4.23,1965.0,True
Mauritius,1972,851334.0,Africa,62.944,2575.484158,8.17,True,0.646,0.547,2.0,True,4.93,1970.0,True
Mauritius,1977,913025.0,Africa,64.93,3710.982963,5.03,True,0.679,0.582,2.0,True,5.09,1975.0,True
Mauritius,1982,992040.0,Africa,66.711,3688.037739,3.39,True,0.697,0.599,2.0,True,5.36,1980.0,True
Mauritius,1987,1042663.0,Africa,68.74,4783.586903,2.83,True,0.71,0.609,3.0,True,5.86,1985.0,True
Mauritius,1992,1096202.0,Africa,69.745,6058.253846,2.11,True,0.719,0.611,3.0,True,6.49,1990.0,True
Mauritius,1997,1149818.0,Africa,70.736,7425.705295,2.26,True,0.729,0.622,3.0,True,6.83,1995.0,True
Mauritius,2002,1200206.0,Africa,71.954,9021.815894,1.66,True,0.736,0.641,3.0,True,6.7,2000.0,True
Mauritius,2007,1250882.0,Africa,72.801,10956.99112,1.52,True,0.739,0.643,3.0,True,7.84,2005.0,True
Mexico,1952,30144317.0,Americas,50.789,3478.125529,23.06,True,0.197,0.095,1.0,True,2.19,1950.0,True
Mexico,1957,35015548.0,Americas,55.19,4131.546641,17.78,True,0.233,0.106,1.0,True,2.34,1955.0,True
Mexico,1962,41121485.0,Americas,58.299,4581.609385,14.23,True,0.232,0.106,1.0,True,2.52,1960.0,True
Mexico,1967,47995559.0,Americas,60.11,5754.733883,11.86,True,0.236,0.106,1.0,True,2.96,1965.0,True
Mexico,1972,55984294.0,Americas,62.361,6809.40669,9.94,True,0.249,0.109,1.0,True,3.39,1970.0,True
Mexico,1977,63759976.0,Americas,65.032,7674.929108,8.18,True,0.273,0.12,1.0,True,4.09,1975.0,True
Mexico,1982,71640904.0,Americas,67.405,9611.147541,6.54,True,0.313,0.136,1.0,True,4.9,1980.0,True
Mexico,1987,80122492.0,Americas,69.498,8688.156003,5.18,True,0.329,0.147,1.0,True,5.77,1985.0,True
Mexico,1992,88111030.0,Americas,71.455,9472.384295,4.07,True,0.437,0.212,1.0,True,6.47,1990.0,True
Mexico,1997,95895146.0,Americas,73.67,9767.29753,3.18,True,0.556,0.349,2.0,True,7.2,1995.0,True
Mexico,2002,102479927.0,Americas,74.902,10742.44053,2.5,True,0.688,0.495,2.0,True,7.66,2000.0,True
Mexico,2007,108700891.0,Americas,76.195,11977.57496,2.07,True,0.637,0.452,2.0,True,8.45,2005.0,True
Mongolia,1952,800663.0,Asia,42.244,786.5668575,,True,0.165,0.051,0.0,True,1.61,1950.0,True
Mongolia,1957,882134.0,Asia,45.248,912.6626085,,True,0.169,0.052,0.0,True,1.95,1955.0,True
Mongolia,1962,1010280.0,Asia,48.251,1056.353958,,True,0.175,0.057,0.0,True,2.52,1960.0,True
Mongolia,1967,1149500.0,Asia,51.253,1226.04113,,True,0.175,0.057,0.0,True,3.21,1965.0,True
Mongolia,1972,1320500.0,Asia,53.754,1421.741975,,True,0.175,0.057,0.0,True,3.56,1970.0,True
Mongolia,1977,1528000.0,Asia,55.491,1647.511665,,True,0.18,0.058,0.0,True,5.65,1975.0,True
Mongolia,1982,1756032.0,Asia,57.489,2000.603139,14.93,True,0.18,0.058,0.0,True,6.35,1980.0,True
Mongolia,1987,2015133.0,Asia,60.222,2338.008304,12.18,True,0.179,0.058,0.0,True,7.02,1985.0,True
Mongolia,1992,2312802.0,Asia,61.271,1785.402016,9.76,True,0.673,0.537,2.0,True,7.76,1990.0,True
Mongolia,1997,2494803.0,Asia,63.625,1902.2521,7.71,True,0.708,0.595,2.0,True,7.84,1995.0,True
Mongolia,2002,2674234.0,Asia,65.033,2140.739323,5.29,True,0.667,0.546,2.0,True,7.88,2000.0,True
Mongolia,2007,2874127.0,Asia,66.803,3095.772271,3.38,True,0.686,0.565,2.0,True,8.57,2005.0,True
Montenegro,1952,413834.0,Europe,59.164,2647.585601,,True,,,,True,,,False
Montenegro,1957,442829.0,Europe,61.448,3682.259903,,True,,,,True,,,False
Montenegro,1962,474528.0,Europe,63.728,4649.593785,,True,,,,True,,,False
Montenegro,1967,501035.0,Europe,67.178,5907.850937,,True,,,,True,,,False
Montenegro,1972,527678.0,Europe,70.636,7778.414017,,True,,,,True,,,False
Montenegro,1977,560073.0,Europe,73.066,9595.929905,,True,,,,True,,,False
Montenegro,1982,562548.0,Europe,74.101,11222.58762,,True,,,,True,,,False
Montenegro,1987,569473.0,Europe,74.865,11732.51017,2.06,True,,,,True,,,False
Montenegro,1992,621621.0,Europe,75.435,7003.339037,1.54,True,,,,True,,,False
Montenegro,1997,692651.0,Europe,75.445,6465.613349,1.5,True,,,,True,,,False
Montenegro,2002,720230.0,Europe,73.981,6557.194282,1.3,True,0.47,0.357,1.0,True,,,False
Montenegro,2007,684736.0,Europe,74.543,9253.896111,0.89,True,0.481,0.386,1.0,True,,,False
Morocco,1952,9939217.0,Africa,42.873,1688.20357,,True,0.051,0.046,0.0,True,0.28,1950.0,True
Morocco,1957,11406350.0,Africa,45.423,1642.002314,26.04,True,0.067,0.069,0.0,True,0.38,1955.0,True
Morocco,1962,13056604.0,Africa,47.924,1566.353493,23.51,True,0.069,0.082,0.0,True,0.49,1960.0,True
Morocco,1967,14770296.0,Africa,50.335,1711.04477,20.73,True,0.132,0.088,0.0,True,0.71,1965.0,True
Morocco,1972,16660670.0,Africa,52.862,1930.194975,18.35,True,0.152,0.138,0.0,True,0.98,1970.0,True
Morocco,1977,18396941.0,Africa,55.73,2370.619976,15.65,True,0.146,0.103,0.0,True,1.35,1975.0,True
Morocco,1982,20198730.0,Africa,59.65,2702.620356,12.16,True,0.16,0.149,0.0,True,1.76,1980.0,True
Morocco,1987,22987397.0,Africa,62.677,2755.046991,9.33,True,0.164,0.15,0.0,True,2.29,1985.0,True
Morocco,1992,25798239.0,Africa,65.393,2948.047252,7.43,True,0.184,0.179,0.0,True,2.86,1990.0,True
Morocco,1997,28529501.0,Africa,67.66,2982.101858,5.96,True,0.203,0.194,0.0,True,3.4,1995.0,True
Morocco,2002,31167783.0,Africa,69.615,3258.495584,4.8,True,0.242,0.221,0.0,True,3.82,2000.0,True
Morocco,2007,33757175.0,Africa,71.164,3820.17523,3.69,True,0.259,0.228,0.0,True,4.34,2005.0,True
Mozambique,1952,6446316.0,Africa,31.286,468.5260381,,True,0.028,0.019,0.0,True,0.49,1950.0,True
Mozambique,1957,7038035.0,Africa,33.779,495.5868333,,True,0.028,0.019,0.0,True,0.65,1955.0,True
Mozambique,1962,7788944.0,Africa,36.161,556.6863539,27.99,True,0.028,0.019,0.0,True,0.82,1960.0,True
Mozambique,1967,8680909.0,Africa,38.113,566.6691539,27.41,True,0.028,0.019,0.0,True,1.0,1965.0,True
Mozambique,1972,9809596.0,Africa,40.328,724.9178037,27.15,True,0.028,0.019,0.0,True,1.01,1970.0,True
Mozambique,1977,11127868.0,Africa,42.495,502.3197334,26.45,True,0.08,0.047,0.0,True,0.95,1975.0,True
Mozambique,1982,12587223.0,Africa,42.795,462.2114149,26.02,True,0.08,0.047,0.0,True,1.12,1980.0,True
Mozambique,1987,12891952.0,Africa,42.861,389.8761846,24.44,True,0.08,0.05,0.0,True,1.17,1985.0,True
Mozambique,1992,13160731.0,Africa,44.284,410.8968239,22.79,True,0.183,0.139,0.0,True,1.0,1990.0,True
Mozambique,1997,16603334.0,Africa,46.344,472.3460771,19.36,True,0.465,0.298,1.0,True,0.93,1995.0,True
Mozambique,2002,18473780.0,Africa,44.026,633.6179466,14.75,True,0.419,0.29,1.0,True,1.08,2000.0,True
Mozambique,2007,19951656.0,Africa,42.082,823.6856205,11.07,True,0.471,0.31,1.0,True,1.28,2005.0,True
Myanmar,1952,20092996.0,Asia,36.319,331.0,,True,0.392,0.26,1.0,True,1.15,1950.0,True
Myanmar,1957,21731844.0,Asia,41.905,350.0,,True,0.42,0.281,1.0,True,1.21,1955.0,True
Myanmar,1962,23634436.0,Asia,45.108,388.0,,True,0.129,0.054,0.0,True,1.23,1960.0,True
Myanmar,1967,25870271.0,Asia,49.379,349.0,,True,0.069,0.014,0.0,True,1.38,1965.0,True
Myanmar,1972,28466390.0,Asia,53.07,357.0,16.61,True,0.069,0.014,0.0,True,1.45,1970.0,True
Myanmar,1977,31528087.0,Asia,56.059,371.0,14.83,True,0.135,0.027,0.0,True,1.6,1975.0,True
Myanmar,1982,34680442.0,Asia,58.056,424.0,13.31,True,0.137,0.026,0.0,True,2.23,1980.0,True
Myanmar,1987,38028578.0,Asia,58.339,385.0,12.17,True,0.137,0.026,0.0,True,2.73,1985.0,True
Myanmar,1992,40546538.0,Asia,59.32,347.0,10.94,True,0.094,0.017,0.0,True,2.83,1990.0,True
Myanmar,1997,43247867.0,Asia,60.328,415.0,9.63,True,0.094,0.017,0.0,True,3.22,1995.0,True
Myanmar,2002,45598081.0,Asia,59.908,611.0,8.41,True,0.094,0.017,0.0,True,3.69,2000.0,True
Myanmar,2007,47761980.0,Asia,62.069,944.0,7.08,True,0.095,0.017,0.0,True,4.23,2005.0,True
Namibia,1952,485831.0,Africa,41.725,2423.780443,,True,0.058,0.058,0.0,True,2.4,1950.0,True
Namibia,1957,548080.0,Africa,45.226,2621.448058,,True,0.058,0.058,0.0,True,2.75,1955.0,True
Namibia,1962,621392.0,Africa,48.386,3173.215595,,True,0.061,0.058,0.0,True,3.07,1960.0,True
Namibia,1967,706640.0,Africa,51.159,3793.694753,9.63,True,0.067,0.059,0.0,True,3.43,1965.0,True
Namibia,1972,821782.0,Africa,53.867,3746.080948,9.77,True,0.062,0.059,0.0,True,3.95,1970.0,True
Namibia,1977,977026.0,Africa,56.437,3876.485958,10.21,True,0.069,0.061,0.0,True,4.47,1975.0,True
Namibia,1982,1099010.0,Africa,58.968,4191.100511,9.88,True,0.089,0.073,0.0,True,5.02,1980.0,True
Namibia,1987,1278184.0,Africa,60.835,3693.731337,8.09,True,0.081,0.083,0.0,True,5.62,1985.0,True
Namibia,1992,1554253.0,Africa,61.999,3804.537999,7.15,True,0.592,0.49,2.0,True,6.15,1990.0,True
Namibia,1997,1774766.0,Africa,58.909,3899.52426,7.56,True,0.67,0.552,2.0,True,6.05,1995.0,True
Namibia,2002,1972153.0,Africa,51.479,4072.324751,7.66,True,0.649,0.531,2.0,True,5.72,2000.0,True
Namibia,2007,2055080.0,Africa,52.906,4811.060429,6.2,True,0.656,0.541,2.0,True,5.97,2005.0,True
Nepal,1952,9182536.0,Asia,36.157,545.8657229,34.16,True,0.141,0.069,0.0,True,0.11,1950.0,True
Nepal,1957,9682338.0,Asia,37.686,597.9363558,33.73,True,0.141,0.07,0.0,True,0.11,1955.0,True
Nepal,1962,10332057.0,Asia,39.393,652.3968593,32.04,True,0.092,0.051,0.0,True,0.13,1960.0,True
Nepal,1967,11261690.0,Asia,41.472,676.4422254,28.74,True,0.092,0.08,0.0,True,0.27,1965.0,True
Nepal,1972,12412593.0,Asia,43.971,674.7881296,25.6,True,0.093,0.08,0.0,True,0.5,1970.0,True
Nepal,1977,13933198.0,Asia,46.748,694.1124398,22.73,True,0.093,0.08,0.0,True,0.72,1975.0,True
Nepal,1982,15796314.0,Asia,49.594,718.3730947,19.47,True,0.11,0.101,0.0,True,0.99,1980.0,True
Nepal,1987,17917180.0,Asia,52.537,775.6324501,16.02,True,0.112,0.1,0.0,True,1.76,1985.0,True
Nepal,1992,20326209.0,Asia,55.727,897.7403604,12.43,True,0.402,0.319,1.0,True,2.49,1990.0,True
Nepal,1997,23001113.0,Asia,59.426,1010.892138,9.4,True,0.395,0.309,1.0,True,2.65,1995.0,True
Nepal,2002,25873917.0,Asia,61.34,1057.206311,7.02,True,0.272,0.22,0.0,True,2.97,2000.0,True
Nepal,2007,28901790.0,Asia,63.785,1091.359778,5.47,True,0.273,0.276,0.0,True,3.55,2005.0,True
Netherlands,1952,10381988.0,Europe,72.13,8941.571858,2.9,True,0.774,0.712,3.0,True,6.08,1950.0,True
Netherlands,1957,11026383.0,Europe,72.99,11276.19344,2.31,True,0.786,0.726,3.0,True,6.14,1955.0,True
Netherlands,1962,11805689.0,Europe,73.23,12790.84956,1.97,True,0.796,0.735,3.0,True,6.19,1960.0,True
Netherlands,1967,12596822.0,Europe,73.82,15363.25136,1.74,True,0.825,0.767,3.0,True,7.31,1965.0,True
Netherlands,1972,13329874.0,Europe,73.75,18794.74567,1.47,True,0.848,0.793,3.0,True,8.2,1970.0,True
Netherlands,1977,13852989.0,Europe,75.24,21209.0592,1.21,True,0.847,0.791,3.0,True,8.93,1975.0,True
Netherlands,1982,14310401.0,Europe,76.05,21399.46046,1.04,True,0.863,0.815,3.0,True,9.46,1980.0,True
Netherlands,1987,14665278.0,Europe,76.83,23651.32361,0.92,True,0.862,0.814,3.0,True,9.92,1985.0,True
Netherlands,1992,15174244.0,Europe,77.42,26790.94961,0.77,True,0.86,0.811,3.0,True,10.28,1990.0,True
Netherlands,1997,15604464.0,Europe,78.03,30246.13063,0.66,True,0.858,0.81,3.0,True,10.56,1995.0,True
Netherlands,2002,16122830.0,Europe,78.53,33724.75778,0.59,True,0.852,0.803,3.0,True,10.81,2000.0,True
Netherlands,2007,16570613.0,Europe,79.762,36797.93332,0.49,True,0.871,0.822,3.0,True,10.8,2005.0,True
New Zealand,1952,1994794.0,Oceania,69.39,10556.57566,3.39,True,0.785,0.691,3.0,True,9.19,1950.0,True
New Zealand,1957,2229407.0,Oceania,70.26,12247.39532,3.01,True,0.803,0.709,3.0,True,9.48,1955.0,True
New Zealand,1962,2488550.0,Oceania,71.24,13175.678,2.58,True,0.823,0.742,3.0,True,9.9,1960.0,True
New Zealand,1967,2728150.0,Oceania,71.52,14463.91893,2.2,True,0.831,0.752,3.0,True,9.97,1965.0,True
New Zealand,1972,2929100.0,Oceania,71.89,16046.03728,1.98,True,0.847,0.769,3.0,True,10.93,1970.0,True
New Zealand,1977,3164900.0,Oceania,72.22,16233.7177,1.71,True,0.848,0.774,3.0,True,11.71,1975.0,True
New Zealand,1982,3210650.0,Oceania,73.84,17632.4104,1.48,True,0.852,0.779,3.0,True,11.59,1980.0,True
New Zealand,1987,3317166.0,Oceania,74.32,19007.19129,1.29,True,0.865,0.808,3.0,True,11.71,1985.0,True
New Zealand,1992,3437674.0,Oceania,76.33,18363.32494,1.0,True,0.873,0.816,3.0,True,11.62,1990.0,True
New Zealand,1997,3676187.0,Oceania,77.55,21050.41377,0.81,True,0.882,0.829,3.0,True,11.68,1995.0,True
New Zealand,2002,3908037.0,Oceania,79.11,23189.80135,0.7,True,0.881,0.827,3.0,True,11.76,2000.0,True
New Zealand,2007,4115771.0,Oceania,80.204,25185.00911,0.64,True,0.881,0.827,3.0,True,11.77,2005.0,True
Nicaragua,1952,1165790.0,Americas,42.314,3112.363948,,True,0.139,0.029,1.0,True,1.55,1950.0,True
Nicaragua,1957,1358828.0,Americas,45.432,3457.415947,19.6,True,0.172,0.035,1.0,True,1.83,1955.0,True
Nicaragua,1962,1590597.0,Americas,48.632,3634.364406,18.9,True,0.173,0.034,1.0,True,2.17,1960.0,True
Nicaragua,1967,1865490.0,Americas,51.884,4643.393534,18.11,True,0.176,0.035,1.0,True,2.58,1965.0,True
Nicaragua,1972,2182908.0,Americas,55.151,4688.593267,19.32,True,0.16,0.031,1.0,True,3.03,1970.0,True
Nicaragua,1977,2554598.0,Americas,57.47,5486.371089,13.54,True,0.173,0.034,1.0,True,3.32,1975.0,True
Nicaragua,1982,2979423.0,Americas,59.298,3470.338156,9.39,True,0.171,0.069,0.0,True,3.75,1980.0,True
Nicaragua,1987,3344353.0,Americas,62.008,2955.984375,7.59,True,0.364,0.16,1.0,True,4.1,1985.0,True
Nicaragua,1992,4017939.0,Americas,65.843,2170.151724,6.11,True,0.691,0.476,2.0,True,4.49,1990.0,True
Nicaragua,1997,4609572.0,Americas,68.426,2253.023004,4.5,True,0.635,0.411,2.0,True,5.02,1995.0,True
Nicaragua,2002,5146848.0,Americas,70.836,2474.548819,3.38,True,0.613,0.382,2.0,True,5.51,2000.0,True
Nicaragua,2007,5675356.0,Americas,72.899,2749.320965,2.71,True,0.457,0.218,1.0,True,5.98,2005.0,True
Niger,1952,3379468.0,Africa,37.444,761.879376,,True,0.037,0.071,0.0,True,0.32,1950.0,True
Niger,1957,3692184.0,Africa,38.598,835.5234025,,True,0.114,0.094,0.0,True,0.34,1955.0,True
Niger,1962,4076008.0,Africa,39.487,997.7661127,,True,0.196,0.129,1.0,True,0.38,1960.0,True
Niger,1967,4534062.0,Africa,40.118,1054.384891,32.11,True,0.186,0.126,0.0,True,0.4,1965.0,True
Niger,1972,5060262.0,Africa,40.546,954.2092363,34.09,True,0.187,0.124,0.0,True,0.44,1970.0,True
Niger,1977,5682086.0,Africa,41.291,808.8970728,33.66,True,0.09,0.087,0.0,True,0.52,1975.0,True
Niger,1982,6437188.0,Africa,42.598,909.7221354,32.65,True,0.09,0.087,0.0,True,0.65,1980.0,True
Niger,1987,7332638.0,Africa,44.555,668.3000228,34.21,True,0.093,0.091,0.0,True,0.83,1985.0,True
Niger,1992,8392818.0,Africa,47.391,581.182725,31.67,True,0.339,0.237,1.0,True,1.04,1990.0,True
Niger,1997,9666252.0,Africa,51.313,580.3052092,25.79,True,0.386,0.229,1.0,True,1.23,1995.0,True
Niger,2002,11140655.0,Africa,54.496,601.0745012,20.59,True,0.542,0.402,2.0,True,1.38,2000.0,True
Niger,2007,12894865.0,Africa,56.867,619.6768924,15.31,True,0.576,0.43,2.0,True,1.57,2005.0,True
Nigeria,1952,33119096.0,Africa,36.324,1077.281856,,True,0.151,0.109,0.0,True,,,False
Nigeria,1957,37173340.0,Africa,37.802,1100.592563,,True,0.19,0.128,0.0,True,,,False
Nigeria,1962,41871351.0,Africa,39.36,1150.927478,31.33,True,0.249,0.194,0.0,True,,,False
Nigeria,1967,47287752.0,Africa,41.04,1014.514104,30.54,True,0.182,0.084,0.0,True,,,False
Nigeria,1972,53740085.0,Africa,42.821,1698.388838,26.8,True,0.182,0.091,0.0,True,,,False
Nigeria,1977,62209173.0,Africa,44.514,1981.951806,22.88,True,0.19,0.093,0.0,True,,,False
Nigeria,1982,73039376.0,Africa,45.826,1576.97375,20.77,True,0.382,0.259,1.0,True,,,False
Nigeria,1987,81551520.0,Africa,46.886,1385.029563,20.8,True,0.193,0.096,0.0,True,,,False
Nigeria,1992,93364244.0,Africa,47.472,1619.848217,20.57,True,0.222,0.108,0.0,True,,,False
Nigeria,1997,106207839.0,Africa,47.464,1624.941275,19.43,True,0.201,0.096,0.0,True,,,False
Nigeria,2002,119901274.0,Africa,46.608,1615.286395,16.39,True,0.475,0.325,1.0,True,,,False
Nigeria,2007,135031164.0,Africa,46.859,2013.977305,13.65,True,0.41,0.295,1.0,True,,,False
Norway,1952,3327728.0,Europe,72.67,10095.42172,2.91,True,0.781,0.711,3.0,True,7.4,1950.0,True
Norway,1957,3491938.0,Europe,73.44,11653.97304,2.45,True,0.807,0.744,3.0,True,7.41,1955.0,True
Norway,1962,3638919.0,Europe,73.47,13450.40151,2.16,True,0.829,0.768,3.0,True,7.48,1960.0,True
Norway,1967,3786019.0,Europe,74.08,16361.87647,1.82,True,0.833,0.792,3.0,True,7.86,1965.0,True
Norway,1972,3933004.0,Europe,74.34,18965.05551,1.5,True,0.844,0.802,3.0,True,8.32,1970.0,True
Norway,1977,4043205.0,Europe,75.37,23311.34939,1.15,True,0.845,0.803,3.0,True,8.54,1975.0,True
Norway,1982,4114787.0,Europe,75.97,26298.63531,0.99,True,0.866,0.828,3.0,True,8.96,1980.0,True
Norway,1987,4186147.0,Europe,75.89,31540.9748,1.01,True,0.864,0.827,3.0,True,9.69,1985.0,True
Norway,1992,4286357.0,Europe,77.32,33965.66115,0.72,True,0.881,0.848,3.0,True,10.28,1990.0,True
Norway,1997,4405672.0,Europe,78.32,41283.16433,0.52,True,0.882,0.847,3.0,True,10.72,1995.0,True
Norway,2002,4535591.0,Europe,79.05,44683.97525,0.46,True,0.89,0.857,3.0,True,11.02,2000.0,True
Norway,2007,4627926.0,Europe,80.196,49357.19017,0.37,True,0.897,0.864,3.0,True,11.78,2005.0,True
Oman,1952,507833.0,Asia,37.578,1828.230307,,True,0.008,0.024,0.0,True,,,False
Oman,1957,561977.0,Asia,40.08,2242.746551,,True,0.007,0.024,0.0,True,,,False
Oman,1962,628164.0,Asia,43.165,2924.638113,33.9,True,0.007,0.024,0.0,True,,,False
Oman,1967,714775.0,Asia,46.988,4720.942687,26.94,True,0.007,0.022,0.0,True,,,False
Oman,1972,829050.0,Asia,52.143,10618.03855,20.62,True,0.013,0.05,0.0,True,,,False
Oman,1977,1004533.0,Asia,57.367,11848.34392,14.66,True,0.015,0.061,0.0,True,,,False
Oman,1982,1301048.0,Asia,62.728,12954.79101,9.22,True,0.015,0.063,0.0,True,,,False
Oman,1987,1593882.0,Asia,67.734,18115.22313,5.35,True,0.015,0.064,0.0,True,,,False
Oman,1992,1915208.0,Asia,71.197,18616.70691,3.22,True,0.015,0.083,0.0,True,,,False
Oman,1997,2283635.0,Asia,72.499,19702.05581,2.06,True,0.015,0.086,0.0,True,,,False
Oman,2002,2713462.0,Asia,74.193,19774.83687,1.46,True,0.148,0.123,0.0,True,,,False
Oman,2007,3204897.0,Asia,75.64,22316.19287,1.22,True,0.159,0.129,0.0,True,,,False
Pakistan,1952,41346560.0,Asia,43.436,684.5971438,34.98,True,0.199,0.163,0.0,True,0.99,1950.0,True
Pakistan,1957,46679944.0,Asia,45.557,747.0835292,28.37,True,0.196,0.156,0.0,True,1.01,1955.0,True
Pakistan,1962,53100671.0,Asia,47.67,803.3427418,23.5,True,0.134,0.103,0.0,True,1.15,1960.0,True
Pakistan,1967,60641899.0,Asia,49.8,942.4082588,20.24,True,0.139,0.129,0.0,True,1.39,1965.0,True
Pakistan,1972,69325921.0,Asia,51.929,1049.938981,18.44,True,0.167,0.113,0.0,True,1.58,1970.0,True
Pakistan,1977,78152686.0,Asia,54.043,1175.921193,17.19,True,0.217,0.112,1.0,True,1.88,1975.0,True
Pakistan,1982,91462088.0,Asia,56.158,1443.429832,16.14,True,0.111,0.058,0.0,True,2.15,1980.0,True
Pakistan,1987,105186881.0,Asia,58.245,1704.686583,14.85,True,0.17,0.115,1.0,True,2.51,1985.0,True
Pakistan,1992,120065004.0,Asia,60.838,1971.829464,13.46,True,0.369,0.198,1.0,True,2.92,1990.0,True
Pakistan,1997,135564834.0,Asia,61.818,2049.350521,11.79,True,0.388,0.2,1.0,True,3.36,1995.0,True
Pakistan,2002,153403524.0,Asia,63.61,2092.712441,10.25,True,0.243,0.132,1.0,True,3.87,2000.0,True
Pakistan,2007,169270617.0,Asia,65.483,2605.94758,9.23,True,0.35,0.189,1.0,True,4.93,2005.0,True
Panama,1952,940080.0,Americas,55.191,2480.380334,11.8,True,0.258,0.161,1.0,True,3.76,1950.0,True
Panama,1957,1063506.0,Americas,59.201,2961.800905,10.21,True,0.371,0.203,1.0,True,4.14,1955.0,True
Panama,1962,1215725.0,Americas,61.817,3536.540301,8.87,True,0.386,0.209,1.0,True,4.59,1960.0,True
Panama,1967,1405486.0,Americas,64.071,4421.009084,7.7,True,0.322,0.192,1.0,True,4.84,1965.0,True
Panama,1972,1616384.0,Americas,66.216,5364.249663,6.15,True,0.095,0.071,0.0,True,5.21,1970.0,True
Panama,1977,1839782.0,Americas,68.681,5351.912144,4.79,True,0.102,0.075,0.0,True,5.89,1975.0,True
Panama,1982,2036305.0,Americas,70.472,7009.601598,4.06,True,0.122,0.069,0.0,True,6.66,1980.0,True
Panama,1987,2253639.0,Americas,71.523,7034.779161,3.34,True,0.132,0.07,1.0,True,7.34,1985.0,True
Panama,1992,2484997.0,Americas,72.462,6618.74305,2.91,True,0.696,0.517,2.0,True,7.65,1990.0,True
Panama,1997,2734531.0,Americas,73.738,7113.692252,2.74,True,0.711,0.536,2.0,True,8.43,1995.0,True
Panama,2002,2990875.0,Americas,74.712,7356.031934,2.42,True,0.733,0.553,2.0,True,8.74,2000.0,True
Panama,2007,3242173.0,Americas,75.537,9809.185636,2.05,True,0.738,0.555,2.0,True,9.18,2005.0,True
Paraguay,1952,1555876.0,Americas,62.649,1952.308701,9.26,True,0.153,0.053,1.0,True,2.69,1950.0,True
Paraguay,1957,1770902.0,Americas,63.196,2046.154706,8.54,True,0.118,0.043,0.0,True,3.0,1955.0,True
Paraguay,1962,2009813.0,Americas,64.361,2148.027146,8.14,True,0.149,0.037,0.0,True,3.43,1960.0,True
Paraguay,1967,2287985.0,Americas,64.951,2299.376311,7.94,True,0.159,0.042,1.0,True,3.69,1965.0,True
Paraguay,1972,2614104.0,Americas,65.815,2523.337977,7.64,True,0.16,0.042,1.0,True,4.14,1970.0,True
Paraguay,1977,2984494.0,Americas,66.353,3248.373311,7.03,True,0.159,0.041,1.0,True,4.68,1975.0,True
Paraguay,1982,3366439.0,Americas,66.874,4258.503604,6.11,True,0.163,0.044,1.0,True,5.2,1980.0,True
Paraguay,1987,3886512.0,Americas,67.378,3998.875695,5.11,True,0.166,0.05,1.0,True,5.8,1985.0,True
Paraguay,1992,4483945.0,Americas,68.225,4196.411078,4.24,True,0.479,0.348,1.0,True,6.11,1990.0,True
Paraguay,1997,5154123.0,Americas,69.4,4247.400261,3.63,True,0.531,0.385,2.0,True,6.25,1995.0,True
Paraguay,2002,5884491.0,Americas,70.755,3783.674243,3.2,True,0.54,0.394,2.0,True,6.23,2000.0,True
Paraguay,2007,6667147.0,Americas,71.752,4172.838464,2.82,True,0.594,0.445,2.0,True,7.59,2005.0,True
Peru,1952,8025700.0,Americas,43.902,3758.523437,31.01,True,0.161,0.055,0.0,True,2.83,1950.0,True
Peru,1957,9146100.0,Americas,46.263,4245.256698,25.2,True,0.353,0.252,1.0,True,3.0,1955.0,True
Peru,1962,10516500.0,Americas,49.096,4957.037982,21.79,True,0.278,0.14,1.0,True,3.21,1960.0,True
Peru,1967,12132200.0,Americas,51.445,5788.09333,18.36,True,0.412,0.338,1.0,True,3.7,1965.0,True
Peru,1972,13954700.0,Americas,55.448,5937.827283,15.76,True,0.097,0.037,0.0,True,4.36,1970.0,True
Peru,1977,15990099.0,Americas,58.447,6281.290855,13.63,True,0.101,0.04,0.0,True,5.32,1975.0,True
Peru,1982,18125129.0,Americas,61.406,6434.501797,12.03,True,0.671,0.455,2.0,True,6.1,1980.0,True
Peru,1987,20195924.0,Americas,64.134,6360.943444,9.48,True,0.665,0.428,2.0,True,6.62,1985.0,True
Peru,1992,22430449.0,Americas,66.458,4446.380924,7.18,True,0.25,0.114,0.0,True,7.23,1990.0,True
Peru,1997,24748122.0,Americas,68.386,5838.347657,4.93,True,0.365,0.126,1.0,True,7.88,1995.0,True
Peru,2002,26769436.0,Americas,69.906,5909.020073,3.27,True,0.797,0.649,2.0,True,8.85,2000.0,True
Peru,2007,28674757.0,Americas,71.421,7408.905561,2.36,True,0.801,0.65,2.0,True,9.55,2005.0,True
Philippines,1952,22438691.0,Asia,47.752,1272.880995,15.46,True,0.346,0.263,1.0,True,2.21,1950.0,True
Philippines,1957,26072194.0,Asia,51.334,1547.944844,11.54,True,0.374,0.279,1.0,True,3.2,1955.0,True
Philippines,1962,30325264.0,Asia,54.757,1649.552153,9.69,True,0.395,0.291,1.0,True,3.46,1960.0,True
Philippines,1967,35356600.0,Asia,56.393,1814.12743,8.71,True,0.388,0.284,1.0,True,3.93,1965.0,True
Philippines,1972,40850141.0,Asia,58.065,1989.37407,8.21,True,0.141,0.064,0.0,True,4.71,1970.0,True
Philippines,1977,46850962.0,Asia,60.06,2373.204287,8.13,True,0.078,0.037,1.0,True,5.49,1975.0,True
Philippines,1982,53456774.0,Asia,62.082,2603.273765,7.69,True,0.176,0.061,0.0,True,6.21,1980.0,True
Philippines,1987,60017788.0,Asia,64.151,2189.634995,6.64,True,0.437,0.275,1.0,True,6.58,1985.0,True
Philippines,1992,67185766.0,Asia,66.458,2279.324017,4.97,True,0.558,0.433,2.0,True,7.1,1990.0,True
Philippines,1997,75012988.0,Asia,68.564,2536.534925,3.99,True,0.559,0.421,2.0,True,7.56,1995.0,True
Philippines,2002,82995088.0,Asia,70.303,2650.921068,3.52,True,0.535,0.396,2.0,True,7.87,2000.0,True
Philippines,2007,91077287.0,Asia,71.688,3190.481016,3.13,True,0.468,0.356,1.0,True,8.18,2005.0,True
Poland,1952,25730551.0,Europe,61.31,4029.329699,11.76,True,0.172,0.103,0.0,True,5.4,1950.0,True
Poland,1957,28235346.0,Europe,65.77,4734.253019,8.33,True,0.196,0.134,1.0,True,5.67,1955.0,True
Poland,1962,30329617.0,Europe,67.64,5338.752143,5.61,True,0.187,0.132,0.0,True,6.04,1960.0,True
Poland,1967,31785378.0,Europe,69.61,6557.152776,4.06,True,0.187,0.132,0.0,True,6.72,1965.0,True
Poland,1972,33039545.0,Europe,70.85,8006.506993,3.23,True,0.191,0.135,0.0,True,7.35,1970.0,True
Poland,1977,34621254.0,Europe,70.67,9508.141454,2.62,True,0.185,0.133,0.0,True,7.91,1975.0,True
Poland,1982,36227381.0,Europe,71.32,8451.531004,2.26,True,0.185,0.12,0.0,True,8.07,1980.0,True
Poland,1987,37740710.0,Europe,70.98,9082.351172,1.89,True,0.188,0.151,0.0,True,8.5,1985.0,True
Poland,1992,38370697.0,Europe,70.99,7738.881247,1.65,True,0.884,0.804,3.0,True,9.06,1990.0,True
Poland,1997,38654957.0,Europe,72.75,10159.58368,1.2,True,0.869,0.793,3.0,True,9.86,1995.0,True
Poland,2002,38625976.0,Europe,74.67,12002.23908,0.84,True,0.879,0.812,3.0,True,10.26,2000.0,True
Poland,2007,38518241.0,Europe,75.563,15389.92468,0.7,True,0.873,0.804,3.0,True,10.94,2005.0,True
Portugal,1952,8526050.0,Europe,59.82,3068.319867,13.96,True,0.12,0.075,0.0,True,1.9,1950.0,True
Portugal,1957,8817650.0,Europe,61.51,3774.571743,12.18,True,0.121,0.075,0.0,True,2.06,1955.0,True
Portugal,1962,9019800.0,Europe,64.39,4727.954889,10.41,True,0.127,0.076,0.0,True,2.28,1960.0,True
Portugal,1967,9103000.0,Europe,66.6,6361.517993,7.77,True,0.118,0.075,0.0,True,2.46,1965.0,True
Portugal,1972,8970450.0,Europe,69.26,9022.247417,5.78,True,0.147,0.083,0.0,True,2.93,1970.0,True
Portugal,1977,9662600.0,Europe,70.41,10172.48572,3.56,True,0.743,0.68,3.0,True,3.8,1975.0,True
Portugal,1982,9859650.0,Europe,72.77,11753.84291,2.42,True,0.846,0.78,3.0,True,4.65,1980.0,True
Portugal,1987,9915289.0,Europe,74.06,13039.30876,1.82,True,0.866,0.81,3.0,True,5.42,1985.0,True
Portugal,1992,9927680.0,Europe,74.86,16207.26663,1.25,True,0.863,0.808,3.0,True,6.0,1990.0,True
Portugal,1997,10156415.0,Europe,75.97,17641.03156,0.86,True,0.871,0.815,3.0,True,6.69,1995.0,True
Portugal,2002,10433867.0,Europe,77.29,19970.90787,0.6,True,0.878,0.824,3.0,True,7.43,2000.0,True
Portugal,2007,10642836.0,Europe,78.098,20509.64777,0.42,True,0.893,0.84,3.0,True,7.02,2005.0,True
Puerto Rico,1952,2227000.0,Americas,64.28,3081.959785,,False,,,,False,,,False
Puerto Rico,1957,2260000.0,Americas,68.54,3907.156189,,False,,,,False,,,False
Puerto Rico,1962,2448046.0,Americas,69.62,5108.34463,,False,,,,False,,,False
Puerto Rico,1967,2648961.0,Americas,71.1,6929.277714,,False,,,,False,,,False
Puerto Rico,1972,2847132.0,Americas,72.16,9123.041742,,False,,,,False,,,False
Puerto Rico,1977,3080828.0,Americas,73.44,9770.524921,,False,,,,False,,,False
Puerto Rico,1982,3279001.0,Americas,73.75,10330.98915,,False,,,,False,,,False
Puerto Rico,1987,3444468.0,Americas,74.63,12281.34191,,False,,,,False,,,False
Puerto Rico,1992,3585176.0,Americas,73.911,14641.58711,,False,,,,False,,,False
Puerto Rico,1997,3759430.0,Americas,74.917,16999.4333,,False,,,,False,,,False
Puerto Rico,2002,3859606.0,Americas,77.778,18855.60618,,False,,,,False,,,False
Puerto Rico,2007,3942491.0,Americas,78.746,19328.70901,,False,,,,False,,,False
Reunion,1952,257700.0,Africa,52.724,2718.885295,,False,,,,False,2.85,1950.0,True
Reunion,1957,308700.0,Africa,55.09,2769.451844,,False,,,,False,2.75,1955.0,True
Reunion,1962,358900.0,Africa,57.666,3173.72334,,False,,,,False,2.72,1960.0,True
Reunion,1967,414024.0,Africa,60.542,4021.175739,,False,,,,False,2.85,1965.0,True
Reunion,1972,461633.0,Africa,64.274,5047.658563,,False,,,,False,3.52,1970.0,True
Reunion,1977,492095.0,Africa,67.064,4319.804067,,False,,,,False,4.34,1975.0,True
Reunion,1982,517810.0,Africa,69.885,5267.219353,,False,,,,False,5.09,1980.0,True
Reunion,1987,562035.0,Africa,71.913,5303.377488,,False,,,,False,5.69,1985.0,True
Reunion,1992,622191.0,Africa,73.615,6101.255823,,False,,,,False,6.21,1990.0,True
Reunion,1997,684810.0,Africa,74.772,6071.941411,,False,,,,False,6.67,1995.0,True
Reunion,2002,743981.0,Africa,75.744,6316.1652,,False,,,,False,7.08,2000.0,True
Reunion,2007,798094.0,Africa,76.442,7670.122558,,False,,,,False,7.45,2005.0,True
Romania,1952,16630000.0,Europe,61.05,3144.613186,15.85,True,0.137,0.031,0.0,True,4.38,1950.0,True
Romania,1957,17829327.0,Europe,64.1,3943.370225,9.85,True,0.156,0.033,0.0,True,4.69,1955.0,True
Romania,1962,18680721.0,Europe,66.8,4734.997586,7.01,True,0.187,0.041,0.0,True,5.18,1960.0,True
Romania,1967,19284814.0,Europe,66.8,6470.866545,6.37,True,0.187,0.043,0.0,True,5.59,1965.0,True
Romania,1972,20662648.0,Europe,69.21,8011.414402,4.71,True,0.188,0.042,0.0,True,6.7,1970.0,True
Romania,1977,21658597.0,Europe,69.46,9356.39724,3.88,True,0.188,0.043,0.0,True,7.66,1975.0,True
Romania,1982,22356726.0,Europe,69.66,9605.314053,3.26,True,0.187,0.042,0.0,True,8.21,1980.0,True
Romania,1987,22686371.0,Europe,69.53,9696.273295,3.46,True,0.187,0.042,0.0,True,8.78,1985.0,True
Romania,1992,22797027.0,Europe,69.36,6598.409903,2.87,True,0.552,0.365,2.0,True,9.32,1990.0,True
Romania,1997,22562458.0,Europe,69.72,7346.547557,2.58,True,0.611,0.433,2.0,True,9.7,1995.0,True
Romania,2002,22404337.0,Europe,71.322,7885.360081,2.02,True,0.586,0.418,2.0,True,10.04,2000.0,True
Romania,2007,22276056.0,Europe,72.476,10808.47561,1.52,True,0.615,0.483,2.0,True,10.31,2005.0,True
Rwanda,1952,2534927.0,Africa,40.0,493.3238752,,True,0.016,0.026,0.0,True,0.32,1950.0,True
Rwanda,1957,2822082.0,Africa,41.5,540.2893983,23.8,True,0.062,0.03,0.0,True,0.45,1955.0,True
Rwanda,1962,3051242.0,Africa,43.0,597.4730727,20.96,True,0.265,0.175,1.0,True,0.79,1960.0,True
Rwanda,1967,3451079.0,Africa,44.1,510.9637142,21.1,True,0.238,0.169,1.0,True,0.94,1965.0,True
Rwanda,1972,3992121.0,Africa,44.6,590.5806638,22.78,True,0.241,0.17,1.0,True,1.16,1970.0,True
Rwanda,1977,4657072.0,Africa,45.0,670.0806011,25.13,True,0.09,0.102,0.0,True,1.44,1975.0,True
Rwanda,1982,5507565.0,Africa,46.218,881.5706467,18.66,True,0.21,0.15,0.0,True,1.69,1980.0,True
Rwanda,1987,6349365.0,Africa,44.02,847.991217,15.13,True,0.204,0.148,0.0,True,1.88,1985.0,True
Rwanda,1992,7290203.0,Africa,23.599,737.0685949,17.56,True,0.291,0.194,0.0,True,2.18,1990.0,True
Rwanda,1997,7212583.0,Africa,36.087,589.9445051,22.14,True,0.105,0.12,0.0,True,2.66,1995.0,True
Rwanda,2002,7852401.0,Africa,43.413,785.6537648,14.91,True,0.114,0.103,0.0,True,3.23,2000.0,True
Rwanda,2007,8860588.0,Africa,46.242,863.0884639,8.41,True,0.197,0.123,1.0,True,3.83,2005.0,True
Sao Tome and Principe,1952,60011.0,Africa,46.471,879.5835855,,True,0.028,0.081,0.0,True,,,False
Sao Tome and Principe,1957,61325.0,Africa,48.945,860.7369026,,True,0.028,0.082,0.0,True,,,False
Sao Tome and Principe,1962,65345.0,Africa,51.893,1071.551119,,True,0.028,0.083,0.0,True,,,False
Sao Tome and Principe,1967,70787.0,Africa,54.425,1384.840593,9.01,True,0.028,0.086,0.0,True,,,False
Sao Tome and Principe,1972,76595.0,Africa,56.48,1532.985254,8.67,True,0.041,0.087,0.0,True,,,False
Sao Tome and Principe,1977,86796.0,Africa,58.55,1737.561657,8.96,True,0.157,0.156,0.0,True,,,False
Sao Tome and Principe,1982,98593.0,Africa,60.351,1890.218117,9.44,True,0.157,0.159,0.0,True,,,False
Sao Tome and Principe,1987,110812.0,Africa,61.728,1516.525457,10.48,True,0.188,0.168,0.0,True,,,False
Sao Tome and Principe,1992,125911.0,Africa,62.742,1428.777814,10.94,True,0.642,0.506,2.0,True,,,False
Sao Tome and Principe,1997,145608.0,Africa,63.306,1339.076036,9.74,True,0.641,0.508,2.0,True,,,False
Sao Tome and Principe,2002,170372.0,Africa,64.337,1353.09239,7.11,True,0.661,0.52,2.0,True,,,False
Sao Tome and Principe,2007,199579.0,Africa,65.528,1598.435089,4.69,True,0.656,0.537,2.0,True,,,False
Saudi Arabia,1952,4005677.0,Asia,39.875,6459.554823,,True,0.009,0.034,0.0,True,2.31,1950.0,True
Saudi Arabia,1957,4419650.0,Asia,42.868,8157.591248,,True,0.014,0.038,0.0,True,2.51,1955.0,True
Saudi Arabia,1962,4943029.0,Asia,45.914,11626.41975,,True,0.014,0.04,0.0,True,2.71,1960.0,True
Saudi Arabia,1967,5618198.0,Asia,49.901,16903.04886,,True,0.014,0.041,0.0,True,3.05,1965.0,True
Saudi Arabia,1972,6472756.0,Asia,53.886,24837.42865,15.94,True,0.014,0.041,0.0,True,3.22,1970.0,True
Saudi Arabia,1977,8128505.0,Asia,58.69,34167.7626,11.4,True,0.012,0.037,0.0,True,3.73,1975.0,True
Saudi Arabia,1982,11254672.0,Asia,63.012,33693.17525,8.09,True,0.014,0.038,0.0,True,4.26,1980.0,True
Saudi Arabia,1987,14619745.0,Asia,66.295,21198.26136,5.59,True,0.014,0.038,0.0,True,5.17,1985.0,True
Saudi Arabia,1992,16945857.0,Asia,68.768,24841.61777,3.78,True,0.014,0.039,0.0,True,5.84,1990.0,True
Saudi Arabia,1997,21229759.0,Asia,70.533,20586.69019,2.65,True,0.016,0.039,0.0,True,6.34,1995.0,True
Saudi Arabia,2002,24501530.0,Asia,71.626,19014.54118,1.94,True,0.018,0.039,0.0,True,7.08,2000.0,True
Saudi Arabia,2007,27601038.0,Asia,72.777,21654.83194,1.45,True,0.02,0.042,0.0,True,7.69,2005.0,True
Senegal,1952,2755589.0,Africa,37.278,1450.356983,32.63,True,0.244,0.116,0.0,True,1.76,1950.0,True
Senegal,1957,3054547.0,Africa,39.329,1567.653006,30.12,True,0.245,0.118,0.0,True,1.84,1955.0,True
Senegal,1962,3430243.0,Africa,41.454,1654.988723,29.6,True,0.394,0.291,1.0,True,2.08,1960.0,True
Senegal,1967,3965841.0,Africa,43.563,1612.404632,29.59,True,0.325,0.261,1.0,True,2.11,1965.0,True
Senegal,1972,4588696.0,Africa,45.815,1597.712056,27.73,True,0.381,0.293,1.0,True,2.29,1970.0,True
Senegal,1977,5260855.0,Africa,48.879,1561.769116,23.13,True,0.373,0.292,1.0,True,2.45,1975.0,True
Senegal,1982,6147783.0,Africa,52.379,1518.479984,19.17,True,0.466,0.351,1.0,True,2.49,1980.0,True
Senegal,1987,7171347.0,Africa,55.769,1441.72072,15.43,True,0.494,0.369,1.0,True,2.43,1985.0,True
Senegal,1992,8307920.0,Africa,58.196,1367.899369,13.46,True,0.537,0.403,2.0,True,2.33,1990.0,True
Senegal,1997,9535314.0,Africa,60.187,1392.368347,13.79,True,0.642,0.475,2.0,True,2.2,1995.0,True
Senegal,2002,10870037.0,Africa,61.6,1519.635262,11.32,True,0.688,0.531,2.0,True,1.92,2000.0,True
Senegal,2007,12267493.0,Africa,63.062,1712.472136,7.5,True,0.674,0.52,2.0,True,1.57,2005.0,True
Serbia,1952,6860147.0,Europe,57.996,3581.459448,,True,0.094,0.093,0.0,True,4.32,1950.0,True
Serbia,1957,7271135.0,Europe,61.685,4981.090891,,True,0.094,0.097,0.0,True,4.8,1955.0,True
Serbia,1962,7616060.0,Europe,64.531,6289.629157,,True,0.093,0.097,0.0,True,4.98,1960.0,True
Serbia,1967,7971222.0,Europe,66.914,7991.707066,,True,0.095,0.117,0.0,True,5.28,1965.0,True
Serbia,1972,8313288.0,Europe,68.7,10522.06749,,True,0.095,0.117,0.0,True,5.81,1970.0,True
Serbia,1977,8686367.0,Europe,70.3,12980.66956,,True,0.095,0.121,0.0,True,6.51,1975.0,True
Serbia,1982,9032824.0,Europe,70.162,15181.0927,,True,0.137,0.136,0.0,True,7.06,1980.0,True
Serbia,1987,9230783.0,Europe,71.218,15870.87851,3.63,True,0.138,0.137,0.0,True,7.65,1985.0,True
Serbia,1992,9826397.0,Europe,71.659,9325.068238,2.45,True,0.241,0.151,1.0,True,7.89,1990.0,True
Serbia,1997,10336594.0,Europe,72.232,7914.320304,1.55,True,0.303,0.186,1.0,True,8.57,1995.0,True
Serbia,2002,10111559.0,Europe,73.213,7236.075251,1.14,True,0.612,0.504,2.0,True,9.0,2000.0,True
Serbia,2007,10150265.0,Europe,74.002,9786.534714,0.81,True,0.632,0.528,3.0,True,10.06,2005.0,True
Sierra Leone,1952,2143249.0,Africa,30.331,879.7877358,,True,0.153,0.084,0.0,True,0.41,1950.0,True
Sierra Leone,1957,2295678.0,Africa,31.57,1004.484437,40.77,True,0.165,0.09,0.0,True,0.46,1955.0,True
Sierra Leone,1962,2467895.0,Africa,32.767,1116.639877,37.87,True,0.36,0.182,1.0,True,0.5,1960.0,True
Sierra Leone,1967,2662190.0,Africa,34.113,1206.043465,34.9,True,0.239,0.112,0.0,True,0.67,1965.0,True
Sierra Leone,1972,2879013.0,Africa,35.4,1353.759762,32.15,True,0.205,0.092,0.0,True,0.84,1970.0,True
Sierra Leone,1977,3140897.0,Africa,36.788,1348.285159,29.82,True,0.224,0.095,1.0,True,1.1,1975.0,True
Sierra Leone,1982,3464522.0,Africa,38.445,1465.010784,27.92,True,0.181,0.086,1.0,True,1.4,1980.0,True
Sierra Leone,1987,3868905.0,Africa,40.006,1294.447788,26.48,True,0.195,0.089,1.0,True,1.75,1985.0,True
Sierra Leone,1992,4260884.0,Africa,38.333,1068.696278,25.38,True,0.166,0.048,1.0,True,2.09,1990.0,True
Sierra Leone,1997,4578212.0,Africa,39.897,574.6481576,23.79,True,0.296,0.097,1.0,True,2.46,1995.0,True
Sierra Leone,2002,5359092.0,Africa,41.012,699.489713,21.16,True,0.43,0.263,1.0,True,2.78,2000.0,True
Sierra Leone,2007,6144562.0,Africa,42.568,862.5407561,17.96,True,0.537,0.346,2.0,True,3.22,2005.0,True
Singapore,1952,1127000.0,Asia,60.396,2315.138227,9.69,True,0.198,0.176,0.0,True,2.71,1950.0,True
Singapore,1957,1445929.0,Asia,63.179,2843.104409,6.15,True,0.277,0.213,1.0,True,3.1,1955.0,True
Singapore,1962,1750200.0,Asia,65.798,3674.735572,4.05,True,0.409,0.29,1.0,True,3.7,1960.0,True
Singapore,1967,1977600.0,Asia,67.946,4977.41854,3.18,True,0.308,0.258,1.0,True,4.36,1965.0,True
Singapore,1972,2152400.0,Asia,69.521,8597.756202,2.4,True,0.319,0.27,1.0,True,5.2,1970.0,True
Singapore,1977,2325300.0,Asia,70.795,11210.08948,1.54,True,0.329,0.273,1.0,True,5.07,1975.0,True
Singapore,1982,2651869.0,Asia,71.76,15169.16112,1.32,True,0.345,0.284,1.0,True,5.26,1980.0,True
Singapore,1987,2794552.0,Asia,73.56,18861.53081,0.97,True,0.353,0.288,1.0,True,5.97,1985.0,True
Singapore,1992,3235865.0,Asia,75.788,24769.8912,0.63,True,0.362,0.295,1.0,True,6.66,1990.0,True
Singapore,1997,3802309.0,Asia,77.158,33519.4766,0.46,True,0.374,0.3,1.0,True,7.98,1995.0,True
Singapore,2002,4197776.0,Asia,78.77,36023.1054,0.34,True,0.377,0.303,1.0,True,9.15,2000.0,True
Singapore,2007,4553009.0,Asia,79.972,47143.17964,0.29,True,0.385,0.306,1.0,True,8.83,2005.0,True
Slovak Republic,1952,3558137.0,Europe,64.36,5074.659104,8.86,True,,,,True,8.13,1950.0,True
Slovak Republic,1957,3844277.0,Europe,67.45,6093.26298,4.66,True,,,,True,8.28,1955.0,True
Slovak Republic,1962,4237384.0,Europe,70.33,7481.107598,3.31,True,,,,True,8.4,1960.0,True
Slovak Republic,1967,4442238.0,Europe,70.98,8412.902397,3.02,True,,,,True,9.0,1965.0,True
Slovak Republic,1972,4593433.0,Europe,70.35,9674.167626,2.89,True,,,,True,9.5,1970.0,True
Slovak Republic,1977,4827803.0,Europe,70.45,10922.66404,2.55,True,,,,True,9.87,1975.0,True
Slovak Republic,1982,5048043.0,Europe,70.8,11348.54585,2.08,True,,,,True,10.14,1980.0,True
Slovak Republic,1987,5199318.0,Europe,71.08,12037.26758,1.65,True,,,,True,10.31,1985.0,True
Slovak Republic,1992,5302888.0,Europe,71.38,9498.467723,1.37,True,,,,True,10.69,1990.0,True
Slovak Republic,1997,5383010.0,Europe,72.71,12126.23065,1.09,True,0.706,0.535,2.0,True,11.24,1995.0,True
Slovak Republic,2002,5410052.0,Europe,73.8,13638.77837,0.91,True,0.847,0.747,3.0,True,11.2,2000.0,True
Slovak Republic,2007,5447502.0,Europe,74.663,18678.31435,0.77,True,0.831,0.73,3.0,True,12.22,2005.0,True
Slovenia,1952,1489518.0,Europe,65.57,4215.041741,,True,,,,True,5.86,1950.0,True
Slovenia,1957,1533070.0,Europe,67.85,5862.276629,,True,,,,True,6.27,1955.0,True
Slovenia,1962,1582962.0,Europe,69.15,7402.303395,,True,,,,True,6.43,1960.0,True
Slovenia,1967,1646912.0,Europe,69.18,9405.489397,,True,,,,True,7.18,1965.0,True
Slovenia,1972,1694510.0,Europe,69.82,12383.4862,,True,,,,True,7.83,1970.0,True
Slovenia,1977,1746919.0,Europe,70.97,15277.03017,,True,,,,True,8.59,1975.0,True
Slovenia,1982,1861252.0,Europe,71.063,17866.72175,1.69,True,,,,True,9.07,1980.0,True
Slovenia,1987,1945870.0,Europe,72.25,18678.53492,1.27,True,,,,True,10.07,1985.0,True
Slovenia,1992,1999210.0,Europe,73.64,14214.71681,0.9,True,0.853,0.767,3.0,True,10.77,1990.0,True
Slovenia,1997,2011612.0,Europe,75.13,17161.10735,0.65,True,0.842,0.76,3.0,True,11.05,1995.0,True
Slovenia,2002,2011497.0,Europe,76.66,20660.01936,0.49,True,0.848,0.763,3.0,True,11.35,2000.0,True
Slovenia,2007,2009245.0,Europe,77.926,25768.25759,0.38,True,0.829,0.741,3.0,True,11.59,2005.0,True
Somalia,1952,2526994.0,Africa,32.978,1135.749842,,True,0.075,0.063,0.0,True,,,False
Somalia,1957,2780415.0,Africa,34.977,1258.147413,,True,0.279,0.179,1.0,True,,,False
Somalia,1962,3080153.0,Africa,36.981,1369.488336,,True,0.367,0.242,1.0,True,,,False
Somalia,1967,3428839.0,Africa,38.977,1284.73318,,True,0.343,0.23,1.0,True,,,False
Somalia,1972,3840161.0,Africa,40.973,1254.576127,,True,0.076,0.021,0.0,True,,,False
Somalia,1977,4353666.0,Africa,41.974,1450.992513,,True,0.076,0.02,0.0,True,,,False
Somalia,1982,5828892.0,Africa,42.955,1176.807031,20.38,True,0.145,0.041,1.0,True,,,False
Somalia,1987,6921858.0,Africa,44.501,1093.244963,18.96,True,0.143,0.041,0.0,True,,,False
Somalia,1992,6099799.0,Africa,39.658,926.9602964,37.66,True,0.154,0.026,0.0,True,,,False
Somalia,1997,6633514.0,Africa,43.795,930.5964284,17.32,True,0.163,0.027,0.0,True,,,False
Somalia,2002,7753310.0,Africa,45.936,882.0818218,17.32,True,0.172,0.028,0.0,True,,,False
Somalia,2007,9118773.0,Africa,48.159,926.1410683,17.05,True,0.178,0.096,0.0,True,,,False
South Africa,1952,14264935.0,Africa,45.009,4725.295531,,True,0.2,0.103,1.0,True,4.03,1950.0,True
South Africa,1957,16151549.0,Africa,47.985,5487.104219,,True,0.193,0.101,1.0,True,4.32,1955.0,True
South Africa,1962,18356657.0,Africa,49.951,5768.729717,,True,0.168,0.094,1.0,True,4.39,1960.0,True
South Africa,1967,20997321.0,Africa,51.927,7114.477971,,True,0.164,0.093,1.0,True,4.45,1965.0,True
South Africa,1972,23935810.0,Africa,53.696,7765.962636,,True,0.165,0.094,1.0,True,4.61,1970.0,True
South Africa,1977,27129932.0,Africa,55.527,8028.651439,11.11,True,0.162,0.093,1.0,True,4.83,1975.0,True
South Africa,1982,31140029.0,Africa,58.161,8568.266228,8.38,True,0.178,0.097,1.0,True,5.11,1980.0,True
South Africa,1987,35933379.0,Africa,60.834,7825.823398,6.57,True,0.178,0.12,0.0,True,5.11,1985.0,True
South Africa,1992,39964159.0,Africa,61.888,7225.069258,5.62,True,0.253,0.15,0.0,True,6.81,1990.0,True
South Africa,1997,42835005.0,Africa,60.236,7479.188244,6.29,True,0.659,0.553,3.0,True,8.29,1995.0,True
South Africa,2002,44433622.0,Africa,53.365,7710.946444,7.7,True,0.743,0.628,3.0,True,7.68,2000.0,True
South Africa,2007,43997828.0,Africa,49.339,9269.657808,7.12,True,0.768,0.651,3.0,True,8.65,2005.0,True
Spain,1952,28549870.0,Europe,64.94,3834.034742,8.35,True,0.069,0.063,0.0,True,3.83,1950.0,True
Spain,1957,29841614.0,Europe,66.66,4564.80241,6.24,True,0.069,0.062,0.0,True,3.83,1955.0,True
Spain,1962,31158061.0,Europe,69.69,5693.843879,4.94,True,0.071,0.067,0.0,True,4.18,1960.0,True
Spain,1967,32850275.0,Europe,71.44,7993.512294,3.82,True,0.086,0.069,0.0,True,4.48,1965.0,True
Spain,1972,34513161.0,Europe,73.06,10638.75131,2.72,True,0.112,0.075,0.0,True,5.59,1970.0,True
Spain,1977,36439000.0,Europe,74.39,13236.92117,1.87,True,0.404,0.28,1.0,True,5.91,1975.0,True
Spain,1982,37983310.0,Europe,76.3,13926.16997,1.3,True,0.88,0.793,2.0,True,6.81,1980.0,True
Spain,1987,38880702.0,Europe,76.9,15764.98313,1.03,True,0.894,0.816,3.0,True,6.89,1985.0,True
Spain,1992,39549438.0,Europe,77.57,18603.06452,0.83,True,0.893,0.814,3.0,True,7.02,1990.0,True
Spain,1997,39855442.0,Europe,78.77,20445.29896,0.61,True,0.895,0.823,3.0,True,8.11,1995.0,True
Spain,2002,40152517.0,Europe,79.78,24835.47166,0.51,True,0.891,0.81,3.0,True,8.93,2000.0,True
Spain,2007,40448191.0,Europe,80.941,28821.0637,0.44,True,0.874,0.804,3.0,True,10.12,2005.0,True
Sri Lanka,1952,7982342.0,Asia,57.593,1083.53203,13.02,True,0.651,0.508,2.0,True,3.4,1950.0,True
Sri Lanka,1957,9128546.0,Asia,61.456,1072.546602,11.25,True,0.634,0.487,2.0,True,3.7,1955.0,True
Sri Lanka,1962,10421936.0,Asia,62.192,1074.47196,8.67,True,0.66,0.496,2.0,True,3.98,1960.0,True
Sri Lanka,1967,11737396.0,Asia,64.266,1135.514326,7.55,True,0.665,0.499,2.0,True,4.33,1965.0,True
Sri Lanka,1972,13016733.0,Asia,65.042,1213.39553,6.83,True,0.601,0.434,2.0,True,6.38,1970.0,True
Sri Lanka,1977,14116836.0,Asia,65.949,1348.775651,5.76,True,0.574,0.418,2.0,True,6.72,1975.0,True
Sri Lanka,1982,15410151.0,Asia,68.757,1648.079789,3.98,True,0.511,0.333,2.0,True,6.96,1980.0,True
Sri Lanka,1987,16495304.0,Asia,69.011,1876.766827,2.53,True,0.47,0.287,1.0,True,7.62,1985.0,True
Sri Lanka,1992,17587060.0,Asia,70.379,2153.739222,2.29,True,0.445,0.278,1.0,True,8.51,1990.0,True
Sri Lanka,1997,18698655.0,Asia,70.457,2664.477257,1.86,True,0.55,0.349,2.0,True,9.35,1995.0,True
Sri Lanka,2002,19576783.0,Asia,70.815,3015.378833,1.55,True,0.536,0.341,2.0,True,10.24,2000.0,True
Sri Lanka,2007,20378239.0,Asia,72.396,3970.095407,1.26,True,0.373,0.237,1.0,True,10.31,2005.0,True
Sudan,1952,8504667.0,Africa,38.635,1615.991129,,True,0.107,0.06,0.0,True,0.32,1950.0,True
Sudan,1957,9753392.0,Africa,39.624,1770.337074,18.78,True,0.29,0.146,1.0,True,0.4,1955.0,True
Sudan,1962,11183227.0,Africa,40.87,1959.593767,17.36,True,0.073,0.049,0.0,True,0.48,1960.0,True
Sudan,1967,12716129.0,Africa,42.858,1687.997641,16.29,True,0.204,0.104,0.0,True,0.59,1965.0,True
Sudan,1972,14597019.0,Africa,45.083,1659.652775,15.7,True,0.145,0.059,1.0,True,0.73,1970.0,True
Sudan,1977,17104986.0,Africa,47.8,2202.988423,15.14,True,0.161,0.08,1.0,True,0.96,1975.0,True
Sudan,1982,20367053.0,Africa,50.338,1895.544073,14.54,True,0.165,0.077,1.0,True,1.27,1980.0,True
Sudan,1987,24725960.0,Africa,51.744,1507.819159,13.75,True,0.371,0.169,1.0,True,1.71,1985.0,True
Sudan,1992,28227588.0,Africa,53.556,1492.197043,12.59,True,0.088,0.02,0.0,True,2.15,1990.0,True
Sudan,1997,32160729.0,Africa,55.373,1632.210764,11.18,True,0.153,0.026,1.0,True,2.52,1995.0,True
Sudan,2002,37090298.0,Africa,56.369,1993.398314,9.52,True,0.175,0.037,1.0,True,2.82,2000.0,True
Sudan,2007,42292929.0,Africa,58.556,2602.394995,8.04,True,0.205,0.064,1.0,True,3.15,2005.0,True
Swaziland,1952,290243.0,Africa,41.407,1148.376626,23.34,True,0.051,0.072,0.0,True,1.23,1950.0,True
Swaziland,1957,326741.0,Africa,43.424,1244.708364,21.84,True,0.051,0.074,0.0,True,1.48,1955.0,True
Swaziland,1962,370006.0,Africa,44.992,1856.182125,20.23,True,0.055,0.076,0.0,True,1.72,1960.0,True
Swaziland,1967,420690.0,Africa,46.633,2613.101665,18.3,True,0.187,0.128,0.0,True,2.06,1965.0,True
Swaziland,1972,480105.0,Africa,49.552,3364.836625,15.97,True,0.208,0.135,0.0,True,2.89,1970.0,True
Swaziland,1977,551425.0,Africa,52.537,3781.410618,13.02,True,0.091,0.081,0.0,True,3.81,1975.0,True
Swaziland,1982,649901.0,Africa,55.561,3895.384018,10.2,True,0.133,0.109,0.0,True,4.44,1980.0,True
Swaziland,1987,779348.0,Africa,57.678,3984.839812,7.57,True,0.127,0.107,0.0,True,5.08,1985.0,True
Swaziland,1992,962344.0,Africa,58.474,3553.0224,6.67,True,0.126,0.104,0.0,True,5.09,1990.0,True
Swaziland,1997,1054486.0,Africa,54.289,3876.76846,9.54,True,0.116,0.099,0.0,True,5.0,1995.0,True
Swaziland,2002,1130269.0,Africa,43.869,4128.116943,11.7,True,0.128,0.095,0.0,True,4.44,2000.0,True
Swaziland,2007,1133066.0,Africa,39.613,4513.480643,10.03,True,0.13,0.095,0.0,True,2.99,2005.0,True
Sweden,1952,7124673.0,Europe,71.86,8527.844662,2.43,True,0.77,0.72,3.0,True,6.75,1950.0,True
Sweden,1957,7363802.0,Europe,72.49,9911.878226,2.06,True,0.772,0.722,3.0,True,7.02,1955.0,True
Sweden,1962,7561588.0,Europe,73.37,12329.44192,1.86,True,0.775,0.728,3.0,True,7.56,1960.0,True
Sweden,1967,7867931.0,Europe,74.16,15258.29697,1.49,True,0.776,0.728,3.0,True,7.96,1965.0,True
Sweden,1972,8122293.0,Europe,74.72,17832.02464,1.22,True,0.895,0.856,3.0,True,8.45,1970.0,True
Sweden,1977,8251648.0,Europe,75.44,18855.72521,0.94,True,0.909,0.874,3.0,True,9.24,1975.0,True
Sweden,1982,8325260.0,Europe,76.42,20667.38125,0.8,True,0.91,0.875,3.0,True,9.86,1980.0,True
Sweden,1987,8421403.0,Europe,77.19,23586.92927,0.74,True,0.907,0.872,3.0,True,10.2,1985.0,True
Sweden,1992,8718867.0,Europe,78.16,23880.01683,0.62,True,0.912,0.876,3.0,True,10.58,1990.0,True
Sweden,1997,8897619.0,Europe,79.39,25266.59499,0.44,True,0.912,0.878,3.0,True,11.18,1995.0,True
Sweden,2002,8954175.0,Europe,80.04,29341.63093,0.4,True,0.91,0.876,3.0,True,11.38,2000.0,True
Sweden,2007,9031088.0,Europe,80.884,33859.74835,0.33,True,0.915,0.881,3.0,True,11.81,2005.0,True
Switzerland,1952,4815000.0,Europe,69.62,14734.23275,3.58,True,0.619,0.564,3.0,True,8.84,1950.0,True
Switzerland,1957,5126000.0,Europe,70.56,17909.48973,2.9,True,0.617,0.562,3.0,True,8.96,1955.0,True
Switzerland,1962,5666000.0,Europe,71.32,20431.0927,2.53,True,0.622,0.567,3.0,True,9.04,1960.0,True
Switzerland,1967,6063000.0,Europe,72.77,22966.14432,2.07,True,0.626,0.572,3.0,True,9.36,1965.0,True
Switzerland,1972,6401400.0,Europe,73.78,27195.11304,1.67,True,0.856,0.791,3.0,True,9.72,1970.0,True
Switzerland,1977,6316424.0,Europe,75.39,26982.29052,1.21,True,0.868,0.808,3.0,True,10.34,1975.0,True
Switzerland,1982,6468126.0,Europe,76.21,28397.71512,0.97,True,0.871,0.813,3.0,True,11.06,1980.0,True
Switzerland,1987,6649942.0,Europe,77.41,30281.70459,0.88,True,0.871,0.815,3.0,True,10.31,1985.0,True
Switzerland,1992,6995447.0,Europe,78.03,31871.5303,0.75,True,0.883,0.827,3.0,True,10.01,1990.0,True
Switzerland,1997,7193761.0,Europe,79.37,32135.32301,0.6,True,0.889,0.838,3.0,True,9.83,1995.0,True
Switzerland,2002,7361757.0,Europe,80.62,34480.95771,0.54,True,0.889,0.839,3.0,True,9.78,2000.0,True
Switzerland,2007,7554661.0,Europe,81.701,37506.41907,0.48,True,0.89,0.845,3.0,True,10.55,2005.0,True
Syria,1952,3661549.0,Asia,45.883,1643.485354,27.68,True,0.147,0.105,0.0,True,0.85,1950.0,True
Syria,1957,4149908.0,Asia,48.284,2117.234893,20.5,True,0.308,0.202,1.0,True,0.98,1955.0,True
Syria,1962,4834621.0,Asia,50.305,2193.037133,15.59,True,0.262,0.157,1.0,True,1.21,1960.0,True
Syria,1967,5680812.0,Asia,53.655,1881.923632,12.32,True,0.1,0.045,0.0,True,1.53,1965.0,True
Syria,1972,6701172.0,Asia,57.296,2571.423014,9.39,True,0.147,0.041,1.0,True,2.04,1970.0,True
Syria,1977,7932503.0,Asia,61.195,3195.484582,7.15,True,0.144,0.039,1.0,True,2.7,1975.0,True
Syria,1982,9410494.0,Asia,64.59,3761.837715,7.1,True,0.144,0.037,1.0,True,3.36,1980.0,True
Syria,1987,11242847.0,Asia,66.974,3116.774285,4.19,True,0.143,0.036,1.0,True,4.07,1985.0,True
Syria,1992,13219062.0,Asia,69.249,3340.542768,3.38,True,0.144,0.039,1.0,True,4.47,1990.0,True
Syria,1997,15081016.0,Asia,71.527,4014.238972,2.65,True,0.146,0.04,1.0,True,4.56,1995.0,True
Syria,2002,17155814.0,Asia,73.053,4090.925331,2.14,True,0.151,0.052,1.0,True,4.58,2000.0,True
Syria,2007,19314747.0,Asia,74.143,4184.548089,1.91,True,0.146,0.05,1.0,True,5.9,2005.0,True
Taiwan,1952,8550362.0,Asia,58.5,1206.947913,,True,0.078,0.055,0.0,True,3.03,1950.0,True
Taiwan,1957,10164215.0,Asia,62.4,1507.86129,,True,0.078,0.057,0.0,True,3.33,1955.0,True
Taiwan,1962,11918938.0,Asia,65.2,1822.879028,,True,0.082,0.062,0.0,True,3.71,1960.0,True
Taiwan,1967,13648692.0,Asia,67.5,2643.858681,,True,0.082,0.062,0.0,True,4.11,1965.0,True
Taiwan,1972,15226039.0,Asia,69.39,4062.523897,2.2,True,0.113,0.068,0.0,True,4.92,1970.0,True
Taiwan,1977,16785196.0,Asia,70.59,5596.519826,1.66,True,0.118,0.082,0.0,True,5.81,1975.0,True
Taiwan,1982,18501390.0,Asia,72.16,7426.354774,1.28,True,0.133,0.097,0.0,True,6.74,1980.0,True
Taiwan,1987,19757799.0,Asia,73.4,11054.56175,0.85,True,0.201,0.131,0.0,True,7.4,1985.0,True
Taiwan,1992,20686918.0,Asia,74.26,15215.6579,0.82,True,0.295,0.262,0.0,True,8.07,1990.0,True
Taiwan,1997,21628605.0,Asia,75.25,20206.82098,0.9,True,0.649,0.49,2.0,True,8.77,1995.0,True
Taiwan,2002,22454239.0,Asia,76.99,23235.42329,0.77,True,0.795,0.694,3.0,True,9.58,2000.0,True
Taiwan,2007,23174294.0,Asia,78.4,28718.27684,0.66,True,0.777,0.677,3.0,True,10.54,2005.0,True
Tanzania,1952,8322925.0,Africa,41.215,716.6500721,25.52,True,0.058,0.091,0.0,True,1.21,1950.0,True
Tanzania,1957,9452826.0,Africa,42.974,698.5356073,24.6,True,0.074,0.097,0.0,True,1.27,1955.0,True
Tanzania,1962,10863958.0,Africa,44.246,722.0038073,23.73,True,0.248,0.247,1.0,True,1.65,1960.0,True
Tanzania,1967,12607312.0,Africa,45.757,848.2186575,22.44,True,0.248,0.24,1.0,True,1.83,1965.0,True
Tanzania,1972,14706593.0,Africa,47.62,915.9850592,20.82,True,0.246,0.234,1.0,True,2.27,1970.0,True
Tanzania,1977,17129565.0,Africa,49.919,962.4922932,18.84,True,0.243,0.237,1.0,True,2.56,1975.0,True
Tanzania,1982,19844382.0,Africa,50.608,874.2426069,17.86,True,0.252,0.241,1.0,True,3.24,1980.0,True
Tanzania,1987,23040630.0,Africa,51.535,831.8220794,17.47,True,0.268,0.249,1.0,True,3.67,1985.0,True
Tanzania,1992,26605473.0,Africa,50.44,825.682454,16.36,True,0.396,0.333,1.0,True,4.09,1990.0,True
Tanzania,1997,30686889.0,Africa,48.466,789.1862231,14.77,True,0.494,0.406,1.0,True,4.38,1995.0,True
Tanzania,2002,34593779.0,Africa,49.651,899.0742111,11.24,True,0.445,0.376,1.0,True,4.73,2000.0,True
Tanzania,2007,38139640.0,Africa,52.517,1107.482182,8.13,True,0.465,0.395,1.0,True,5.11,2005.0,True
Thailand,1952,21289402.0,Asia,50.848,757.7974177,19.35,True,0.12,0.104,0.0,True,2.04,1950.0,True
Thailand,1957,25041917.0,Asia,53.63,793.5774148,16.32,True,0.146,0.103,0.0,True,2.31,1955.0,True
Thailand,1962,29263397.0,Asia,56.061,1002.199172,13.75,True,0.11,0.083,0.0,True,2.55,1960.0,True
Thailand,1967,34024249.0,Asia,58.285,1295.46066,11.4,True,0.113,0.085,0.0,True,2.28,1965.0,True
Thailand,1972,39276153.0,Asia,60.405,1524.358936,9.04,True,0.114,0.101,0.0,True,2.51,1970.0,True
Thailand,1977,44148285.0,Asia,62.494,1961.224635,7.02,True,0.122,0.101,0.0,True,3.01,1975.0,True
Thailand,1982,48827160.0,Asia,64.597,2393.219781,5.54,True,0.298,0.203,1.0,True,3.64,1980.0,True
Thailand,1987,52910342.0,Asia,66.084,2982.653773,4.34,True,0.333,0.226,1.0,True,4.15,1985.0,True
Thailand,1992,56667095.0,Asia,67.298,4616.896545,3.29,True,0.275,0.204,1.0,True,4.85,1990.0,True
Thailand,1997,60216677.0,Asia,67.521,5852.625497,2.52,True,0.481,0.352,1.0,True,5.5,1995.0,True
Thailand,2002,62806748.0,Asia,68.564,5913.187529,1.97,True,0.544,0.408,2.0,True,5.65,2000.0,True
Thailand,2007,65068149.0,Asia,70.616,7458.396327,1.59,True,0.186,0.186,0.0,True,7.03,2005.0,True
Togo,1952,1219113.0,Africa,38.596,859.8086567,27.63,True,0.074,0.046,0.0,True,0.34,1950.0,True
Togo,1957,1357445.0,Africa,41.208,925.9083202,26.66,True,0.174,0.071,0.0,True,0.4,1955.0,True
Togo,1962,1528098.0,Africa,43.922,1067.53481,25.44,True,0.262,0.099,1.0,True,0.49,1960.0,True
Togo,1967,1735550.0,Africa,46.769,1477.59676,23.76,True,0.1,0.045,1.0,True,0.61,1965.0,True
Togo,1972,2056351.0,Africa,49.759,1649.660188,21.6,True,0.08,0.043,0.0,True,0.85,1970.0,True
Togo,1977,2308582.0,Africa,52.887,1532.776998,19.28,True,0.081,0.043,0.0,True,1.82,1975.0,True
Togo,1982,2644765.0,Africa,55.471,1344.577953,17.11,True,0.151,0.062,1.0,True,2.8,1980.0,True
Togo,1987,3154264.0,Africa,56.941,1202.201361,15.44,True,0.151,0.063,1.0,True,3.42,1985.0,True
Togo,1992,3747553.0,Africa,58.061,1034.298904,14.31,True,0.277,0.152,1.0,True,3.99,1990.0,True
Togo,1997,4320890.0,Africa,58.39,982.2869243,12.96,True,0.331,0.173,1.0,True,4.31,1995.0,True
Togo,2002,4977378.0,Africa,57.561,886.2205765,11.22,True,0.303,0.173,1.0,True,4.75,2000.0,True
Togo,2007,5701579.0,Africa,58.42,882.9699438,9.65,True,0.359,0.197,1.0,True,5.16,2005.0,True
Trinidad and Tobago,1952,662850.0,Americas,59.1,3023.271928,,True,0.307,0.27,0.0,True,5.0,1950.0,True
Trinidad and Tobago,1957,764900.0,Americas,61.8,4100.3934,7.54,True,0.47,0.361,1.0,True,5.32,1955.0,True
Trinidad and Tobago,1962,887498.0,Americas,64.9,4997.523971,6.38,True,0.534,0.441,2.0,True,5.65,1960.0,True
Trinidad and Tobago,1967,960155.0,Americas,65.4,5621.368472,5.55,True,0.574,0.47,2.0,True,5.98,1965.0,True
Trinidad and Tobago,1972,975199.0,Americas,65.9,6619.551419,4.96,True,0.559,0.461,2.0,True,6.4,1970.0,True
Trinidad and Tobago,1977,1039009.0,Americas,68.3,7899.554209,4.36,True,0.65,0.534,2.0,True,6.93,1975.0,True
Trinidad and Tobago,1982,1116479.0,Americas,68.832,9119.528607,3.8,True,0.678,0.562,2.0,True,7.48,1980.0,True
Trinidad and Tobago,1987,1191336.0,Americas,69.582,7388.597823,3.4,True,0.725,0.601,2.0,True,7.98,1985.0,True
Trinidad and Tobago,1992,1183669.0,Americas,69.862,7370.990932,3.14,True,0.765,0.635,2.0,True,8.46,1990.0,True
Trinidad and Tobago,1997,1138101.0,Americas,69.465,8792.573126,2.98,True,0.759,0.63,2.0,True,9.0,1995.0,True
Trinidad and Tobago,2002,1101832.0,Americas,68.976,11460.60023,2.81,True,0.746,0.621,2.0,True,9.51,2000.0,True
Trinidad and Tobago,2007,1056608.0,Americas,69.819,18008.50924,2.61,True,0.76,0.642,3.0,True,10.08,2005.0,True
Tunisia,1952,3647735.0,Africa,44.6,1468.475631,,True,0.036,0.034,0.0,True,0.65,1950.0,True
Tunisia,1957,3950849.0,Africa,47.1,1395.232468,,True,0.068,0.077,0.0,True,0.78,1955.0,True
Tunisia,1962,4286552.0,Africa,49.579,1660.30321,27.25,True,0.194,0.147,1.0,True,0.92,1960.0,True
Tunisia,1967,4786986.0,Africa,52.053,1932.360167,21.3,True,0.188,0.148,1.0,True,1.3,1965.0,True
Tunisia,1972,5303507.0,Africa,55.602,2753.285994,16.19,True,0.188,0.148,1.0,True,1.79,1970.0,True
Tunisia,1977,6005061.0,Africa,59.837,3120.876811,11.74,True,0.191,0.15,1.0,True,2.45,1975.0,True
Tunisia,1982,6734098.0,Africa,64.048,3560.233174,8.45,True,0.196,0.159,1.0,True,3.25,1980.0,True
Tunisia,1987,7724976.0,Africa,66.894,3810.419296,6.34,True,0.182,0.155,1.0,True,3.7,1985.0,True
Tunisia,1992,8523077.0,Africa,70.001,4332.720164,4.99,True,0.197,0.098,1.0,True,4.39,1990.0,True
Tunisia,1997,9231669.0,Africa,71.973,4876.798614,3.65,True,0.188,0.095,1.0,True,5.07,1995.0,True
Tunisia,2002,9770575.0,Africa,73.042,5722.895655,2.55,True,0.191,0.095,1.0,True,5.9,2000.0,True
Tunisia,2007,10276158.0,Africa,73.923,7092.923025,2.0,True,0.191,0.096,1.0,True,6.78,2005.0,True
Turkey,1952,22235677.0,Europe,43.585,1969.10098,,True,0.401,0.23,1.0,True,1.11,1950.0,True
Turkey,1957,25670939.0,Europe,48.079,2218.754257,27.32,True,0.351,0.204,1.0,True,1.38,1955.0,True
Turkey,1962,29788695.0,Europe,52.098,2322.869908,23.88,True,0.288,0.232,0.0,True,1.76,1960.0,True
Turkey,1967,33411317.0,Europe,54.336,2826.356387,20.23,True,0.576,0.402,2.0,True,2.08,1965.0,True
Turkey,1972,37492953.0,Europe,57.005,3450.69638,17.5,True,0.503,0.293,2.0,True,2.45,1970.0,True
Turkey,1977,42404033.0,Europe,59.507,4269.122326,14.62,True,0.571,0.382,2.0,True,2.92,1975.0,True
Turkey,1982,47328791.0,Europe,61.036,4241.356344,11.58,True,0.114,0.063,0.0,True,3.55,1980.0,True
Turkey,1987,52881328.0,Europe,63.108,5089.043686,8.8,True,0.428,0.289,1.0,True,4.58,1985.0,True
Turkey,1992,58179144.0,Europe,66.146,5678.348271,6.52,True,0.542,0.377,2.0,True,5.01,1990.0,True
Turkey,1997,63047647.0,Europe,68.835,6601.429915,4.64,True,0.553,0.401,2.0,True,5.44,1995.0,True
Turkey,2002,67308928.0,Europe,70.845,6508.085718,3.2,True,0.638,0.491,2.0,True,6.1,2000.0,True
Turkey,2007,71158647.0,Europe,71.777,8458.276384,2.18,True,0.62,0.471,2.0,True,6.47,2005.0,True
Uganda,1952,5824797.0,Africa,39.978,734.753484,,True,0.079,0.11,0.0,True,0.89,1950.0,True
Uganda,1957,6675501.0,Africa,42.571,774.3710692,23.5,True,0.092,0.116,0.0,True,1.02,1955.0,True
Uganda,1962,7688797.0,Africa,45.344,767.2717398,21.53,True,0.256,0.166,0.0,True,1.16,1960.0,True
Uganda,1967,8900294.0,Africa,48.051,908.9185217,20.06,True,0.227,0.105,0.0,True,1.24,1965.0,True
Uganda,1972,10190285.0,Africa,51.016,950.735869,19.5,True,0.087,0.023,0.0,True,1.52,1970.0,True
Uganda,1977,11457758.0,Africa,50.35,843.7331372,21.28,True,0.084,0.018,0.0,True,1.93,1975.0,True
Uganda,1982,12939400.0,Africa,49.849,682.2662268,21.53,True,0.223,0.102,1.0,True,2.29,1980.0,True
Uganda,1987,15283050.0,Africa,51.509,617.7244065,19.26,True,0.126,0.141,0.0,True,2.86,1985.0,True
Uganda,1992,18252190.0,Africa,48.825,644.1707969,17.31,True,0.259,0.196,1.0,True,3.48,1990.0,True
Uganda,1997,21210254.0,Africa,44.578,816.559081,15.77,True,0.306,0.243,1.0,True,3.97,1995.0,True
Uganda,2002,24739869.0,Africa,47.813,927.7210018,12.99,True,0.272,0.227,1.0,True,4.33,2000.0,True
Uganda,2007,29170398.0,Africa,51.542,1056.380121,9.25,True,0.331,0.266,1.0,True,4.97,2005.0,True
United Kingdom,1952,50430000.0,Europe,69.18,9979.508487,3.36,True,0.812,0.705,3.0,True,6.39,1950.0,True
United Kingdom,1957,51430000.0,Europe,70.42,11283.17795,2.8,True,0.81,0.703,3.0,True,6.61,1955.0,True
United Kingdom,1962,53292000.0,Europe,70.76,12477.17707,2.56,True,0.81,0.701,3.0,True,6.86,1960.0,True
United Kingdom,1967,54959000.0,Europe,71.36,14142.85089,2.22,True,0.833,0.741,3.0,True,7.46,1965.0,True
United Kingdom,1972,56079000.0,Europe,72.01,15895.11641,2.0,True,0.826,0.739,3.0,True,7.91,1970.0,True
United Kingdom,1977,56179000.0,Europe,72.76,17428.74846,1.64,True,0.824,0.74,3.0,True,8.25,1975.0,True
United Kingdom,1982,56339704.0,Europe,74.04,18232.42452,1.27,True,0.809,0.733,3.0,True,8.41,1980.0,True
United Kingdom,1987,56981620.0,Europe,75.007,21664.78767,1.08,True,0.809,0.733,3.0,True,8.68,1985.0,True
United Kingdom,1992,57866349.0,Europe,76.42,22705.09254,0.82,True,0.818,0.746,3.0,True,9.1,1990.0,True
United Kingdom,1997,58808266.0,Europe,77.218,26074.53136,0.69,True,0.813,0.747,3.0,True,9.44,1995.0,True
United Kingdom,2002,59912431.0,Europe,78.471,29478.99919,0.63,True,0.863,0.801,3.0,True,9.92,2000.0,True
United Kingdom,2007,60776238.0,Europe,79.425,33203.26128,0.58,True,0.867,0.805,3.0,True,11.1,2005.0,True
United States,1952,157553000.0,Americas,68.44,13990.48208,3.56,True,0.611,0.52,2.0,True,8.4,1950.0,True
United States,1957,171984000.0,Americas,69.49,14847.12712,3.17,True,0.614,0.515,2.0,True,8.75,1955.0,True
United States,1962,186538000.0,Americas,70.21,16173.14586,2.89,True,0.661,0.554,2.0,True,9.17,1960.0,True
United States,1967,198712000.0,Americas,70.76,19530.36557,2.57,True,0.704,0.601,2.0,True,10.03,1965.0,True
United States,1972,209896000.0,Americas,71.34,21806.03594,2.15,True,0.735,0.659,3.0,True,10.78,1970.0,True
United States,1977,220239000.0,Americas,73.38,24072.63213,1.71,True,0.828,0.761,3.0,True,11.46,1975.0,True
United States,1982,232187835.0,Americas,74.65,25009.55914,1.39,True,0.858,0.789,3.0,True,12.03,1980.0,True
United States,1987,242803533.0,Americas,75.02,29884.35041,1.21,True,0.859,0.794,3.0,True,12.08,1985.0,True
United States,1992,256894189.0,Americas,76.09,32003.93224,1.05,True,0.869,0.805,3.0,True,12.2,1990.0,True
United States,1997,272911760.0,Americas,76.81,35767.43303,0.89,True,0.866,0.803,3.0,True,12.59,1995.0,True
United States,2002,287675526.0,Americas,77.31,39097.09955,0.82,True,0.826,0.765,3.0,True,12.64,2000.0,True
United States,2007,301139947.0,Americas,78.242,42951.65309,0.77,True,0.897,0.841,3.0,True,12.86,2005.0,True
Uruguay,1952,2252965.0,Americas,66.071,5716.766744,6.09,True,0.782,0.657,2.0,True,4.34,1950.0,True
Uruguay,1957,2424959.0,Americas,67.044,6150.772969,6.31,True,0.79,0.672,2.0,True,4.6,1955.0,True
Uruguay,1962,2598466.0,Americas,68.253,5603.357717,6.05,True,0.795,0.672,2.0,True,4.87,1960.0,True
Uruguay,1967,2748579.0,Americas,68.468,5444.61962,5.7,True,0.738,0.624,2.0,True,5.2,1965.0,True
Uruguay,1972,2829526.0,Americas,68.673,5703.408898,5.32,True,0.492,0.343,1.0,True,5.7,1970.0,True
Uruguay,1977,2873520.0,Americas,69.481,6504.339663,5.19,True,0.093,0.042,0.0,True,6.16,1975.0,True
Uruguay,1982,2953997.0,Americas,70.805,6920.223051,3.3,True,0.111,0.044,0.0,True,6.7,1980.0,True
Uruguay,1987,3045153.0,Americas,71.918,7452.398969,2.62,True,0.819,0.73,3.0,True,7.24,1985.0,True
Uruguay,1992,3149262.0,Americas,72.752,8137.004775,2.29,True,0.841,0.767,3.0,True,7.45,1990.0,True
Uruguay,1997,3262838.0,Americas,74.223,9230.240708,1.94,True,0.87,0.796,3.0,True,7.57,1995.0,True
Uruguay,2002,3363085.0,Americas,75.307,7727.002004,1.62,True,0.874,0.807,3.0,True,8.07,2000.0,True
Uruguay,2007,3447496.0,Americas,76.384,10611.46299,1.27,True,0.892,0.827,3.0,True,7.96,2005.0,True
Venezuela,1952,5439568.0,Americas,55.088,7689.799761,11.34,True,0.095,0.05,0.0,True,1.63,1950.0,True
Venezuela,1957,6702668.0,Americas,57.907,9802.466526,9.04,True,0.094,0.048,0.0,True,1.98,1955.0,True
Venezuela,1962,8143375.0,Americas,60.77,8422.974165,7.53,True,0.658,0.528,2.0,True,2.38,1960.0,True
Venezuela,1967,9709552.0,Americas,63.479,9541.474188,6.75,True,0.642,0.516,2.0,True,2.66,1965.0,True
Venezuela,1972,11515649.0,Americas,65.712,10505.25966,5.94,True,0.701,0.567,2.0,True,3.28,1970.0,True
Venezuela,1977,13503563.0,Americas,67.456,13143.95095,5.0,True,0.727,0.586,2.0,True,4.31,1975.0,True
Venezuela,1982,15620766.0,Americas,68.557,11152.41011,4.06,True,0.731,0.587,2.0,True,5.27,1980.0,True
Venezuela,1987,17910182.0,Americas,70.19,9883.584648,3.36,True,0.724,0.58,2.0,True,5.12,1985.0,True
Venezuela,1992,20265563.0,Americas,71.15,10733.92631,2.78,True,0.733,0.61,2.0,True,4.97,1990.0,True
Venezuela,1997,22374398.0,Americas,72.146,10165.49518,2.45,True,0.749,0.603,2.0,True,5.86,1995.0,True
Venezuela,2002,24287670.0,Americas,72.766,8605.047831,2.03,True,0.499,0.255,1.0,True,6.71,2000.0,True
Venezuela,2007,26084662.0,Americas,73.747,11415.80569,1.74,True,0.434,0.161,1.0,True,7.51,2005.0,True
Vietnam,1952,26246839.0,Asia,40.412,605.0664917,,True,0.246,0.096,1.0,True,2.47,1950.0,True
Vietnam,1957,28998543.0,Asia,42.887,676.2854478,,True,0.223,0.08,1.0,True,2.48,1955.0,True
Vietnam,1962,33796140.0,Asia,45.363,772.0491602,11.26,True,0.216,0.072,1.0,True,2.88,1960.0,True
Vietnam,1967,39463910.0,Asia,47.838,637.1232887,10.39,True,0.218,0.072,1.0,True,3.36,1965.0,True
Vietnam,1972,44655014.0,Asia,50.254,699.5016441,12.24,True,0.217,0.072,1.0,True,3.97,1970.0,True
Vietnam,1977,50533506.0,Asia,55.764,713.5371196,7.52,True,0.212,0.071,0.0,True,4.56,1975.0,True
Vietnam,1982,56142181.0,Asia,58.816,707.2357863,6.67,True,0.144,0.059,0.0,True,5.16,1980.0,True
Vietnam,1987,62826491.0,Asia,62.82,820.7994449,5.85,True,0.164,0.068,0.0,True,4.64,1985.0,True
Vietnam,1992,69940728.0,Asia,67.662,989.0231487,4.66,True,0.154,0.077,0.0,True,4.1,1990.0,True
Vietnam,1997,76048996.0,Asia,70.672,1385.896769,3.52,True,0.153,0.083,0.0,True,4.85,1995.0,True
Vietnam,2002,80908147.0,Asia,73.017,1764.456677,2.79,True,0.148,0.093,0.0,True,5.64,2000.0,True
Vietnam,2007,85262356.0,Asia,74.249,2441.576404,2.43,True,0.148,0.111,0.0,True,6.42,2005.0,True
West Bank and Gaza,1952,1030585.0,Asia,43.16,1515.592329,,True,,,,True,,,False
West Bank and Gaza,1957,1070439.0,Asia,45.671,1827.067742,,True,,,,True,,,False
West Bank and Gaza,1962,1133134.0,Asia,48.127,2198.956312,,True,,,,True,,,False
West Bank and Gaza,1967,1142636.0,Asia,51.631,2649.715007,,True,0.052,0.073,0.0,True,,,False
West Bank and Gaza,1972,1089572.0,Asia,56.532,3133.409277,,True,0.084,0.079,0.0,True,,,False
West Bank and Gaza,1977,1261091.0,Asia,60.765,3682.831494,9.63,True,0.086,0.079,0.0,True,,,False
West Bank and Gaza,1982,1425876.0,Asia,64.406,4336.032082,7.09,True,0.089,0.078,0.0,True,,,False
West Bank and Gaza,1987,1691210.0,Asia,67.046,5107.197384,5.29,True,0.082,0.077,0.0,True,,,False
West Bank and Gaza,1992,2104779.0,Asia,69.718,6017.654756,4.11,True,0.079,0.078,0.0,True,,,False
West Bank and Gaza,1997,2826046.0,Asia,71.096,7110.667619,3.36,True,0.456,0.278,1.0,True,,,False
West Bank and Gaza,2002,3389578.0,Asia,72.37,4515.487575,2.85,True,0.477,0.278,1.0,True,,,False
West Bank and Gaza,2007,4018332.0,Asia,73.422,3025.349798,2.43,True,0.329,0.18,1.0,True,,,False
"Yemen, Rep.",1952,4963829.0,Asia,32.548,781.7175761,48.19,True,0.018,0.018,0.0,True,0.02,1950.0,True
"Yemen, Rep.",1957,5498090.0,Asia,33.97,804.8304547,45.63,True,0.018,0.028,0.0,True,0.03,1955.0,True
"Yemen, Rep.",1962,6120081.0,Asia,35.18,825.6232006,42.01,True,0.017,0.031,0.0,True,0.04,1960.0,True
"Yemen, Rep.",1967,6740785.0,Asia,36.984,862.4421463,37.19,True,0.022,0.036,0.0,True,0.05,1965.0,True
"Yemen, Rep.",1972,7407075.0,Asia,39.848,1265.047031,30.9,True,0.116,0.06,0.0,True,0.06,1970.0,True
"Yemen, Rep.",1977,8403990.0,Asia,44.175,1829.765177,24.86,True,0.092,0.053,0.0,True,0.09,1975.0,True
"Yemen, Rep.",1982,9657618.0,Asia,49.113,1977.55701,18.46,True,0.09,0.06,0.0,True,0.23,1980.0,True
"Yemen, Rep.",1987,11219340.0,Asia,52.922,1971.741538,13.99,True,0.09,0.058,0.0,True,0.61,1985.0,True
"Yemen, Rep.",1992,13367997.0,Asia,55.599,1879.496673,11.84,True,0.279,0.151,1.0,True,1.2,1990.0,True
"Yemen, Rep.",1997,15826497.0,Asia,58.02,2117.484526,10.5,True,0.279,0.132,1.0,True,1.67,1995.0,True
"Yemen, Rep.",2002,18701257.0,Asia,60.308,2234.820827,8.35,True,0.264,0.136,1.0,True,2.34,2000.0,True
"Yemen, Rep.",2007,22211743.0,Asia,62.698,2280.769906,6.34,True,0.285,0.15,1.0,True,3.0,2005.0,True
Zambia,1952,2672000.0,Africa,42.038,1147.388831,23.75,True,0.1,0.105,0.0,True,1.77,1950.0,True
Zambia,1957,3016000.0,Africa,44.077,1311.956766,21.69,True,0.107,0.109,0.0,True,1.96,1955.0,True
Zambia,1962,3421000.0,Africa,46.023,1452.725766,19.78,True,0.124,0.113,0.0,True,2.26,1960.0,True
Zambia,1967,3900000.0,Africa,47.768,1777.077318,18.78,True,0.306,0.211,1.0,True,2.57,1965.0,True
Zambia,1972,4506497.0,Africa,50.107,1773.498265,17.0,True,0.253,0.191,1.0,True,2.98,1970.0,True
Zambia,1977,5216550.0,Africa,51.386,1588.688299,15.35,True,0.191,0.147,1.0,True,3.65,1975.0,True
Zambia,1982,6100407.0,Africa,51.821,1408.678565,15.68,True,0.193,0.148,1.0,True,4.17,1980.0,True
Zambia,1987,7272406.0,Africa,50.821,1213.315116,17.37,True,0.191,0.149,1.0,True,4.61,1985.0,True
Zambia,1992,8381163.0,Africa,46.1,1210.884633,18.02,True,0.438,0.346,1.0,True,4.89,1990.0,True
Zambia,1997,9417789.0,Africa,40.238,1071.353818,16.56,True,0.486,0.381,1.0,True,6.01,1995.0,True
Zambia,2002,10595811.0,Africa,39.193,1071.613938,13.29,True,0.486,0.402,1.0,True,6.16,2000.0,True
Zambia,2007,11746035.0,Africa,42.384,1271.211593,8.91,True,0.502,0.422,2.0,True,6.42,2005.0,True
Zimbabwe,1952,3080907.0,Africa,48.451,406.8841148,,True,0.255,0.178,1.0,True,1.58,1950.0,True
Zimbabwe,1957,3646340.0,Africa,50.469,518.7642681,16.06,True,0.242,0.181,1.0,True,1.88,1955.0,True
Zimbabwe,1962,4277736.0,Africa,52.358,527.2721818,14.71,True,0.228,0.172,1.0,True,2.24,1960.0,True
Zimbabwe,1967,4995432.0,Africa,53.995,569.7950712,12.85,True,0.193,0.12,1.0,True,2.51,1965.0,True
Zimbabwe,1972,5861135.0,Africa,55.635,799.3621758,12.02,True,0.192,0.117,1.0,True,3.01,1970.0,True
Zimbabwe,1977,6642107.0,Africa,57.674,685.5876821,12.15,True,0.19,0.117,1.0,True,3.45,1975.0,True
Zimbabwe,1982,7636524.0,Africa,60.363,788.8550411,10.98,True,0.316,0.225,1.0,True,3.89,1980.0,True
Zimbabwe,1987,9216418.0,Africa,62.351,706.1573059,8.13,True,0.213,0.179,1.0,True,4.67,1985.0,True
Zimbabwe,1992,10704340.0,Africa,60.377,693.4207856,9.23,True,0.306,0.221,1.0,True,5.73,1990.0,True
Zimbabwe,1997,11404948.0,Africa,46.809,792.4499603,10.07,True,0.304,0.223,1.0,True,6.7,1995.0,True
Zimbabwe,2002,11926563.0,Africa,39.989,672.0386227,9.38,True,0.268,0.166,1.0,True,7.0,2000.0,True
Zimbabwe,2007,12311143.0,Africa,43.487,469.7092981,9.06,True,0.256,0.15,1.0,True,7.47,2005.0,True
