unitid,institution,city,state,region,locale_type,control,main_campus,hbcu,pred_degree,highest_degree,open_admissions,admission_rate,sat_avg,sat_verbal_mid,sat_math_mid,act_composite_mid,undergrad_enrollment,share_women,share_white,share_black,share_hispanic,share_asian,tuition_in_state,tuition_out_state,cost_of_attendance,net_price,avg_faculty_salary_month,share_faculty_full_time,student_faculty_ratio,instruction_spend_per_student,pell_share,fed_loan_share,first_gen_share,median_family_income,retention_rate,completion_rate,median_earnings_10yr,median_debt_completers,rpp_all_items_2024
100654,Alabama A & M University,Normal,AL,Southeast,City,Public,1,1,3,4,2.0,0.5795,938.0,475.0,460.0,18.0,6124.0,0.5779,0.0157,0.9015,0.0206,0.002,10024.0,18634.0,27153.0,17621.0,8699.0,0.6439,19.0,7254.0,0.6298,0.7454,0.3658280922,23553.0,0.6989,0.2403,40628.0,31000.0,88.823
100663,University of Alabama at Birmingham,Birmingham,AL,Southeast,City,Public,1,0,3,4,2.0,0.8818,1258.0,637.0,644.0,27.0,11635.0,0.632,0.4651,0.2705,0.0855,0.0944,9098.0,22562.0,28145.0,18749.0,12612.0,0.7704,18.0,17855.0,0.3402,0.4027,0.341223671,34489.0,0.8009,0.6423,54501.0,22300.0,88.823
100690,Amridge University,Montgomery,AL,Southeast,City,Private nonprofit,1,0,3,4,1.0,,,,,,241.0,0.6556,0.2573,0.6971,0.0207,0.0041,7590.0,7590.0,,,6197.0,1.0,12.0,4918.0,0.7655,0.8097,0.5125,15033.5,,1.0,37621.0,32189.0,88.823
100706,University of Alabama in Huntsville,Huntsville,AL,Southeast,City,Public,1,0,3,4,2.0,0.6857,1319.0,640.0,655.0,28.0,6591.0,0.3905,0.6777,0.0939,0.08,0.0428,12132.0,26408.0,27392.0,18796.0,10639.0,0.659,17.0,9877.0,0.2464,0.3255,0.3101321586,44787.0,0.8425,0.6429,61767.0,20705.0,88.823
100724,Alabama State University,Montgomery,AL,Southeast,City,Public,1,1,3,4,2.0,0.9755,976.0,488.0,457.0,18.0,3477.0,0.6347,0.0178,0.8625,0.0144,0.002,11248.0,19576.0,23586.0,20435.0,8153.0,0.6477,15.0,10723.0,0.7134,0.742,0.3434343434,22080.5,0.6975,0.3034,34502.0,31000.0,88.823
100751,The University of Alabama,Tuscaloosa,AL,Southeast,City,Public,1,0,3,4,2.0,0.7665,1285.0,610.0,610.0,26.0,33227.0,0.562,0.7099,0.1145,0.0755,0.0148,12180.0,34172.0,33382.0,22420.0,11419.0,0.7904,19.0,9728.0,0.184,0.3239,0.2257126887,66733.5,0.8949,0.7337,59221.0,22750.0,88.823
100812,Athens State University,Athens,AL,Southeast,Town,Public,1,0,3,4,,,,,,,2446.0,0.7261,0.7371,0.1374,0.0576,0.0082,,,,,9666.0,0.5075,14.0,9527.0,0.4251,0.4085,0.4774964838,29645.5,,,50273.0,18051.0,88.823
100830,Auburn University at Montgomery,Montgomery,AL,Southeast,City,Public,1,0,3,4,2.0,0.9157,1093.0,538.0,518.0,21.0,2542.0,0.6554,0.4138,0.4225,0.0173,0.0323,9700.0,20668.0,21353.0,13224.0,8974.0,0.7566,13.0,7192.0,0.4235,0.4247,0.38189609,29671.5,0.6757,0.326,44391.0,25000.0,88.823
100858,Auburn University,Auburn,AL,Southeast,City,Public,1,0,3,4,2.0,0.4592,1345.0,,,,26816.0,0.5057,0.8279,0.0412,0.0464,0.0295,12890.0,34922.0,34919.0,24323.0,12324.0,0.8666,21.0,10067.0,0.1253,0.2616,0.1726471191,72031.0,0.9478,0.8195,65337.0,21000.0,88.823
101116,South University-Montgomery,Montgomery,AL,Southeast,City,Private for-profit,0,0,3,4,1.0,,,,,,299.0,0.8127,0.1472,0.7358,0.0067,0.0067,18145.0,18145.0,34793.0,27807.0,6583.0,0.1509,13.0,7014.0,0.6556,0.6954,0.4722883373,20000.0,0.6154,0.0909,34421.0,26123.0,88.823
101189,Faulkner University,Montgomery,AL,Southeast,City,Private nonprofit,1,0,3,4,2.0,0.7307,1020.0,550.0,548.0,20.0,1549.0,0.5578,0.4435,0.3848,0.0549,0.009,23920.0,23920.0,37626.0,22085.0,7049.0,0.6014,14.0,8533.0,0.4562,0.5583,0.4300319489,24037.5,0.6447,0.374,43457.0,23000.0,88.823
101365,Herzing University-Birmingham,Birmingham,AL,Southeast,Suburb,Private nonprofit,0,0,2,3,2.0,0.9326,,,,,442.0,0.8959,0.1787,0.7285,0.0204,0.0068,13450.0,13450.0,27750.0,19651.0,7167.0,0.4737,14.0,6265.0,0.6771,0.8027,0.5209032652,18321.0,0.6667,0.125,36909.0,21500.0,88.823
101435,Huntingdon College,Montgomery,AL,Southeast,City,Private nonprofit,1,0,3,4,2.0,0.6949,1142.0,535.0,490.0,22.0,879.0,0.4403,0.6268,0.24,0.0546,0.0046,29070.0,29070.0,40908.0,22566.0,7725.0,0.8101,15.0,7419.0,0.4007,0.7067,0.3456,37577.0,0.6699,0.4798,49601.0,27000.0,88.823
101453,Heritage Christian University,Florence,AL,Southeast,City,Private nonprofit,1,0,3,4,2.0,0.9,1020.0,,,,75.0,0.1333,0.8533,0.0667,0.0667,0.0,11982.0,11982.0,20909.0,15426.0,5562.0,1.0,8.0,8836.0,0.3571,0.0857,,36524.0,0.0,0.6667,42597.0,,88.823
101480,Jacksonville State University,Jacksonville,AL,Southeast,Suburb,Public,1,0,3,4,2.0,0.7769,1059.0,535.0,590.0,20.0,7036.0,0.5938,0.5969,0.2382,0.0524,0.0077,12894.0,23334.0,24257.0,14279.0,8074.0,0.6452,19.0,6997.0,0.426,0.4422,0.3637702504,35734.0,0.6457,0.5472,45235.0,22189.0,88.823
101587,University of West Alabama,Livingston,AL,Southeast,Rural,Public,1,0,3,4,2.0,0.4265,1015.0,450.0,480.0,19.0,2974.0,0.7142,0.4963,0.3894,0.0256,0.003,10990.0,20090.0,22758.0,12684.0,8001.0,0.34,19.0,8131.0,0.5817,0.6573,0.403210576,25552.5,0.6488,0.347,44232.0,24944.0,88.823
101675,Miles College,Fairfield,AL,Southeast,Suburb,Private nonprofit,1,1,3,3,1.0,,,,,,1155.0,0.4831,0.0329,0.9316,0.0199,0.0017,13314.0,13314.0,21154.0,14271.0,5420.0,0.437,12.0,7612.0,0.7194,0.7289,0.4164588529,17702.5,0.5625,0.158,32627.0,31217.0,88.823
101693,University of Mobile,Mobile,AL,Southeast,Rural,Private nonprofit,1,0,3,4,2.0,0.7789,1220.0,,,,1307.0,0.6083,0.5371,0.1454,0.0383,0.0122,26910.0,26910.0,41115.0,22382.0,5674.0,1.0,14.0,8091.0,0.2565,0.3679,0.3242857143,39700.0,0.7396,0.5685,43611.0,26500.0,88.823
101709,University of Montevallo,Montevallo,AL,Southeast,Town,Public,1,0,3,4,2.0,0.5385,,545.0,540.0,23.0,2151.0,0.5946,0.6471,0.1609,0.0753,0.006,13948.0,26968.0,27398.0,17683.0,9085.0,0.7114,13.0,15957.0,0.3238,0.4145,0.3252375924,43813.0,0.7275,0.541,42957.0,24000.0,88.823
101879,University of North Alabama,Florence,AL,Southeast,City,Public,1,0,3,4,2.0,0.8731,,,,,5811.0,0.6159,0.6882,0.0916,0.0296,0.0644,12120.0,22320.0,23786.0,12170.0,9167.0,0.5943,18.0,7717.0,0.2435,0.323,0.36326024,39436.0,0.7969,0.5491,45415.0,22077.0,88.823
101912,Oakwood University,Huntsville,AL,Southeast,City,Private nonprofit,1,1,3,4,2.0,0.4522,,,,,1153.0,0.5629,0.0139,0.6479,0.0763,0.0156,22512.0,22512.0,40176.0,25669.0,5513.0,0.4976,14.0,9746.0,0.4437,0.5691,0.17623498,36829.0,0.7113,0.4462,42488.0,27000.0,88.823
102049,Samford University,Birmingham,AL,Southeast,Suburb,Private nonprofit,1,0,3,4,2.0,0.8236,1201.0,615.0,580.0,26.0,4206.0,0.6507,0.845,0.0478,0.0495,0.0133,40150.0,40150.0,57456.0,32622.0,10188.0,0.9898,14.0,16043.0,0.1109,0.2688,0.1380552221,87745.0,0.9287,0.7704,58469.0,19500.0,88.823
102094,University of South Alabama,Mobile,AL,Southeast,City,Public,1,0,3,4,2.0,0.7096,1147.0,555.0,545.0,23.0,8879.0,0.6177,0.5954,0.2316,0.0567,0.0377,10116.0,19092.0,25476.0,17648.0,7761.0,0.6516,19.0,11135.0,0.3796,0.4733,0.334257975,36199.0,0.7574,0.5267,49379.0,24929.0,88.823
102234,Spring Hill College,Mobile,AL,Southeast,City,Private nonprofit,1,0,3,4,2.0,0.7657,1120.0,510.0,505.0,19.0,782.0,0.5716,0.5703,0.1381,0.0972,0.0077,24054.0,24054.0,39936.0,20449.0,7892.0,0.4925,11.0,9493.0,0.3161,0.4383,0.2516339869,61189.0,0.7023,0.521,51500.0,27000.0,88.823
102270,Stillman College,Tuscaloosa,AL,Southeast,City,Private nonprofit,1,1,3,3,2.0,0.6225,,,,,706.0,0.5751,0.0581,0.8881,0.0028,0.0,12126.0,12126.0,26107.0,15258.0,6164.0,0.5769,13.0,5653.0,0.763,0.6736,0.4105058366,19890.0,0.5281,0.25,35421.0,29067.0,88.823
102298,Talladega College,Talladega,AL,Southeast,Town,Private nonprofit,1,1,3,4,2.0,0.8542,,,,,701.0,0.4051,0.0514,0.6733,0.0642,0.0,15650.0,15650.0,25185.0,15560.0,6650.0,0.4886,17.0,8403.0,0.6662,0.6355,0.3980582524,18810.0,0.5441,0.3091,32229.0,28500.0,88.823
102368,Troy University,Troy,AL,Southeast,Town,Public,1,0,3,4,2.0,0.9604,1088.0,533.0,510.0,21.0,9805.0,0.639,0.5189,0.3266,0.0515,0.009,10176.0,20352.0,23165.0,16527.0,7612.0,0.4836,16.0,8209.0,0.4282,0.6679,0.3898457122,29641.0,0.7121,0.503,42062.0,25000.0,88.823
102377,Tuskegee University,Tuskegee,AL,Southeast,Town,Private nonprofit,1,1,3,4,2.0,0.4868,1120.0,525.0,500.0,22.0,2630.0,0.6213,0.0057,0.8224,0.0015,0.0023,25386.0,25386.0,43454.0,35013.0,7397.0,0.9245,14.0,13438.0,0.5767,0.5913,0.2306438468,35336.0,0.8068,0.5498,49641.0,27000.0,88.823
102395,United States Sports University,Daphne,AL,Southeast,City,Private nonprofit,1,0,3,4,2.0,0.6137,,,,,228.0,0.2719,0.4737,0.2675,0.1404,0.0088,13800.0,13800.0,32606.0,24076.0,7063.0,1.0,14.0,9340.0,0.4462,0.5154,,29000.0,0.4286,,55257.0,,88.823
102553,University of Alaska Anchorage,Anchorage,AK,Far West,City,Public,1,0,3,4,1.0,,,,,,7212.0,0.5901,0.4766,0.0376,0.1209,0.1226,7738.0,21322.0,24096.0,15301.0,10110.0,0.5295,11.0,16384.0,0.1846,0.1376,0.3891938746,33525.0,0.7068,0.2971,51871.0,20210.0,102.359
102580,Alaska Bible College,Palmer,AK,Far West,Suburb,Private nonprofit,1,0,3,3,1.0,,,,,,24.0,0.375,0.875,0.0,0.0417,0.0,9730.0,9730.0,28903.0,17508.0,7314.0,,5.0,7262.0,0.3284,0.0597,,42490.0,1.0,0.375,,,102.359
102614,University of Alaska Fairbanks,Fairbanks,AK,Far West,City,Public,1,0,3,4,1.0,,,620.0,615.0,22.0,4207.0,0.6002,0.5322,0.0304,0.0979,0.0319,8736.0,22320.0,22407.0,10892.0,10444.0,0.6154,11.0,19769.0,0.2243,0.1656,0.3988326848,35967.0,0.7406,0.3801,48866.0,20291.0,102.359
102632,University of Alaska Southeast,Juneau,AK,Far West,Rural,Public,1,0,1,4,2.0,0.6329,,,,,907.0,0.6516,0.5314,0.0154,0.0992,0.065,7056.0,20640.0,21043.0,12357.0,9276.0,0.517,9.0,20844.0,0.143,0.1144,0.3951434879,34718.0,0.7647,0.2805,48475.0,19111.0,102.359
102669,Alaska Pacific University,Anchorage,AK,Far West,City,Private nonprofit,1,0,2,4,2.0,0.9645,,,,,457.0,0.7637,0.3195,0.0481,0.0853,0.081,20760.0,20760.0,34026.0,21616.0,7332.0,0.4194,7.0,17033.0,0.3204,0.3982,,38810.0,0.68,0.4722,54271.0,23500.0,102.359
102845,Charter College,Anchorage,AK,Far West,City,Private for-profit,1,0,1,3,1.0,,,,,,2157.0,0.6885,0.3463,0.0816,0.2907,0.0413,18375.0,18375.0,41344.0,34860.0,5516.0,0.2988,25.0,1968.0,0.574,0.6728,0.5540401441,18566.0,0.25,0.5606,35504.0,14176.0,102.359
104090,Brookline College-Phoenix,Phoenix,AZ,Southwest,City,Private for-profit,1,0,2,4,1.0,,,,,,712.0,0.8876,0.1601,0.1671,0.3062,0.0337,,,,30072.0,6438.0,0.4316,22.0,6969.0,0.3587,0.4004,0.5590327169,15003.5,0.25,0.5288,29576.0,9500.0,100.677
104151,Arizona State University Campus Immersion,Tempe,AZ,Southwest,City,Public,1,0,3,4,2.0,0.8989,,,,,64674.0,0.4859,0.4122,0.0443,0.2686,0.0939,12223.0,33139.0,30111.0,14967.0,12684.0,0.7298,18.0,14734.0,0.2899,0.2675,0.3813179205,35851.5,0.8664,0.6804,62668.0,19500.0,100.677
104179,University of Arizona,Tucson,AZ,Southwest,City,Public,1,0,3,4,2.0,0.8614,1246.0,620.0,625.0,25.0,42537.0,0.5584,0.4594,0.0439,0.2815,0.0473,13926.0,42278.0,29423.0,16674.0,12347.0,0.7658,20.0,15271.0,0.257,0.2552,0.3140729569,43043.0,0.8278,0.6752,59979.0,19620.0,100.677
104586,Embry-Riddle Aeronautical University-Prescott,Prescott,AZ,Southwest,City,Private nonprofit,0,0,3,4,2.0,0.7658,1250.0,615.0,630.0,26.0,3218.0,0.2766,0.5404,0.0236,0.1582,0.0659,44149.0,44149.0,62798.0,40287.0,10066.0,0.814,17.0,17147.0,0.1825,0.3542,0.3554592721,38662.0,0.8216,0.6776,84131.0,23666.0,100.677
104665,The School of Architecture,Scottsdale,AZ,Southwest,City,Private nonprofit,1,0,4,4,,,,,,,,,,,,,,,,,4102.0,,,38416.0,,,,,,,,,100.677
104717,Grand Canyon University,Phoenix,AZ,Southwest,City,Private nonprofit,1,0,3,4,2.0,0.7891,1077.0,,,,73371.0,0.7053,0.4583,0.1723,0.2459,0.0284,17850.0,17850.0,32702.0,22472.0,7563.0,0.1006,20.0,2400.0,0.4594,0.5301,0.4744080533,29879.0,0.7205,0.4346,42186.0,22114.0,100.677
105297,Dine College,Tsaile,AZ,Southwest,Rural,Public,1,0,2,4,1.0,,,,,,1375.0,0.7345,0.0051,0.0015,0.0007,0.0015,1410.0,1410.0,11923.0,6057.0,6791.0,1.0,16.0,5643.0,0.4333,0.0,0.4318936877,14495.0,0.4762,0.1259,29188.0,,100.677
105330,Northern Arizona University,Flagstaff,AZ,Southwest,City,Public,1,0,3,4,2.0,0.8961,,,,,22903.0,0.6306,0.5235,0.0303,0.2711,0.0445,13009.0,29881.0,29933.0,14158.0,9847.0,0.7184,19.0,7753.0,0.3126,0.3158,0.3868625756,41212.0,0.7548,0.6132,54384.0,19000.0,100.677
105349,Northland Pioneer College,Holbrook,AZ,Southwest,Rural,Public,1,0,1,3,1.0,,,,,,1010.0,0.6921,0.3505,0.002,0.1485,0.0099,2232.0,10320.0,14263.0,9240.0,7275.0,0.466,12.0,8300.0,0.1278,0.0,0.4664371773,14950.0,,0.2188,34199.0,,100.677
105534,Pima Medical Institute-Tucson,Tucson,AZ,Southwest,City,Private for-profit,1,0,2,4,1.0,,,,,,2567.0,0.776,0.337,0.1052,0.3607,0.0736,,,,,6170.0,0.2894,35.0,2939.0,0.4981,0.5984,0.5053929122,21596.0,,0.7229,38673.0,9500.0,100.677
105589,Prescott College,Prescott,AZ,Southwest,City,Private nonprofit,1,0,3,4,2.0,0.9451,,,,,219.0,0.7215,0.6393,0.0137,0.0868,0.0548,35685.0,35685.0,48532.0,22583.0,4764.0,0.6133,8.0,6871.0,0.4163,0.5175,0.2319587629,26676.0,0.7391,0.5556,42359.0,16300.0,100.677
105899,Arizona Christian University,Glendale,AZ,Southwest,Suburb,Private nonprofit,1,0,3,4,2.0,0.7062,,535.0,530.0,20.0,1165.0,0.4052,0.4781,0.0918,0.2773,0.0137,35098.0,35098.0,54792.0,32839.0,5223.0,0.2656,16.0,3977.0,0.3388,0.7008,0.3825503356,36206.5,0.5372,0.3987,51612.0,23000.0,100.677
106148,Yavapai College,Prescott,AZ,Southwest,City,Public,1,0,1,3,1.0,,,,,,3988.0,0.578,0.6001,0.0133,0.2457,0.011,2948.0,9486.0,14988.0,8683.0,8639.0,0.2799,19.0,8209.0,0.2097,0.0435,0.5,17699.0,,0.3353,39890.0,9000.0,100.677
106245,University of Arkansas at Little Rock,Little Rock,AR,Southeast,City,Public,1,0,3,4,2.0,0.5878,1049.0,555.0,545.0,22.0,4949.0,0.6314,0.4583,0.2681,0.1,0.0192,9748.0,22158.0,22519.0,17248.0,8312.0,1.0,13.0,9265.0,0.4118,0.3619,0.3910404624,27239.0,0.7647,0.4165,45265.0,22000.0,86.937
106263,University of Arkansas for Medical Sciences,Little Rock,AR,Southeast,City,Public,1,0,3,4,,,,,,,1571.0,0.8472,0.5665,0.1248,0.1184,0.0827,,,,,8573.0,0.6022,16.0,42386.0,0.2775,0.3268,0.3950276243,29171.5,,,73827.0,14000.0,86.937
106306,Arkansas Baptist College,Little Rock,AR,Southeast,City,Private nonprofit,1,1,3,3,1.0,,,,,,342.0,0.2222,0.0263,0.9152,0.0205,0.0,8760.0,8760.0,23060.0,10627.0,5099.0,0.3261,13.0,7637.0,0.7936,0.807,0.4495289367,14641.0,0.234,0.0739,28418.0,25375.0,86.937
106342,Lyon College,Batesville,AR,Southeast,Town,Private nonprofit,1,0,3,3,2.0,0.6276,,555.0,568.0,24.0,648.0,0.4367,0.3333,0.0741,0.0648,0.0139,31000.0,31000.0,44978.0,19616.0,6336.0,0.7969,11.0,19293.0,0.4061,0.6433,0.3,51394.0,0.7131,0.4676,44232.0,21500.0,86.937
106397,University of Arkansas,Fayetteville,AR,Southeast,City,Public,1,0,3,4,2.0,0.743,1169.0,575.0,560.0,25.0,28677.0,0.5597,0.74,0.0378,0.1184,0.0294,10104.0,29966.0,27767.0,18209.0,10657.0,0.8232,20.0,10926.0,0.1779,0.3329,0.2599614872,64201.0,0.8637,0.7052,58191.0,21500.0,86.937
106412,University of Arkansas at Pine Bluff,Pine Bluff,AR,Southeast,Town,Public,1,1,3,4,2.0,0.4118,922.0,464.0,449.0,16.0,1807.0,0.5584,0.0243,0.8921,0.031,0.0028,9412.0,17992.0,21129.0,12653.0,6201.0,0.8246,12.0,12263.0,0.695,0.5753,0.3677375256,22300.0,0.6416,0.4043,35550.0,24202.0,86.937
106458,Arkansas State University,Jonesboro,AR,Southeast,City,Public,1,0,3,4,2.0,0.8226,1090.0,550.0,565.0,23.0,9110.0,0.6347,0.6315,0.1536,0.0532,0.0095,8090.0,14522.0,25082.0,12366.0,7579.0,1.0,17.0,5703.0,0.3838,0.4244,0.3882667965,33450.0,0.7812,0.554,42617.0,20500.0,86.937
106467,Arkansas Tech University,Russellville,AR,Southeast,Town,Public,1,0,1,4,2.0,0.9589,1049.0,,,,5388.0,0.5831,0.7159,0.0581,0.1227,0.0197,8674.0,14668.0,22808.0,12970.0,7047.0,0.9935,17.0,6524.0,0.3389,0.2637,0.4574780059,32169.0,0.741,0.4856,41766.0,21000.0,86.937
106485,University of Arkansas at Monticello,Monticello,AR,Southeast,Town,Public,1,0,1,4,1.0,,,,,,1933.0,0.6001,0.5323,0.3125,0.0952,0.0021,9292.0,14857.0,22519.0,14287.0,6161.0,1.0,12.0,9946.0,0.5038,0.3906,0.4533974744,23351.0,0.7222,0.4855,36902.0,19971.0,86.937
106704,University of Central Arkansas,Conway,AR,Southeast,City,Public,1,0,3,4,2.0,0.8949,1118.0,550.0,520.0,23.0,7762.0,0.6229,0.6351,0.1668,0.0875,0.0209,10523.0,18023.0,25029.0,16511.0,7499.0,0.7579,15.0,9836.0,0.3798,0.3993,0.3459589224,37082.0,0.7331,0.5353,45938.0,20346.0,86.937
106713,Central Baptist College,Conway,AR,Southeast,City,Private nonprofit,1,0,3,3,2.0,0.6346,1046.0,519.0,501.0,21.0,484.0,0.4442,0.5847,0.1302,0.1116,0.0062,21330.0,21330.0,30605.0,12287.0,5523.0,0.3247,9.0,4192.0,0.3982,0.4673,0.3455497382,38278.0,0.6275,0.3411,46789.0,22250.0,86.937
106810,Crowley's Ridge College,Paragould,AR,Southeast,Rural,Private nonprofit,1,0,3,3,1.0,,,,,,165.0,0.4242,0.7636,0.1758,0.0364,0.0061,16670.0,16670.0,27340.0,16315.0,6135.0,0.4474,10.0,4858.0,0.4178,0.5556,0.3956834532,47685.0,0.5385,0.3585,39533.0,26228.0,86.937
107044,Harding University,Searcy,AR,Southeast,Town,Private nonprofit,1,0,3,4,2.0,0.7052,1182.0,595.0,580.0,24.0,3382.0,0.5378,0.7983,0.0455,0.0482,0.0121,26262.0,26262.0,39534.0,22130.0,8008.0,0.6555,13.0,11670.0,0.2381,0.4376,0.2054794521,71055.0,0.864,0.6879,52876.0,26500.0,86.937
107071,Henderson State University,Arkadelphia,AR,Southeast,Town,Public,1,0,3,4,1.0,,,527.0,538.0,21.0,1456.0,0.5192,0.5398,0.342,0.0412,0.0076,8244.0,10620.0,27385.0,23405.0,6442.0,1.0,14.0,6374.0,0.4622,0.4447,0.3767383059,30416.0,0.6173,0.3734,43459.0,19500.0,86.937
107080,Hendrix College,Conway,AR,Southeast,City,Private nonprofit,1,0,3,4,2.0,0.5565,1282.0,620.0,595.0,28.0,1100.0,0.5082,0.6936,0.0745,0.0827,0.0345,38200.0,38200.0,55013.0,24149.0,8185.0,1.0,11.0,15797.0,0.2319,0.4528,0.1920668058,64295.5,0.7964,0.7235,60376.0,26688.0,86.937
107141,John Brown University,Siloam Springs,AR,Southeast,Town,Private nonprofit,1,0,3,4,2.0,0.7614,1195.0,608.0,603.0,26.0,1471.0,0.5534,0.6581,0.017,0.1339,0.0184,31756.0,31756.0,44710.0,20397.0,7468.0,0.9558,15.0,9542.0,0.237,0.3321,0.2888283379,52350.5,0.8148,0.7179,53907.0,21250.0,86.937
107512,Ouachita Baptist University,Arkadelphia,AR,Southeast,Town,Private nonprofit,1,0,3,4,2.0,0.6752,1211.0,,,,1602.0,0.5537,0.8052,0.0556,0.063,0.0119,34500.0,34500.0,47321.0,22409.0,7702.0,0.9504,14.0,10607.0,0.2341,0.4591,0.2354892206,62149.0,0.8254,0.614,51673.0,21050.0,86.937
107558,University of the Ozarks,Clarksville,AR,Southeast,Town,Private nonprofit,1,0,3,3,2.0,0.5951,1105.0,520.0,520.0,21.0,767.0,0.558,0.4355,0.0626,0.1369,0.0091,25950.0,25950.0,38666.0,17360.0,6231.0,0.963,14.0,15061.0,0.3984,0.4364,0.346875,40931.5,0.6862,0.5148,44384.0,20875.0,86.937
107600,Philander Smith University,Little Rock,AR,Southeast,City,Private nonprofit,1,1,3,4,1.0,,,,,,751.0,0.5126,0.0666,0.7856,0.0306,0.0,13014.0,13014.0,28136.0,14224.0,7335.0,1.0,11.0,6043.0,0.6781,0.5755,0.4303405573,18743.0,0.6568,0.3038,38427.0,24736.0,86.937
107877,Williams Baptist University,Walnut Ridge,AR,Southeast,Rural,Private nonprofit,1,0,3,4,2.0,0.8342,980.0,495.0,478.0,22.0,478.0,0.4979,0.7406,0.0983,0.0356,0.0063,21070.0,21070.0,33597.0,15745.0,5570.0,1.0,14.0,4360.0,0.5438,0.4664,0.3235294118,43631.5,0.7015,0.2564,38484.0,21820.0,86.937
107983,Southern Arkansas University Main Campus,Magnolia,AR,Southeast,Town,Public,1,0,3,4,2.0,0.7533,1047.0,515.0,520.0,22.0,2708.0,0.5846,0.6311,0.2271,0.058,0.0059,9960.0,15690.0,24951.0,14027.0,7469.0,0.6069,16.0,6019.0,0.482,0.6278,0.4209215442,29945.5,0.6616,0.4882,42386.0,18750.0,86.937
108092,University of Arkansas-Fort Smith,Fort Smith,AR,Southeast,City,Public,1,0,2,4,2.0,0.8046,1050.0,,,,4091.0,0.6216,0.5632,0.042,0.2004,0.0533,7334.0,12182.0,19048.0,10574.0,7331.0,0.6017,18.0,7595.0,0.391,0.2565,0.4840221559,29173.0,0.698,0.3788,41102.0,18250.0,86.937
108232,Academy of Art University,San Francisco,CA,Far West,City,Private for-profit,1,0,3,4,1.0,,,,,,3587.0,0.5643,0.2796,0.1347,0.2099,0.0725,30736.0,30736.0,48036.0,40613.0,8554.0,0.1561,14.0,14838.0,0.4104,0.4949,0.4083701586,22550.5,0.7543,0.3432,39008.0,31000.0,110.72
108269,Academy of Chinese Culture and Health Sciences,Oakland,CA,Far West,City,Private nonprofit,1,0,4,4,,,,,,,,,,,,,,,,,,,,9153.0,,,,,,,,,110.72
108861,Berkeley School of Theology,Berkeley,CA,Far West,City,Private nonprofit,1,0,1,4,2.0,0.8889,,,,,17.0,0.5294,0.0,0.2353,0.5294,0.1176,2856.0,2856.0,,,7479.0,0.381,13.0,31845.0,0.0,0.0,,,,,,,110.72
108870,American Film Institute Conservatory,Los Angeles,CA,Far West,City,Private nonprofit,1,0,4,4,,,,,,,,,,,,,,,,,10468.0,0.1111,,7016.0,,,,,,,,,110.72
109350,Antelope Valley Community College District,Lancaster,CA,Far West,Suburb,Public,1,0,2,3,1.0,,,,,,11534.0,0.5588,0.1235,0.1399,0.6503,0.0342,1124.0,9548.0,12931.0,3860.0,11244.0,0.2421,23.0,7962.0,0.4186,0.0366,0.5615699806,13661.0,,0.3438,36526.0,12500.0,110.72
109651,Art Center College of Design,Pasadena,CA,Far West,City,Private nonprofit,1,0,3,4,2.0,0.7454,,,,,2017.0,0.5969,0.1021,0.0119,0.0927,0.2985,54170.0,54170.0,75649.0,48661.0,9383.0,0.1908,9.0,26617.0,0.216,0.3295,0.2428842505,30283.0,0.8594,0.7917,71958.0,31000.0,110.72
109785,Azusa Pacific University,Azusa,CA,Far West,Suburb,Private nonprofit,1,0,3,4,2.0,0.8843,1195.0,561.0,556.0,22.0,2759.0,0.6763,0.2454,0.0591,0.3991,0.1399,44458.0,44458.0,56313.0,22212.0,10419.0,1.0,9.0,10283.0,0.3515,0.4776,0.3798259924,44669.0,0.8402,0.6179,66677.0,23219.0,110.72
109819,Bakersfield College,Bakersfield,CA,Far West,City,Public,1,0,2,3,1.0,,,,,,17280.0,0.5644,0.1514,0.0548,0.7112,0.0379,1430.0,11300.0,22018.0,14621.0,12330.0,0.5013,31.0,6893.0,0.304,0.0084,0.6305084746,18201.5,,0.207,37291.0,8312.0,110.72
110060,Bethesda University,Anaheim,CA,Far West,City,Private nonprofit,1,0,3,4,1.0,,,,,,205.0,0.2634,0.0537,0.1268,0.2829,0.0537,7220.0,7220.0,13575.0,11097.0,3965.0,,7.0,2293.0,0.3396,0.2217,0.4939759036,10349.0,0.4483,0.1111,,9000.0,110.72
110097,Biola University,La Mirada,CA,Far West,Suburb,Private nonprofit,1,0,3,4,2.0,0.7435,1261.0,626.0,600.0,26.0,3474.0,0.582,0.3941,0.0317,0.2409,0.129,48984.0,48984.0,62757.0,31495.0,10336.0,1.0,15.0,12866.0,0.2604,0.4356,0.2355072464,60489.0,0.839,0.676,56778.0,23875.0,110.72
110219,Bryan University,Tempe,AZ,Southwest,City,Private for-profit,1,0,1,4,1.0,,,,,,2506.0,0.8871,0.4258,0.2961,0.1069,0.0088,12219.0,12219.0,26732.0,20834.0,5728.0,0.1504,26.0,4628.0,0.7459,0.8142,0.535202864,14493.0,,0.4056,40283.0,20000.0,100.677
110316,California Institute of Integral Studies,San Francisco,CA,Far West,City,Private nonprofit,1,0,3,4,,,,,,,38.0,0.8158,0.5263,0.1316,0.1842,0.0263,,,,,10283.0,0.3837,15.0,14091.0,0.4561,0.6316,,18380.0,,,48848.0,18750.0,110.72
110361,California Baptist University,Riverside,CA,Far West,City,Private nonprofit,1,0,3,4,2.0,0.8488,,,,,8179.0,0.6224,0.3,0.0688,0.4381,0.0587,41228.0,41228.0,54038.0,26285.0,10941.0,0.4845,21.0,9630.0,0.4206,0.6051,0.4160798122,42597.0,0.7436,0.6188,61504.0,26063.0,110.72
110370,California College of the Arts,San Francisco,CA,Far West,City,Private nonprofit,1,0,3,4,2.0,0.911,,,,,990.0,0.6737,0.2081,0.0404,0.1646,0.1566,60226.0,60226.0,79776.0,53909.0,9785.0,0.2242,8.0,24140.0,0.2509,0.4803,0.2441860465,38844.5,0.867,0.6122,49414.0,27000.0,110.72
110398,University of California College of the Law-San Francisco,San Francisco,CA,Far West,City,Public,1,0,4,4,,,,,,,,,,,,,,,,,17540.0,0.2991,,35918.0,,,,,,,,,110.72
110404,California Institute of Technology,Pasadena,CA,Far West,City,Private nonprofit,1,0,3,4,2.0,0.0257,,,,,987.0,0.4519,0.1874,0.0466,0.1743,0.3587,65898.0,65898.0,86886.0,16075.0,23993.0,0.91,3.0,124489.0,0.1799,0.043,,44848.0,0.9737,0.9437,128566.0,,110.72
110413,California Lutheran University,Thousand Oaks,CA,Far West,City,Private nonprofit,1,0,3,4,2.0,0.7567,1266.0,595.0,595.0,26.0,2296.0,0.5475,0.3593,0.0449,0.4098,0.0553,52560.0,52560.0,68426.0,30109.0,10794.0,1.0,13.0,12168.0,0.3109,0.4985,0.3538587849,56619.0,0.7878,0.696,68712.0,21669.0,110.72
110422,California Polytechnic State University-San Luis Obispo,San Luis Obispo,CA,Far West,Suburb,Public,1,0,3,4,2.0,0.3132,,,,,21996.0,0.5081,0.4759,0.0076,0.2525,0.1397,13596.0,34665.0,32265.0,16665.0,12673.0,0.6902,19.0,11438.0,0.1924,0.2487,0.2480620155,74513.0,0.9555,0.864,90768.0,18500.0,110.72
110468,Alliant International University-San Diego,San Diego,CA,Far West,City,Private for-profit,1,0,1,4,2.0,0.0,,,,,391.0,0.5908,0.3785,0.0742,0.4118,0.0716,14304.0,14304.0,,,8207.0,1.0,9.0,10274.0,0.0169,0.1549,0.3192982456,20685.5,,,66666.0,12878.0,110.72
110486,California State University-Bakersfield,Bakersfield,CA,Far West,City,Public,1,0,3,4,2.0,0.9385,,,,,8577.0,0.6486,0.1214,0.042,0.6956,0.0646,8090.0,20690.0,19522.0,5652.0,11613.0,0.5201,20.0,8900.0,0.6065,0.2326,0.5817223199,27270.5,0.7883,0.498,59009.0,16600.0,110.72
110495,California State University-Stanislaus,Turlock,CA,Far West,Suburb,Public,1,0,3,4,2.0,0.9814,,,,,8385.0,0.6525,0.1696,0.0267,0.6284,0.0885,8246.0,20846.0,19739.0,6067.0,11926.0,0.5411,18.0,10889.0,0.5519,0.2086,0.5994566858,28214.0,0.8246,0.5345,63188.0,13540.0,110.72
110510,California State University-San Bernardino,San Bernardino,CA,Far West,City,Public,1,0,3,4,2.0,0.9374,,,,,15023.0,0.6089,0.0933,0.0556,0.729,0.0578,8093.0,20693.0,17427.0,4564.0,11988.0,0.4885,22.0,9661.0,0.5762,0.243,0.5968578162,25849.0,0.7959,0.549,59977.0,14715.0,110.72
110529,California State Polytechnic University-Pomona,Pomona,CA,Far West,Suburb,Public,1,0,3,4,2.0,0.7517,,,,,25042.0,0.4377,0.1281,0.0241,0.5525,0.2182,7780.0,20380.0,23955.0,11531.0,12943.0,0.4793,25.0,8485.0,0.4633,0.2458,0.4927816639,29032.0,0.8738,0.6843,71902.0,16000.0,110.72
110538,California State University-Chico,Chico,CA,Far West,City,Public,1,0,3,4,2.0,0.9272,,,,,13631.0,0.5642,0.4106,0.0304,0.3889,0.0544,8472.0,21072.0,26283.0,14480.0,11664.0,0.5566,23.0,8907.0,0.4252,0.3241,0.4734012975,30780.0,0.8163,0.6278,64172.0,16552.0,110.72
110547,California State University-Dominguez Hills,Carson,CA,Far West,City,Public,1,0,3,4,2.0,0.933,,,,,12538.0,0.5978,0.0396,0.1261,0.7084,0.0691,7449.0,20049.0,23191.0,8615.0,11789.0,0.4678,21.0,9329.0,0.6333,0.1965,0.5905017921,20044.0,0.7365,0.4279,57162.0,13807.0,110.72
110556,California State University-Fresno,Fresno,CA,Far West,City,Public,1,0,3,4,2.0,0.9526,,,,,21605.0,0.5842,0.145,0.0299,0.6321,0.1146,7350.0,19950.0,20095.0,7000.0,11540.0,0.5484,22.0,9435.0,0.5697,0.1909,0.5324517404,27059.0,0.8157,0.5696,61244.0,14505.0,110.72
110565,California State University-Fullerton,Fullerton,CA,Far West,Suburb,Public,1,0,3,4,2.0,0.9052,,,,,38546.0,0.5587,0.1323,0.025,0.562,0.2079,7470.0,20070.0,18269.0,6555.0,12295.0,0.5037,26.0,7992.0,0.4807,0.2198,0.4944552529,28124.0,0.8242,0.7018,62951.0,13750.0,110.72
110574,California State University-East Bay,Hayward,CA,Far West,Suburb,Public,1,0,3,4,2.0,0.9739,,,,,9809.0,0.5855,0.1514,0.0942,0.4098,0.2157,7583.0,20183.0,22850.0,9320.0,12805.0,0.4807,22.0,8602.0,0.444,0.261,0.5092975207,24527.0,0.7569,0.4795,71401.0,16544.0,110.72
110583,California State University-Long Beach,Long Beach,CA,Far West,City,Public,1,0,3,4,2.0,0.4627,,,,,35924.0,0.5855,0.1441,0.0395,0.5246,0.1989,7350.0,19950.0,22679.0,10440.0,12276.0,0.4524,23.0,8963.0,0.5018,0.238,0.4862716763,26465.0,0.868,0.6888,64403.0,14289.0,110.72
110592,California State University-Los Angeles,Los Angeles,CA,Far West,City,Public,1,0,3,4,2.0,0.9125,,,,,19562.0,0.5566,0.0374,0.0428,0.7765,0.0978,7160.0,19760.0,18403.0,3967.0,12690.0,0.4156,21.0,9018.0,0.663,0.1794,0.6153393718,22032.0,0.7185,0.5298,59211.0,13000.0,110.72
110608,California State University-Northridge,Northridge,CA,Far West,City,Public,1,0,3,4,2.0,0.9345,,,,,32691.0,0.5288,0.1802,0.0559,0.5791,0.0874,7458.0,20058.0,20485.0,7021.0,12456.0,0.4325,25.0,8003.0,0.5607,0.2139,0.5386728094,22839.0,0.7344,0.5695,59115.0,13872.0,110.72
110617,California State University-Sacramento,Sacramento,CA,Far West,City,Public,1,0,3,4,2.0,0.9399,,,,,28350.0,0.5503,0.2253,0.0693,0.3836,0.2087,8018.0,20618.0,22945.0,9338.0,11717.0,0.49,24.0,8604.0,0.4913,0.2282,0.4904833191,27217.0,0.8191,0.5629,64876.0,15000.0,110.72
110635,University of California-Berkeley,Berkeley,CA,Far West,City,Public,1,0,3,4,2.0,0.1098,,,,,33068.0,0.5579,0.1979,0.0205,0.221,0.3545,16347.0,50547.0,45619.0,13481.0,21246.0,0.6957,18.0,23741.0,0.2864,0.1683,0.3458005249,31227.0,0.9679,0.9284,92446.0,13000.0,110.72
110644,University of California-Davis,Davis,CA,Far West,Suburb,Public,1,0,3,4,2.0,0.4183,,,,,32253.0,0.5862,0.1987,0.0169,0.251,0.3142,16774.0,50974.0,41238.0,14741.0,18357.0,0.8759,22.0,34097.0,0.3135,0.197,0.4083114282,33783.5,0.9281,0.8567,80838.0,13000.0,110.72
110653,University of California-Irvine,Irvine,CA,Far West,City,Public,1,0,3,4,2.0,0.2857,,,,,30197.0,0.561,0.1277,0.0195,0.2683,0.3747,15722.0,49922.0,38632.0,14251.0,19250.0,0.8318,19.0,29852.0,0.361,0.2033,0.4398111723,34735.0,0.9405,0.8687,80735.0,15000.0,110.72
110662,University of California-Los Angeles,Los Angeles,CA,Far West,City,Public,1,0,3,4,2.0,0.0897,,,,,33475.0,0.6036,0.2391,0.0337,0.2424,0.2954,15203.0,49403.0,38614.0,12548.0,22848.0,0.7512,20.0,73875.0,0.2824,0.1877,0.3808913934,32613.5,0.9731,0.9262,82511.0,14000.0,110.72
110671,University of California-Riverside,Riverside,CA,Far West,City,Public,1,0,3,4,2.0,0.7639,,,,,22593.0,0.526,0.1033,0.0354,0.3989,0.359,15606.0,49806.0,38942.0,14304.0,17096.0,0.8947,22.0,16225.0,0.4695,0.3103,0.4834699068,35809.0,0.876,0.7596,67699.0,17500.0,110.72
110680,University of California-San Diego,La Jolla,CA,Far West,City,Public,1,0,3,4,2.0,0.2671,,,,,34948.0,0.5484,0.1718,0.0163,0.2651,0.3464,16758.0,50958.0,38701.0,12470.0,19117.0,0.8766,19.0,26067.0,0.342,0.2139,0.3957082833,35914.0,0.9402,0.8605,84943.0,15500.0,110.72
110699,University of California-San Francisco,San Francisco,CA,Far West,City,Public,1,0,4,4,,,,,,,,,,,,,,,,,15651.0,0.6641,,174300.0,,,,7007.0,,,,,110.72
110705,University of California-Santa Barbara,Santa Barbara,CA,Far West,Suburb,Public,1,0,3,4,2.0,0.3297,,,,,23113.0,0.5755,0.3175,0.0197,0.2721,0.1791,16414.0,50614.0,41573.0,16109.0,20677.0,0.8994,17.0,17118.0,0.2785,0.1811,0.4240058108,36166.0,0.93,0.8303,74915.0,13993.0,110.72
110714,University of California-Santa Cruz,Santa Cruz,CA,Far West,City,Public,1,0,3,4,2.0,0.6579,,,,,17940.0,0.5277,0.3056,0.0206,0.2863,0.2431,16005.0,50205.0,41179.0,17890.0,17994.0,0.8491,22.0,13595.0,0.3157,0.2836,0.3674975075,42014.5,0.8795,0.7509,68396.0,16666.0,110.72
110778,Sofia University,Palo Alto,CA,Far West,City,Private for-profit,1,0,3,4,,,,,,,5.0,0.8,0.6,0.0,0.0,0.4,,,,,6926.0,1.0,11.0,9471.0,1.0,1.0,,,,,,,110.72
111045,Haven University,Garden Grove,CA,Far West,Suburb,Private nonprofit,1,0,3,4,1.0,,,,,,28.0,0.4643,0.0,0.2857,0.0,0.0357,7010.0,7010.0,,,1500.0,,21.0,8681.0,0.0968,0.0,,,,,,,110.72
111081,California Institute of the Arts,Valencia,CA,Far West,Suburb,Private nonprofit,1,0,3,4,2.0,0.3234,,,,,860.0,0.6035,0.3209,0.0535,0.1721,0.0942,58996.0,58996.0,77560.0,46080.0,10095.0,0.4474,7.0,34675.0,0.2424,0.3624,0.1573426573,55256.0,0.8239,0.6667,41198.0,25000.0,110.72
111188,Cal Poly Maritime Academy,Vallejo,CA,Far West,City,Public,1,0,3,4,2.0,0.9501,,,,,804.0,0.1803,0.4813,0.0386,0.2214,0.0908,9944.0,22544.0,29853.0,20555.0,12097.0,0.7895,11.0,22010.0,0.251,0.3929,0.1994750656,64087.0,0.7746,0.5972,94784.0,24965.0,110.72
111391,California Western School of Law,San Diego,CA,Far West,City,Private nonprofit,1,0,4,4,,,,,,,,,,,,,,,,,13248.0,0.493,,14106.0,,,,,,,,,110.72
111638,Casa Loma College-Los Angeles,Sherman Oaks,CA,Far West,City,Private nonprofit,1,0,2,3,2.0,0.4255,,,,,758.0,0.7282,0.2863,0.0871,0.5106,0.0778,,,,27596.0,6630.0,0.3333,19.0,6954.0,0.4916,0.6983,0.5291479821,27326.0,,0.7324,49854.0,26791.0,110.72
111948,Chapman University,Orange,CA,Far West,City,Private nonprofit,1,0,3,4,2.0,0.6543,1357.0,655.0,655.0,29.0,7478.0,0.6147,0.4688,0.0223,0.1987,0.1626,64984.0,64984.0,83146.0,46555.0,13611.0,1.0,12.0,21557.0,0.1939,0.6034,0.1787741203,79694.0,0.9181,0.8188,70070.0,20500.0,110.72
111966,Charles R Drew University of Medicine and Science,Los Angeles,CA,Far West,Suburb,Private nonprofit,1,0,3,4,2.0,0.3874,,,,,282.0,0.6312,0.0284,0.3404,0.1773,0.078,23000.0,23000.0,39834.0,35558.0,9291.0,0.2708,4.0,23423.0,0.5359,0.6456,0.4770642202,23199.5,0.5,0.2963,83438.0,18750.0,110.72
112075,Concordia University-Irvine,Irvine,CA,Far West,City,Private nonprofit,1,0,3,4,2.0,0.6599,,580.0,565.0,25.0,1536.0,0.6068,0.4375,0.0339,0.3021,0.0951,43480.0,43480.0,58682.0,28115.0,8069.0,1.0,13.0,9280.0,0.2423,0.5235,0.2838633687,50504.0,0.7483,0.5831,65083.0,24247.0,110.72
112084,San Diego Christian College,Santee,CA,Far West,Suburb,Private nonprofit,1,0,3,4,2.0,0.3081,,,,,87.0,0.4483,0.3793,0.1494,0.2644,0.046,28012.0,28012.0,31745.0,992.0,7898.0,0.1935,9.0,9990.0,0.45,0.35,0.4083769634,31569.0,0.8571,0.1967,49766.0,24941.0,110.72
112127,Church Divinity School of the Pacific,Berkeley,CA,Far West,City,Private nonprofit,1,0,4,4,,,,,,,,,,,,,,,,,15581.0,,,39146.0,,,,,,,,,110.72
112251,Claremont Graduate University,Claremont,CA,Far West,Suburb,Private nonprofit,1,0,4,4,,,,,,,,,,,,,,,,,14427.0,0.7203,,30454.0,,,,35864.0,,,64372.0,,110.72
112260,Claremont McKenna College,Claremont,CA,Far West,Suburb,Private nonprofit,1,0,3,4,2.0,0.0959,1527.0,725.0,750.0,34.0,1388.0,0.4993,0.3573,0.0411,0.1484,0.1707,67980.0,67980.0,86500.0,28849.0,16701.0,0.9023,8.0,47965.0,0.181,0.2093,,71150.0,0.9813,0.9136,104736.0,13500.0,110.72
112394,University of Silicon Valley,San Jose,CA,Far West,City,Private for-profit,1,0,3,4,2.0,0.5118,,,,,455.0,0.2835,0.2857,0.1209,0.2659,0.167,22480.0,22480.0,35722.0,27815.0,7964.0,0.069,13.0,5946.0,0.4974,0.6746,0.2790697674,35952.0,0.6875,0.2874,51017.0,31000.0,110.72
112525,Western University of Health Sciences,Pomona,CA,Far West,Suburb,Private nonprofit,1,0,4,4,,,,,,,,,,,,,,,,,12170.0,0.8777,,39399.0,,,,,,,,,110.72
113111,Crafton Hills College,Yucaipa,CA,Far West,Suburb,Public,1,0,2,3,1.0,,,,,,5687.0,0.5535,0.2759,0.0426,0.5548,0.0615,1188.0,14556.0,20282.0,11331.0,11171.0,0.3319,19.0,3772.0,0.1396,0.0,0.5680970149,20504.0,,0.3128,42553.0,,110.72
113236,Cypress College,Cypress,CA,Far West,City,Public,1,0,1,3,1.0,,,,,,13354.0,0.5868,0.1082,0.0347,0.5568,0.209,1150.0,12379.0,14290.0,4606.0,13082.0,0.3329,25.0,7030.0,0.3124,0.0141,0.5358838313,18919.0,,0.3728,43533.0,10000.0,110.72
113582,Design Institute of San Diego,San Diego,CA,Far West,City,Private for-profit,1,0,3,4,2.0,1.0,,,,,77.0,0.9481,0.4545,0.0649,0.1818,0.0779,29300.0,29300.0,55911.0,44010.0,7708.0,,8.0,7677.0,0.5109,0.6304,,28781.5,0.0,0.8,46920.0,36844.0,110.72
113698,Dominican University of California,San Rafael,CA,Far West,City,Private nonprofit,1,0,3,4,2.0,0.835,1290.0,579.0,590.0,23.0,1114.0,0.7181,0.2065,0.0583,0.3232,0.3007,52161.0,52161.0,71751.0,35333.0,10036.0,0.2983,8.0,14134.0,0.319,0.5755,0.306122449,65976.0,0.8548,0.7805,84713.0,27000.0,110.72
113704,Dominican School of Philosophy & Theology,Berkeley,CA,Far West,City,Private nonprofit,1,0,4,4,,,,,,,,,,,,,,,,,4483.0,1.0,,28247.0,,,,,,,,,110.72
114433,Feather River Community College District,Quincy,CA,Far West,Rural,Public,1,0,2,3,1.0,,,,,,1828.0,0.5821,0.3244,0.0908,0.4218,0.0394,1465.0,10435.0,20385.0,10800.0,10290.0,0.3684,17.0,10147.0,0.1644,0.0626,0.4843373494,24226.0,0.6,0.3457,38142.0,10750.0,110.72
114549,Fielding Graduate University,Santa Barbara,CA,Far West,City,Private nonprofit,1,0,4,4,,,,,,,,,,,,,,,,,6823.0,0.3476,,12310.0,,,,,,,,,110.72
114585,Five Branches University,Santa Cruz,CA,Far West,Suburb,Private for-profit,1,0,4,4,,,,,,,,,,,,,,,,,,0.0781,,3241.0,,,,,,,,,110.72
114716,Foothill College,Los Altos Hills,CA,Far West,Suburb,Public,1,0,1,3,1.0,,,,,,11137.0,0.4719,0.2546,0.0323,0.3426,0.251,1565.0,12590.0,16361.0,7653.0,11815.0,0.3372,26.0,5712.0,0.0871,0.0223,0.4988575781,19671.0,,0.5637,57072.0,10500.0,110.72
114734,Franciscan School of Theology,San Diego,CA,Far West,City,Private nonprofit,1,0,4,4,,,,,,,,,,,,,,,,,6362.0,,,23503.0,,,,,,,,,110.72
114813,Fresno Pacific University,Fresno,CA,Far West,City,Private nonprofit,1,0,3,4,2.0,0.6407,,550.0,555.0,21.0,1544.0,0.728,0.2001,0.0427,0.6185,0.0486,36660.0,36660.0,44249.0,13630.0,8399.0,1.0,10.0,7528.0,0.5835,0.6627,0.4657631954,31830.0,0.7157,0.5,58896.0,23146.0,110.72
114840,Fuller Theological Seminary,Pasadena,CA,Far West,City,Private nonprofit,1,0,4,4,,,,,,,,,,,,,,,,,8192.0,0.4862,,9600.0,,,,,,,,,110.72
115010,Glendale Career College,Glendale,CA,Far West,City,Private for-profit,1,0,2,3,1.0,,,,,,896.0,0.7612,0.2121,0.0658,0.3147,0.1931,,,,49195.0,5980.0,,21.0,6942.0,0.5097,0.7242,0.5517241379,20380.0,0.9,0.626,41472.0,9500.0,110.72
115083,Golden Gate University,San Francisco,CA,Far West,City,Private nonprofit,1,0,3,4,,,,,,,259.0,0.3514,0.2548,0.1506,0.1622,0.2741,,,,,9127.0,1.0,7.0,3457.0,0.3565,0.2818,0.5273972603,38994.0,,,87434.0,29875.0,110.72
115214,Graduate Theological Union,Berkeley,CA,Far West,City,Private nonprofit,1,0,4,4,,,,,,,,,,,,,,,,,8497.0,0.6667,,18016.0,,,,,,,,,110.72
115409,Harvey Mudd College,Claremont,CA,Far West,Suburb,Private nonprofit,1,0,3,3,2.0,0.1266,1545.0,735.0,785.0,35.0,921.0,0.5071,0.2443,0.0521,0.2204,0.202,68613.0,68613.0,90165.0,35924.0,15352.0,0.9268,8.0,36100.0,0.1517,0.3298,,104805.5,0.9641,0.9188,138687.0,25000.0,110.72
115746,Pacifica Graduate Institute,Santa Barbara CA,CA,Far West,Rural,Private for-profit,1,0,4,4,,,,,,,,,,,,,,,,,9323.0,0.1684,,9836.0,,,,,,,,,110.72
115755,California State Polytechnic University-Humboldt,Arcata,CA,Far West,Town,Public,1,0,3,4,2.0,0.982,,,,,5612.0,0.5437,0.5157,0.0255,0.286,0.0317,8250.0,20850.0,25170.0,13171.0,11900.0,0.5176,16.0,18064.0,0.4287,0.338,0.44061178,26596.0,0.7599,0.4855,47626.0,18000.0,110.72
115773,Humphreys University,Stockton,CA,Far West,City,Private nonprofit,1,0,3,4,1.0,,,,,,149.0,0.8926,0.2819,0.1007,0.4295,0.0872,13500.0,13500.0,20918.0,5524.0,6868.0,0.16,5.0,7995.0,0.5246,0.5683,0.5897435897,17484.0,1.0,0.6154,39248.0,35500.0,110.72
116226,Interior Designers Institute,Newport Beach,CA,Far West,City,Private for-profit,1,0,2,4,1.0,,,,,,97.0,0.9485,0.5773,0.0309,0.1546,0.1443,20250.0,20250.0,,,,,7.0,5086.0,0.2804,0.4393,,30429.0,,,54974.0,22082.0,110.72
116846,American Jewish University,Los Angeles,CA,Far West,City,Private nonprofit,1,0,1,4,,,,,,,60.0,0.9833,0.6,0.0167,0.2333,0.05,,,,,13979.0,1.0,10.0,18456.0,0.1026,0.1026,,13489.0,,0.4444,61954.0,,110.72
117104,Life Pacific University,San Dimas,CA,Far West,Suburb,Private nonprofit,1,0,3,4,2.0,0.958,,,,,456.0,0.5373,0.3465,0.0592,0.4408,0.0285,22118.0,22118.0,35062.0,20898.0,6254.0,0.2254,12.0,6452.0,0.5379,0.6591,0.3714285714,39700.0,0.7302,0.404,43299.0,22395.0,110.72
117140,University of La Verne,La Verne,CA,Far West,Suburb,Private nonprofit,1,0,3,4,2.0,0.7117,1083.0,518.0,503.0,21.0,3050.0,0.6007,0.163,0.0797,0.6311,0.0587,49470.0,49470.0,62278.0,20161.0,10550.0,0.2974,10.0,9908.0,0.514,0.6411,0.5062086093,35393.5,0.6445,0.6312,65464.0,23500.0,110.72
117168,Laguna College of Art and Design,Laguna Beach,CA,Far West,Rural,Private nonprofit,1,0,3,4,2.0,0.9432,,,,,746.0,0.7507,0.3981,0.0174,0.2399,0.1863,37500.0,37500.0,57989.0,42505.0,8099.0,0.0935,9.0,11485.0,0.299,0.4343,0.219895288,57057.0,0.8421,0.5172,47867.0,27000.0,110.72
117520,Life Chiropractic College West,Hayward,CA,Far West,Suburb,Private nonprofit,1,0,4,4,,,,,,,,,,,,,,,,,8247.0,0.3391,,18924.0,,,,,,,,,110.72
117557,Lincoln University,Oakland,CA,Far West,City,Private nonprofit,1,0,3,4,1.0,,,,,,204.0,0.3186,0.2598,0.2304,0.0686,0.0392,13150.0,13150.0,,,5583.0,0.3793,15.0,5946.0,0.0,0.0,,11104.0,0.8889,1.0,53695.0,,110.72
117575,Southern California Seminary,El Cajon,CA,Far West,Suburb,Private nonprofit,1,0,3,4,1.0,,,,,,32.0,0.2813,0.5,0.1875,0.2188,0.0313,19080.0,19080.0,,,6254.0,0.3333,9.0,8166.0,0.3438,0.4063,,10834.0,0.0,0.5,39607.0,,110.72
117627,La Sierra University,Riverside,CA,Far West,City,Private nonprofit,1,0,3,4,2.0,0.915,,515.0,495.0,23.0,1116.0,0.5842,0.0887,0.0717,0.5394,0.1478,37710.0,37710.0,51459.0,45566.0,8396.0,0.6429,12.0,13162.0,0.4725,0.5857,0.3961584634,39628.0,0.7729,0.5973,61824.0,27000.0,110.72
117636,Loma Linda University,Loma Linda,CA,Far West,Suburb,Private nonprofit,1,0,3,4,,,,,,,909.0,0.7327,0.1914,0.0319,0.4796,0.2255,,,,,11868.0,0.972,3.0,29733.0,0.3504,0.6425,0.3838951311,28486.0,,,89816.0,20854.0,110.72
117672,Southern California University of Health Sciences,Whittier,CA,Far West,Suburb,Private nonprofit,1,0,1,4,1.0,,,,,,158.0,0.8228,0.2215,0.1392,0.3418,0.1772,10476.0,10476.0,57740.0,45848.0,9047.0,0.3065,14.0,14855.0,0.0694,0.1083,,21545.0,,0.5,70649.0,11400.0,110.72
117751,The Master's University and Seminary,Santa Clarita,CA,Far West,Suburb,Private nonprofit,1,0,3,4,2.0,0.8402,,,,,1622.0,0.4624,0.5869,0.0277,0.201,0.0666,39020.0,39020.0,54845.0,32647.0,8083.0,0.2429,13.0,8426.0,0.2124,0.3812,0.2282608696,62835.5,0.8467,0.6773,57106.0,20500.0,110.72
117946,Loyola Marymount University,Los Angeles,CA,Far West,City,Private nonprofit,1,0,3,4,2.0,0.4508,1359.0,660.0,675.0,30.0,7094.0,0.5216,0.382,0.0785,0.2522,0.1045,62357.0,62357.0,83943.0,48381.0,13834.0,0.5824,10.0,19325.0,0.1322,0.2947,0.2240373396,69000.0,0.8858,0.7887,78349.0,19500.0,110.72
118693,Menlo College,Atherton,CA,Far West,Suburb,Private nonprofit,1,0,3,4,2.0,0.6847,,,,,752.0,0.4255,0.1689,0.0505,0.3218,0.0665,53630.0,53630.0,72020.0,31100.0,10344.0,1.0,14.0,8662.0,0.3105,0.438,0.4006849315,49601.0,0.6994,0.535,76419.0,21750.0,110.72
118888,Northeastern University Oakland,Oakland,CA,Far West,City,Private nonprofit,0,0,3,4,2.0,0.1665,1472.0,736.0,660.0,31.0,464.0,0.5172,0.2241,0.069,0.0647,0.3966,67778.0,67778.0,85418.0,25181.0,14244.0,1.0,7.0,200.0,0.2674,0.4799,0.1851581509,80224.5,0.0021,,92538.0,24250.0,110.72
118912,MiraCosta College,Oceanside,CA,Far West,Suburb,Public,1,0,2,3,1.0,,,,,,10278.0,0.5838,0.334,0.0365,0.4474,0.0705,1158.0,9750.0,15531.0,7339.0,14957.0,0.2307,18.0,7169.0,0.2738,0.0234,0.5097139773,19811.0,0.9091,0.4111,43845.0,9000.0,110.72
118976,Modesto Junior College,Modesto,CA,Far West,City,Public,1,0,2,3,1.0,,,,,,15109.0,0.5996,0.2747,0.034,0.5828,0.0608,1282.0,9264.0,11487.0,2818.0,10951.0,0.4675,32.0,5526.0,0.3179,0.003,0.5986489171,16410.0,0.7144,0.2957,42368.0,,110.72
119058,Middlebury Institute of International Studies at Monterey,Monterey,CA,Far West,Suburb,Private nonprofit,0,0,3,4,,,,,,,4.0,0.5,0.5,0.0,0.5,0.0,,,,,11958.0,0.6566,1.0,21337.0,0.4167,0.5833,0.2157258065,57882.0,,,76310.0,13857.0,110.72
119173,Mount Saint Mary's University,Los Angeles,CA,Far West,City,Private nonprofit,1,0,3,4,2.0,0.7313,,,,,1719.0,0.9209,0.0797,0.0646,0.5748,0.1803,49564.0,49564.0,66726.0,21413.0,9605.0,0.2954,8.0,13438.0,0.571,0.6774,0.4972592013,35520.0,0.7114,0.5325,72379.0,25949.0,110.72
119270,Musicians Institute,Hollywood,CA,Far West,City,Private for-profit,1,0,1,4,2.0,0.7795,,,,,759.0,0.3254,0.2055,0.0738,0.0791,0.0725,34322.0,34322.0,52369.0,46518.0,2761.0,0.295,6.0,6732.0,0.1987,0.2167,0.3411552347,23802.5,0.8,0.5281,32778.0,,110.72
119605,National University,San Diego,CA,Far West,City,Private nonprofit,1,0,3,4,1.0,,,,,,10794.0,0.5282,0.2853,0.1774,0.3239,0.0732,13284.0,13284.0,33978.0,22878.0,9332.0,0.1144,16.0,5903.0,0.2884,0.2467,0.4400887574,31188.0,0.5263,0.4286,67548.0,25000.0,110.72
119678,Naval Postgraduate School,Monterey,CA,US Service Schools,Suburb,Public,1,0,4,4,,,,,,,,,,,,,,,,,16480.0,0.8522,,,,,,,,,,,110.72
119775,Newschool of Architecture and Design,San Diego,CA,Far West,City,Private for-profit,1,0,3,4,2.0,1.0,,,,,182.0,0.4725,0.2473,0.1319,0.4121,0.1099,30291.0,30291.0,62004.0,52570.0,6140.0,0.128,8.0,7187.0,0.5211,0.5399,0.3787878788,19871.0,0.625,0.619,68891.0,31000.0,110.72
120166,San Francisco Bay University,Fremont,CA,Far West,City,Private nonprofit,0,0,3,4,2.0,0.9578,,,,,126.0,0.4127,0.0317,0.0317,0.0476,0.0635,8830.0,8830.0,,,8144.0,0.1316,10.0,6015.0,0.0,0.0,,,0.7222,,,,110.72
120184,Notre Dame de Namur University,Belmont,CA,Far West,Suburb,Private nonprofit,1,0,3,4,,,,,,,33.0,0.7576,0.2121,0.0606,0.4848,0.0606,,,,,8598.0,0.1053,6.0,21249.0,0.2857,0.2143,0.4584221748,39259.0,,0.067,74576.0,25000.0,110.72
120254,Occidental College,Los Angeles,CA,Far West,City,Private nonprofit,1,0,3,3,2.0,0.4417,1452.0,705.0,710.0,32.0,1877.0,0.5866,0.456,0.0442,0.1763,0.1609,66274.0,66274.0,84800.0,38263.0,12349.0,0.7454,9.0,24676.0,0.1656,0.3715,0.1759259259,76004.0,0.8985,0.8088,75951.0,23000.0,110.72
120403,Otis College of Art and Design,Los Angeles,CA,Far West,City,Private nonprofit,1,0,3,4,2.0,0.8176,1310.0,655.0,590.0,25.0,1223.0,0.7089,0.2494,0.0605,0.2339,0.1872,56488.0,56488.0,75861.0,51248.0,9491.0,0.1672,9.0,20350.0,0.3363,0.4449,0.2419354839,37380.0,0.7447,0.663,58152.0,27000.0,110.72
120537,Hope International University,Fullerton,CA,Far West,Suburb,Private nonprofit,1,0,3,4,2.0,0.3298,1020.0,520.0,570.0,,564.0,0.5408,0.2872,0.0745,0.2926,0.0426,38050.0,38050.0,51784.0,29310.0,7734.0,0.3167,13.0,5305.0,0.4426,0.5683,0.3863134658,40565.0,0.5244,0.4944,49697.0,23000.0,110.72
120698,Palo Alto University,Palo Alto,CA,Far West,Rural,Private nonprofit,1,0,3,4,,,,,,,14.0,0.8571,0.3571,0.1429,0.0714,0.2143,,,,,16185.0,0.5581,15.0,24704.0,0.5,0.4091,0.4705882353,18766.5,,,83187.0,20500.0,110.72
120768,Pacific Oaks College,Pasadena,CA,Far West,City,Private nonprofit,1,0,3,4,2.0,0.3438,,,,,312.0,0.8942,0.2083,0.1571,0.4968,0.0224,32520.0,32520.0,,,7053.0,0.1316,11.0,5507.0,0.5665,0.7428,0.5784883721,24828.5,,,52485.0,29105.0,110.72
120795,Pacific School of Religion,Berkeley,CA,Far West,City,Private nonprofit,1,0,4,4,,,,,,,,,,,,,,,,,8272.0,0.9,,42937.0,,,,,,,,,110.72
120865,Pacific Union College,Angwin,CA,Far West,Rural,Private nonprofit,1,0,2,4,2.0,0.473,,,,,805.0,0.6261,0.1553,0.0509,0.3043,0.2037,37173.0,37173.0,49404.0,41008.0,6738.0,1.0,12.0,19380.0,0.34,0.5817,0.2572463768,55384.0,0.8864,0.5828,70484.0,27500.0,110.72
120883,University of the Pacific,Stockton,CA,Far West,City,Private nonprofit,1,0,3,4,2.0,0.7132,1346.0,620.0,630.0,28.0,3204.0,0.5506,0.1423,0.03,0.2853,0.3365,57080.0,57080.0,71515.0,25447.0,11952.0,0.5471,13.0,22165.0,0.3612,0.4025,0.350177305,44821.5,0.8846,0.6905,78445.0,19500.0,110.72
121150,Pepperdine University,Malibu,CA,Far West,Suburb,Private nonprofit,1,0,3,4,2.0,0.6286,1384.0,670.0,680.0,28.0,3553.0,0.5958,0.4379,0.0366,0.1942,0.1464,69918.0,69918.0,93512.0,58098.0,14314.0,0.4678,12.0,10390.0,0.2025,0.3731,0.1761658031,69305.0,0.8757,0.8335,82939.0,23510.0,110.72
121257,Pitzer College,Claremont,CA,Far West,Suburb,Private nonprofit,1,0,3,3,2.0,0.2516,,,,,1227.0,0.5884,0.4727,0.0424,0.1206,0.1288,65192.0,65192.0,86466.0,34191.0,12503.0,0.8015,10.0,26633.0,0.1055,0.2002,0.23,71480.5,0.938,0.8339,69512.0,16750.0,110.72
121309,Point Loma Nazarene University,San Diego,CA,Far West,City,Private nonprofit,1,0,3,4,2.0,0.8368,1287.0,640.0,620.0,26.0,3188.0,0.6515,0.5157,0.021,0.2698,0.0671,46250.0,46250.0,60488.0,38729.0,11862.0,1.0,13.0,11365.0,0.2144,0.4987,0.2931174089,59409.0,0.8554,0.7717,63998.0,22990.0,110.72
121345,Pomona College,Claremont,CA,Far West,Suburb,Private nonprofit,1,0,3,3,2.0,0.0709,1534.0,750.0,770.0,34.0,1666.0,0.5522,0.2827,0.0918,0.1723,0.1867,65420.0,65420.0,85300.0,19285.0,15085.0,0.942,7.0,45049.0,0.1953,0.0938,0.2991803279,42689.0,0.9755,0.932,77779.0,11782.0,110.72
121619,Santa Ana College,Santa Ana,CA,Far West,City,Public,1,0,1,3,1.0,,,,,,22485.0,0.397,0.1908,0.0164,0.5264,0.0744,1180.0,10756.0,12375.0,3133.0,13245.0,0.2505,33.0,7078.0,0.1598,0.0068,0.6960576515,22576.0,,0.3085,43552.0,6871.0,110.72
121628,RAND School of Public Policy,Santa Monica,CA,Far West,City,Private nonprofit,1,0,4,4,,,,,,,,,,,,,,,,,5889.0,1.0,,8910.0,,,,,,,,,110.72
121691,University of Redlands,Redlands,CA,Far West,City,Private nonprofit,1,0,3,4,2.0,0.8271,1241.0,615.0,580.0,29.0,2049.0,0.5637,0.345,0.0527,0.451,0.0464,60878.0,60878.0,76630.0,30031.0,10565.0,0.9957,10.0,14333.0,0.3645,0.5541,0.3523459062,57353.0,0.8402,0.6727,72690.0,26000.0,110.72
121886,Rio Hondo College,Whittier,CA,Far West,Rural,Public,1,0,1,3,1.0,,,,,,15684.0,0.3937,0.1183,0.0245,0.6907,0.0486,1388.0,9884.0,21391.0,14379.0,12922.0,0.3056,31.0,8467.0,0.2617,0.0057,0.6826999734,19375.5,1.0,0.2453,44950.0,5500.0,110.72
122117,Dongguk University Los Angeles,Los Angeles,CA,Far West,City,Private nonprofit,1,0,4,4,,,,,,,,,,,,,,,,,6000.0,,,2906.0,,,,,,,,,110.72
122296,Samuel Merritt University,Oakland,CA,Far West,City,Private nonprofit,1,0,3,4,,,,,,,718.0,0.8287,0.2396,0.0627,0.2772,0.2493,,,,,11449.0,0.4509,5.0,19852.0,0.1835,0.9136,0.3201581028,30597.0,,,143238.0,20825.0,110.72
122375,San Diego Mesa College,San Diego,CA,Far West,City,Public,1,0,2,3,1.0,,,,,,16098.0,0.55,0.2779,0.0691,0.423,0.1327,1146.0,10002.0,19371.0,5814.0,10642.0,0.3766,23.0,4552.0,0.1567,0.0178,0.48779415,18693.0,,0.3476,45120.0,4725.0,110.72
122409,San Diego State University,San Diego,CA,Far West,City,Public,1,0,3,4,2.0,0.3619,,,,,35377.0,0.5656,0.338,0.0345,0.3674,0.1319,8728.0,21328.0,27780.0,15364.0,13042.0,0.5005,27.0,8619.0,0.3174,0.2325,0.4119461928,32530.0,0.9063,0.7643,64909.0,15000.0,110.72
122436,University of San Diego,San Diego,CA,Far West,City,Private nonprofit,1,0,3,4,2.0,0.5238,,,,,5671.0,0.5645,0.4304,0.0476,0.2779,0.07,59486.0,59486.0,78720.0,30365.0,13201.0,0.5446,13.0,18725.0,0.2092,0.324,0.2486231314,70085.0,0.914,0.8367,86522.0,22940.0,110.72
122506,San Francisco Conservatory of Music,San Francisco,CA,Far West,City,Private nonprofit,1,0,3,4,2.0,0.5491,,,,,226.0,0.4159,0.2168,0.0177,0.0885,0.0841,56150.0,56150.0,78781.0,42607.0,15211.0,1.0,5.0,46591.0,0.1667,0.3935,,49656.0,0.9273,0.7368,,27000.0,110.72
122597,San Francisco State University,San Francisco,CA,Far West,City,Public,1,0,3,4,2.0,0.9644,,,,,18639.0,0.5366,0.15,0.0653,0.4008,0.2343,7950.0,20550.0,26488.0,12278.0,13199.0,0.5316,19.0,10604.0,0.4222,0.2315,0.4820712432,27895.5,0.827,0.5037,68077.0,15371.0,110.72
122612,University of San Francisco,San Francisco,CA,Far West,City,Private nonprofit,1,0,3,4,2.0,0.6171,1295.0,645.0,645.0,29.0,5287.0,0.6501,0.2249,0.0811,0.2241,0.2661,60492.0,60492.0,80141.0,41431.0,14860.0,0.3982,11.0,20560.0,0.2796,0.4694,0.2801204819,57928.0,0.8369,0.7006,89812.0,23000.0,110.72
122649,San Joaquin College of Law,Clovis,CA,Far West,Suburb,Private nonprofit,1,0,4,4,,,,,,,,,,,,,,,,,10005.0,0.25,,8856.0,,,,,,,,,110.72
122685,San Joaquin Valley College-Visalia,Visalia,CA,Far West,City,Private for-profit,1,0,1,3,1.0,,,,,,2207.0,0.729,0.1754,0.0716,0.5949,0.0607,,,,27854.0,7414.0,0.3885,28.0,4444.0,0.5331,0.5833,0.5905030559,15708.0,,0.3647,38317.0,10674.0,110.72
122728,William Jessup University,Rocklin,CA,Far West,Suburb,Private nonprofit,1,0,3,4,2.0,0.9333,1150.0,,,,1294.0,0.5518,0.4196,0.0572,0.2566,0.0541,37150.0,37150.0,53703.0,28062.0,8173.0,0.3043,10.0,11189.0,0.3172,0.411,0.3268892794,47787.5,0.7688,0.5598,56257.0,23700.0,110.72
122755,San Jose State University,San Jose,CA,Far West,City,Public,1,0,3,4,2.0,0.8461,,,,,27601.0,0.4767,0.1235,0.0353,0.325,0.388,8410.0,21010.0,26593.0,13760.0,12896.0,0.4369,25.0,9020.0,0.3524,0.1952,0.4904813496,29408.0,0.8684,0.6922,78988.0,15000.0,110.72
122931,Santa Clara University,Santa Clara,CA,Far West,City,Private nonprofit,1,0,3,4,2.0,0.48,1426.0,685.0,725.0,32.0,6552.0,0.4945,0.3652,0.0337,0.198,0.2137,61293.0,61293.0,82026.0,50062.0,14682.0,0.7182,11.0,22421.0,0.1127,0.3741,0.1650589496,97113.5,0.9392,0.8792,109183.0,19162.0,110.72
122977,Santa Monica College,Santa Monica,CA,Far West,City,Public,1,0,2,3,1.0,,,,,,21440.0,0.5537,0.2593,0.0915,0.4097,0.0821,1156.0,10708.0,11162.0,2779.0,14243.0,0.2897,27.0,8852.0,0.2563,0.0328,0.501534573,16926.0,,0.3627,42193.0,6450.0,110.72
123095,Saybrook University,Pasadena,CA,Far West,City,Private nonprofit,1,0,4,4,,,,,,,,,,,,,,,,,7461.0,0.2469,,13888.0,,,,,,,,,110.72
123165,Scripps College,Claremont,CA,Far West,Suburb,Private nonprofit,1,0,3,4,2.0,0.3829,1492.0,730.0,720.0,33.0,1113.0,0.9991,0.54,0.0386,0.1141,0.1447,65950.0,65950.0,87564.0,36294.0,13213.0,0.7681,10.0,31253.0,0.11,0.1719,,78713.0,0.9382,0.8254,77539.0,13500.0,110.72
123280,Shasta Bible College and Graduate School,Redding,CA,Far West,City,Private nonprofit,1,0,3,4,2.0,1.0,,,,,21.0,0.2381,0.7143,0.0,0.1905,0.0476,14535.0,14535.0,34535.0,30437.0,1942.0,,3.0,4751.0,0.6154,0.3077,,12253.5,,1.0,28891.0,,110.72
123299,Shasta College,Redding,CA,Far West,Suburb,Public,1,0,2,3,1.0,,,,,,6128.0,0.5932,0.5834,0.0225,0.2046,0.0434,1197.0,8853.0,13915.0,2878.0,10713.0,0.4061,28.0,5208.0,0.3553,0.0349,0.5265336846,13661.0,1.0,0.2326,39269.0,14250.0,110.72
123448,Trinity Law School,Santa Ana,CA,Far West,City,Private nonprofit,0,0,4,4,,,,,,,,,,,,,,,,,9899.0,1.0,,6465.0,,,0.2960526316,38553.0,,,46989.0,26082.0,110.72
123457,Simpson University,Redding,CA,Far West,City,Private nonprofit,1,0,3,4,2.0,0.8603,,,,,809.0,0.4796,0.445,0.0445,0.293,0.047,39708.0,39708.0,54688.0,27817.0,7504.0,1.0,17.0,12171.0,0.4411,0.6265,0.3757455268,34919.5,0.6042,0.4884,54340.0,18750.0,110.72
123509,Skyline College,San Bruno,CA,Far West,Suburb,Public,1,0,2,3,1.0,,,,,,7620.0,0.5516,0.1787,0.027,0.3492,0.3169,1272.0,9956.0,11880.0,1738.0,13504.0,0.4448,29.0,5778.0,0.0991,0.0038,0.5275526742,19469.0,,0.443,55702.0,,110.72
123554,Saint Mary's College of California,Moraga,CA,Far West,Suburb,Private nonprofit,1,0,3,4,2.0,0.8653,,,,,1947.0,0.5429,0.3734,0.0488,0.3323,0.0827,57803.0,57803.0,77659.0,30378.0,11429.0,0.611,10.0,14094.0,0.2671,0.4168,0.2552083333,72847.0,0.8537,0.703,78812.0,23691.0,110.72
123563,Solano Community College,Fairfield,CA,Far West,Suburb,Public,1,0,2,3,1.0,,,,,,8061.0,0.5368,0.21,0.1413,0.3815,0.1463,1172.0,9812.0,13143.0,4669.0,11474.0,0.4053,27.0,6579.0,0.2286,0.0166,0.484508547,19386.0,,0.3619,44170.0,12000.0,110.72
123572,Sonoma State University,Rohnert Park,CA,Far West,Suburb,Public,1,0,3,4,2.0,0.9343,,,,,5166.0,0.5958,0.3995,0.0294,0.4243,0.0451,8624.0,21224.0,24648.0,12885.0,12780.0,0.5089,17.0,11482.0,0.3592,0.2683,0.4147465438,40508.0,0.792,0.5759,65986.0,16705.0,110.72
123633,South Baylo University,Anaheim,CA,Far West,City,Private nonprofit,1,0,4,4,,,,,,,,,,,,,,,,,5242.0,0.3056,,2614.0,,,,16400.0,,,,,110.72
123651,Vanguard University of Southern California,Costa Mesa,CA,Far West,City,Private nonprofit,1,0,3,4,2.0,0.6244,,555.0,535.0,22.0,1933.0,0.6684,0.3052,0.0523,0.4718,0.0388,41700.0,41700.0,52665.0,21241.0,9494.0,1.0,13.0,8587.0,0.4378,0.5682,0.3588362069,42880.0,0.7006,0.5677,59541.0,22000.0,110.72
123916,Starr King School for the Ministry,Oakland,CA,Far West,City,Private nonprofit,1,0,4,4,,,,,,,,,,,,,,,,,5059.0,0.6563,,13162.0,,,,,,,,,110.72
123943,Marshall B Ketchum University,Fullerton,CA,Far West,Suburb,Private nonprofit,1,0,4,4,,,,,,,,,,,,,,,,,11063.0,0.6579,,29571.0,,,,,,,,,110.72
123952,Southern California Institute of Architecture,Los Angeles,CA,Far West,City,Private nonprofit,1,0,3,4,2.0,0.766,,625.0,670.0,,236.0,0.4449,0.1695,0.0297,0.1695,0.1314,56162.0,56162.0,71612.0,43923.0,9192.0,0.625,9.0,17178.0,0.2134,0.2385,,27841.0,0.9143,0.7143,71909.0,,110.72
123961,University of Southern California,Los Angeles,CA,Far West,City,Private nonprofit,1,0,3,4,2.0,0.0981,1495.0,720.0,755.0,34.0,20443.0,0.5218,0.2554,0.0708,0.1998,0.2333,72097.0,72097.0,90300.0,32740.0,17924.0,0.5898,9.0,49674.0,0.2224,0.2357,0.2471783296,45149.0,0.9593,0.9183,92498.0,18000.0,110.72
123970,Southwestern Law School,Los Angeles,CA,Far West,City,Private nonprofit,1,0,4,4,,,,,,,,,,,,,,,,,17027.0,0.9833,,17528.0,,,,8190.0,,,,,110.72
124283,Claremont School of Theology,Los Angeles,CA,Far West,City,Private nonprofit,1,0,4,4,,,,,,,,,,,,,,,,,5519.0,1.0,,19157.0,,,,,,,,,110.72
124292,Thomas Aquinas College,Santa Paula,CA,Far West,Rural,Private nonprofit,1,0,3,3,2.0,0.8309,1329.0,665.0,610.0,28.0,566.0,0.5053,0.6378,0.0,0.1961,0.0177,30200.0,30200.0,43426.0,26196.0,9628.0,0.9855,11.0,17897.0,0.2672,0.6698,,97358.5,0.9161,0.843,55619.0,18000.0,110.72
124487,Epic Bible College & Graduate School,Sacramento,CA,Far West,Suburb,Private nonprofit,1,0,3,4,1.0,,,,,,66.0,0.6212,0.3182,0.2576,0.2121,0.0758,15072.0,15072.0,,,,,9.0,9547.0,0.4844,0.5313,0.4680851064,19850.0,,0.0,37822.0,,110.72
125037,The Colleges of Law at Ventura,Ventura,CA,Far West,City,Private nonprofit,1,0,4,4,,,,,,,,,,,,,,,,,7957.0,,,2968.0,,,,,,,,,110.72
125231,Walden University,Minneapolis,MN,Plains,City,Private for-profit,1,0,3,4,1.0,,,,,,9136.0,0.8578,0.3914,0.4238,0.0958,0.0161,12762.0,12762.0,35358.0,33817.0,7406.0,0.1099,31.0,3101.0,0.5518,0.688,0.5081266039,29737.5,0.0,,42810.0,20834.0,98.621
125471,West Los Angeles College,Culver City,CA,Far West,Suburb,Public,1,0,1,3,1.0,,,,,,7284.0,0.5999,0.1742,0.2158,0.4849,0.0467,1238.0,10572.0,17336.0,9634.0,12916.0,0.2975,26.0,9503.0,0.2096,0.0213,0.5406326034,14188.0,,0.2789,38537.0,13500.0,110.72
125532,Carrington College-Sacramento,Sacramento,CA,Far West,Suburb,Private for-profit,1,0,1,3,1.0,,,,,,2168.0,0.6804,0.1822,0.1218,0.4479,0.083,,,,41338.0,6837.0,0.5575,28.0,3567.0,0.5737,0.6307,0.5516005733,18013.0,,0.5077,39633.0,11537.0,110.72
125718,Westminster Theological Seminary in California,Escondido,CA,Far West,Suburb,Private nonprofit,1,0,4,4,,,,,,,,,,,,,,,,,8281.0,0.8,,17142.0,,,,,,,,,110.72
125727,Westmont College,Santa Barbara,CA,Far West,Suburb,Private nonprofit,1,0,3,3,2.0,0.7705,1328.0,658.0,653.0,29.0,1302.0,0.6098,0.5154,0.0261,0.2335,0.053,53584.0,53584.0,71150.0,29053.0,10166.0,0.6391,10.0,22852.0,0.2003,0.5114,0.16875,87651.0,0.85,0.7035,64778.0,23250.0,110.72
125763,Whittier College,Whittier,CA,Far West,Suburb,Private nonprofit,1,0,3,4,2.0,0.8079,,635.0,595.0,26.0,764.0,0.572,0.2395,0.0563,0.3901,0.0576,51350.0,51350.0,63664.0,25757.0,9094.0,0.7438,8.0,25263.0,0.3391,0.5388,0.3352517986,64984.0,0.6621,0.5996,59492.0,24937.0,110.72
125897,Woodbury University,Burbank,CA,Far West,City,Private nonprofit,1,0,3,4,2.0,0.8165,,,,,779.0,0.5443,0.3864,0.0513,0.2747,0.1194,47056.0,47056.0,58010.0,33692.0,,,13.0,18298.0,0.4618,0.583,0.4097859327,32542.5,0.7404,0.6,65668.0,26960.0,110.72
126012,The Wright Institute,Berkeley,CA,Far West,City,Private nonprofit,1,0,4,4,,,,,,,,,,,,,,,,,11503.0,0.25,,14207.0,,,,,,,,,110.72
126049,Thomas Jefferson School of Law,San Diego,CA,Far West,City,Private nonprofit,1,0,4,4,,,,,,,,,,,,,,,,,11313.0,0.1463,,9969.0,,,,,,,,,110.72
126076,Yeshiva Ohr Elchonon Chabad West Coast Talmudical Seminary,Los Angeles,CA,Far West,City,Private nonprofit,1,0,3,3,2.0,0.5821,,,,,163.0,0.0,0.9877,0.0,0.0,0.0,16900.0,16900.0,31300.0,14959.0,5655.0,0.5909,12.0,14395.0,0.7006,0.0,,40088.0,0.9508,0.1186,48361.0,,110.72
126182,Adams State University,Alamosa,CO,Rocky Mountains,Town,Public,1,0,3,4,1.0,,,515.0,515.0,21.0,1250.0,0.4264,0.4104,0.0912,0.3344,0.012,9824.0,21944.0,24352.0,12980.0,7123.0,0.504,14.0,9349.0,0.378,0.3335,0.4151309408,31933.0,0.5068,0.3942,44372.0,19500.0,103.052
126207,Aims Community College,Greeley,CO,Rocky Mountains,City,Public,1,0,1,3,1.0,,,,,,3635.0,0.5373,0.4545,0.0248,0.4135,0.0124,2258.0,11786.0,16657.0,11463.0,8064.0,1.0,17.0,9741.0,0.1494,0.0331,0.5454545455,28173.0,0.7221,0.3957,41887.0,6844.0,103.052
126289,Arapahoe Community College,Littleton,CO,Rocky Mountains,Suburb,Public,1,0,1,3,1.0,,,,,,5383.0,0.5984,0.5881,0.0453,0.2051,0.0424,4434.0,17034.0,18332.0,11571.0,9111.0,0.2105,26.0,5752.0,0.0991,0.0779,0.3844566713,29736.0,,0.291,48341.0,11884.0,103.052
126562,University of Colorado Denver/Anschutz Medical Campus,Denver,CO,Rocky Mountains,City,Public,1,0,3,4,2.0,0.7468,1116.0,575.0,565.0,25.0,10519.0,0.56,0.3557,0.0723,0.2876,0.1057,10383.0,29391.0,24902.0,11900.0,12152.0,0.6468,17.0,43845.0,0.2616,0.2432,0.3794204883,33313.0,0.7265,0.4615,64270.0,20500.0,103.052
126580,University of Colorado Colorado Springs,Colorado Springs,CO,Rocky Mountains,City,Public,1,0,3,4,2.0,0.9735,1133.0,,,,8697.0,0.528,0.5895,0.0498,0.2111,0.04,10149.0,24336.0,24595.0,15788.0,9318.0,0.622,15.0,11886.0,0.2729,0.3368,0.3134053805,42591.0,0.6835,0.4693,54659.0,20000.0,103.052
126614,University of Colorado Boulder,Boulder,CO,Rocky Mountains,City,Public,1,0,3,4,2.0,0.7808,1357.0,640.0,640.0,28.0,31939.0,0.4732,0.6731,0.0188,0.1364,0.0638,15666.0,44918.0,37684.0,25346.0,13324.0,0.7583,19.0,18515.0,0.1449,0.248,0.2035731847,70221.0,0.9015,0.7419,69738.0,19500.0,103.052
126669,Colorado Christian University,Lakewood,CO,Rocky Mountains,Suburb,Private nonprofit,1,0,3,4,1.0,,,,,,5549.0,0.698,0.5871,0.1598,0.1573,0.0142,41342.0,41342.0,54242.0,29500.0,7470.0,0.1997,17.0,3792.0,0.3747,0.453,0.4485098849,29376.0,0.8374,0.6441,50416.0,28312.0,103.052
126678,Colorado College,Colorado Springs,CO,Rocky Mountains,City,Private nonprofit,1,0,3,4,2.0,0.1847,1365.0,,,,2014.0,0.5601,0.6797,0.0233,0.1082,0.0497,70734.0,70734.0,86921.0,33375.0,12786.0,0.8048,9.0,34153.0,0.1445,0.2573,0.1757188498,74864.0,0.9362,0.8766,65222.0,18257.0,103.052
126687,Concorde Career College-Aurora,Aurora,CO,Rocky Mountains,City,Private for-profit,1,0,1,3,2.0,0.9046,,,,,256.0,0.8672,0.2109,0.1797,0.3828,0.043,,,,16666.0,6993.0,0.6593,19.0,13461.0,0.6008,0.7406,0.5262853842,21907.0,,0.636,42456.0,9500.0,103.052
126711,Colorado Mountain College,Glenwood Springs,CO,Rocky Mountains,Town,Public,1,0,1,3,1.0,,,,,,2816.0,0.6374,0.5643,0.0138,0.3512,0.0099,2616.0,12840.0,14799.0,7813.0,9184.0,0.1647,10.0,11483.0,0.1234,0.083,0.374796748,30750.0,0.4,0.2737,44127.0,9000.0,103.052
126748,Colorado Northwestern Community College,Rangely,CO,Rocky Mountains,Rural,Public,1,0,1,3,1.0,,,,,,504.0,0.619,0.6548,0.0179,0.2242,0.002,4594.0,7304.0,20923.0,12131.0,6905.0,1.0,9.0,9887.0,0.1441,0.1377,0.4589371981,35548.5,,0.3354,43526.0,12000.0,103.052
126775,Colorado School of Mines,Golden,CO,Rocky Mountains,Suburb,Public,1,0,3,4,2.0,0.6069,1412.0,685.0,705.0,31.0,6155.0,0.3189,0.6754,0.0145,0.1425,0.064,21914.0,45824.0,40560.0,28690.0,14000.0,0.7278,18.0,20431.0,0.1357,0.3167,0.1544642857,95766.0,0.9279,0.8171,97335.0,23000.0,103.052
126818,Colorado State University-Fort Collins,Fort Collins,CO,Rocky Mountains,City,Public,1,0,3,4,2.0,0.8854,,600.0,585.0,26.0,25538.0,0.5489,0.6958,0.0267,0.1604,0.0291,13373.0,34783.0,31642.0,21279.0,11801.0,0.7436,17.0,16781.0,0.2109,0.3156,0.2421371233,63463.5,0.8589,0.6651,60543.0,20000.0,103.052
126827,Colorado Technical University-Colorado Springs,Colorado Springs,CO,Rocky Mountains,City,Private for-profit,1,0,3,4,1.0,,,,,,28086.0,0.6429,0.2689,0.2019,0.0247,0.0075,12750.0,12750.0,23744.0,16745.0,7570.0,,31.0,1533.0,0.616,0.6346,0.5458768873,14687.5,0.5056,0.1878,37180.0,29832.0,103.052
126942,Community College of Denver,Denver,CO,Rocky Mountains,City,Public,1,0,2,3,1.0,,,,,,5096.0,0.6452,0.3114,0.1246,0.3948,0.0661,4902.0,17136.0,19550.0,9450.0,8449.0,0.3183,22.0,5844.0,0.3072,0.1739,0.4940652819,20562.0,,0.1997,39095.0,12495.0,103.052
126979,Denver Seminary,Littleton,CO,Rocky Mountains,Suburb,Private nonprofit,1,0,4,4,,,,,,,,,,,,,,,,,4400.0,0.2113,,14669.0,,,,,,,,,103.052
127060,University of Denver,Denver,CO,Rocky Mountains,City,Private nonprofit,1,0,3,4,2.0,0.7781,1355.0,655.0,640.0,29.0,6025.0,0.5492,0.6694,0.0299,0.1442,0.0382,61398.0,61398.0,78476.0,36131.0,13010.0,0.5299,9.0,19940.0,0.1425,0.279,0.1903064861,80202.0,0.8894,0.756,71155.0,21844.0,103.052
127185,Fort Lewis College,Durango,CO,Rocky Mountains,Town,Public,1,0,3,4,2.0,0.773,1111.0,555.0,530.0,20.0,3079.0,0.5261,0.4323,0.0169,0.152,0.0045,9958.0,21526.0,27030.0,17296.0,6374.0,0.8156,14.0,10644.0,0.3492,0.2995,0.3085036256,41306.5,0.6613,0.3564,46349.0,18389.0,103.052
127200,Front Range Community College,Westminster,CO,Rocky Mountains,Suburb,Public,1,0,1,3,1.0,,,,,,11476.0,0.5952,0.5676,0.0235,0.289,0.0389,4663.0,17263.0,21526.0,13031.0,7963.0,1.0,22.0,5925.0,0.1712,0.1138,0.4115857874,28877.0,1.0,0.3545,45910.0,12251.0,103.052
127273,Iliff School of Theology,Denver,CO,Rocky Mountains,City,Private nonprofit,1,0,4,4,,,,,,,,,,,,,,,,,8122.0,1.0,,26094.0,,,,,,,,,103.052
127556,Colorado Mesa University,Grand Junction,CO,Rocky Mountains,City,Public,1,0,1,4,2.0,0.8203,1055.0,545.0,529.0,23.0,8143.0,0.5453,0.6296,0.0146,0.2089,0.0149,9927.0,25124.0,24046.0,15103.0,7747.0,0.6027,18.0,10538.0,0.2809,0.3086,0.3937549616,44794.0,0.7879,0.4061,45823.0,22000.0,103.052
127565,Metropolitan State University of Denver,Denver,CO,Rocky Mountains,City,Public,1,0,3,4,2.0,0.988,1019.0,520.0,505.0,21.0,15002.0,0.5475,0.4178,0.0859,0.3667,0.0447,11124.0,30684.0,24622.0,15327.0,10105.0,1.0,14.0,8036.0,0.3551,0.277,0.4046665746,32101.0,0.6289,0.3154,52093.0,21500.0,103.052
127617,Morgan Community College,Fort  Morgan,CO,Rocky Mountains,Rural,Public,1,0,1,3,1.0,,,,,,634.0,0.7082,0.3959,0.0789,0.4811,0.0126,4252.0,16852.0,17497.0,9266.0,7431.0,1.0,11.0,9448.0,0.1853,0.081,0.4961439589,27017.0,,0.4458,39429.0,8501.0,103.052
127653,Naropa University,Boulder,CO,Rocky Mountains,City,Private nonprofit,1,0,3,4,2.0,1.0,,,,,339.0,0.7021,0.6224,0.0265,0.1416,0.0265,36620.0,36620.0,53397.0,29179.0,5935.0,0.3925,10.0,14461.0,0.5136,0.5435,0.1948051948,21389.0,0.5417,0.3667,28720.0,24712.0,103.052
127714,Nazarene Bible College,Colorado Springs,CO,Rocky Mountains,City,Private nonprofit,1,0,3,3,1.0,,,,,,284.0,0.4894,0.7113,0.0704,0.1373,0.0246,10482.0,10482.0,,,4834.0,1.0,6.0,7519.0,0.149,0.1147,0.5147928994,30766.5,,,41450.0,34787.0,103.052
127741,University of Northern Colorado,Greeley,CO,Rocky Mountains,City,Public,1,0,3,4,2.0,0.8585,1082.0,555.0,535.0,23.0,5598.0,0.6692,0.5911,0.0463,0.2674,0.0211,12416.0,27266.0,29254.0,17760.0,8988.0,0.566,14.0,10378.0,0.2618,0.3652,0.35173132,51738.0,0.7585,0.5124,52231.0,20470.0,103.052
127820,Pikes Peak State College,Colorado Springs,CO,Rocky Mountains,Suburb,Public,1,0,2,3,1.0,,,,,,9595.0,0.592,0.513,0.0837,0.2687,0.0337,4510.0,17110.0,18473.0,6007.0,7622.0,0.9634,22.0,6324.0,0.298,0.1445,0.4259485924,24757.0,,0.2058,40796.0,9000.0,103.052
127884,Pueblo Community College,Pueblo,CO,Rocky Mountains,City,Public,1,0,1,3,1.0,,,,,,3619.0,0.6524,0.4576,0.0489,0.4001,0.013,5049.0,17649.0,22002.0,12045.0,7206.0,1.0,20.0,9235.0,0.2823,0.1649,0.4738336714,20041.5,0.0,0.3068,37434.0,10000.0,103.052
127909,Red Rocks Community College,Lakewood,CO,Rocky Mountains,Suburb,Public,1,0,1,4,1.0,,,,,,4889.0,0.5146,0.5966,0.0264,0.2467,0.0329,4859.0,17459.0,18143.0,9044.0,8601.0,1.0,28.0,9164.0,0.1726,0.0916,0.4531568228,26224.0,,0.3201,46288.0,9500.0,103.052
127918,Regis University,Denver,CO,Rocky Mountains,City,Private nonprofit,1,0,3,4,2.0,0.8646,1220.0,580.0,570.0,25.0,2627.0,0.6841,0.4069,0.0605,0.3772,0.0655,46340.0,46340.0,54800.0,18397.0,8318.0,0.3426,11.0,11821.0,0.3183,0.4086,0.36,42833.0,0.7143,0.6102,72105.0,25000.0,103.052
127945,Rocky Mountain College of Art and Design,Lakewood,CO,Rocky Mountains,Suburb,Private for-profit,1,0,3,3,1.0,,,,,,2050.0,0.7634,0.5356,0.141,0.1605,0.0283,20190.0,20190.0,37505.0,32363.0,5588.0,0.2804,13.0,5374.0,0.4836,0.5996,0.3349514563,28600.0,0.5398,0.3176,42958.0,31000.0,103.052
128106,Colorado State University Pueblo,Pueblo,CO,Rocky Mountains,City,Public,1,0,3,4,2.0,0.949,1120.0,520.0,515.0,22.0,3042.0,0.5345,0.4211,0.0723,0.3895,0.0204,9720.0,17944.0,23937.0,10051.0,8216.0,0.5457,16.0,6672.0,0.2857,0.2324,0.4086781029,38397.0,0.6425,0.3973,55563.0,21500.0,103.052
128258,Trinidad State College,Trinidad,CO,Rocky Mountains,Town,Public,1,0,1,3,1.0,,,,,,1188.0,0.5143,0.3316,0.0943,0.4352,0.0118,4608.0,7318.0,21458.0,10772.0,6277.0,1.0,16.0,7846.0,0.4535,0.1235,0.5574018127,21971.5,0.6384,0.545,36475.0,8908.0,103.052
128328,United States Air Force Academy,USAF Academy,CO,US Service Schools,Rural,Public,1,0,3,3,2.0,0.1409,1350.0,660.0,689.0,32.0,4114.0,0.2951,0.6296,0.0523,0.1142,0.0843,,,,,11610.0,1.0,7.0,35824.0,,,,,0.9655,0.8751,,,103.052
128391,Western Colorado University,Gunnison,CO,Rocky Mountains,Town,Public,1,0,3,4,2.0,0.9971,1230.0,580.0,555.0,24.0,1586.0,0.4332,0.7566,0.0315,0.1116,0.012,11318.0,24434.0,25736.0,16425.0,7628.0,0.6789,17.0,14568.0,0.1202,0.1967,0.2496924969,61406.5,0.7238,0.505,46833.0,20250.0,103.052
128498,Albertus Magnus College,New Haven,CT,New England,City,Private nonprofit,1,0,3,4,2.0,0.5931,,,,,991.0,0.6206,0.3269,0.2805,0.2866,0.0141,41908.0,41908.0,59407.0,34028.0,8245.0,0.4783,17.0,8051.0,0.5056,0.7388,0.5338235294,33671.0,0.6686,0.5148,60144.0,30964.0,103.61
128744,University of Bridgeport,Bridgeport,CT,New England,City,Private nonprofit,1,0,3,4,2.0,0.8302,,520.0,520.0,,1534.0,0.7093,0.2171,0.3507,0.3031,0.0417,35760.0,35760.0,52957.0,27807.0,7399.0,0.3643,15.0,6944.0,0.5348,0.7566,0.424291498,32763.5,0.6129,0.4119,50323.0,25750.0,103.61
128771,Central Connecticut State University,New Britain,CT,New England,Suburb,Public,1,0,3,4,2.0,0.7333,1080.0,545.0,520.0,23.0,7822.0,0.4602,0.5207,0.1474,0.2113,0.0499,13050.0,16550.0,24870.0,16857.0,10902.0,0.4684,14.0,13976.0,0.3836,0.4916,0.3874829932,48269.0,0.7711,0.4844,58562.0,22300.0,103.61
128780,Charter Oak State College,New Britain,CT,New England,Suburb,Public,1,0,3,4,1.0,,,,,,1821.0,0.7869,0.4739,0.2158,0.2257,0.0302,8506.0,8506.0,23210.0,15815.0,,0.0602,15.0,3461.0,0.4403,0.4516,0.5453100159,35792.0,1.0,0.6667,64209.0,18683.0,103.61
128902,Connecticut College,New London,CT,New England,City,Private nonprofit,1,0,3,3,2.0,0.3704,1432.0,714.0,691.0,32.0,1937.0,0.6066,0.6809,0.048,0.1151,0.0325,67242.0,67242.0,84623.0,36175.0,7781.0,0.7849,9.0,12417.0,0.1419,0.3544,0.1404255319,89003.0,0.8973,0.8205,75001.0,23500.0,103.61
129020,University of Connecticut,Storrs,CT,New England,Town,Public,1,0,3,4,2.0,0.5239,1348.0,655.0,675.0,30.0,19835.0,0.5513,0.5064,0.0758,0.1668,0.1255,21044.0,43712.0,39426.0,25097.0,14634.0,0.6963,17.0,23435.0,0.2538,0.4156,0.2664932932,67737.0,0.9246,0.8329,73997.0,21500.0,103.61
129154,Goodwin University,East Hartford,CT,New England,City,Private nonprofit,1,0,2,4,1.0,,,,,,2693.0,0.8615,0.3342,0.293,0.1615,0.0312,21198.0,21198.0,39589.0,29249.0,6563.0,0.322,13.0,16302.0,0.5441,0.7695,0.5281116712,28731.0,0.6667,0.5821,43596.0,33500.0,103.61
129215,Eastern Connecticut State University,Willimantic,CT,New England,Town,Public,1,0,3,4,2.0,0.8298,1160.0,,,,3418.0,0.5898,0.6398,0.0892,0.1472,0.0225,13928.0,17428.0,31983.0,21067.0,11210.0,0.4555,15.0,14453.0,0.2868,0.4816,0.3446535108,61960.0,0.8374,0.5752,56469.0,24250.0,103.61
129242,Fairfield University,Fairfield,CT,New England,Suburb,Private nonprofit,1,0,3,4,2.0,0.3329,1335.0,655.0,650.0,29.0,5373.0,0.5783,0.7929,0.013,0.0888,0.0175,58350.0,58350.0,76074.0,48095.0,13298.0,1.0,12.0,15558.0,0.0692,0.4322,0.1654441728,117152.0,0.9129,0.843,88794.0,26000.0,103.61
129491,Hartford International University for Religion and Peace,Hartford,CT,New England,City,Private nonprofit,1,0,4,4,,,,,,,,,,,,,,,,,9859.0,0.3214,,20763.0,,,,,,,,,103.61
129525,University of Hartford,West Hartford,CT,New England,City,Private nonprofit,1,0,3,4,2.0,0.9575,1219.0,595.0,580.0,26.0,4146.0,0.5839,0.5075,0.1609,0.1905,0.0299,49075.0,49075.0,64729.0,30282.0,8428.0,0.4402,11.0,16235.0,0.3304,0.6589,0.2869217082,70000.0,0.829,0.5438,60823.0,27000.0,103.61
129534,Holy Apostles College and Seminary,Cromwell,CT,New England,Suburb,Private nonprofit,1,0,3,4,1.0,,,,,,216.0,0.4769,0.6204,0.0185,0.2454,0.0556,9580.0,9580.0,17990.0,10117.0,8208.0,0.2727,6.0,5170.0,0.2148,0.2,,39143.5,0.9091,0.7857,,12541.0,103.61
129774,Mitchell College,New London,CT,New England,City,Private nonprofit,1,0,3,3,2.0,0.9466,,,,,377.0,0.4483,0.5464,0.1353,0.1936,0.0159,40490.0,40490.0,55621.0,30260.0,7511.0,1.0,11.0,7754.0,0.3828,0.5852,0.3516483516,55059.5,0.5904,0.4218,39115.0,25150.0,103.61
129941,University of New Haven,West Haven,CT,New England,Suburb,Private nonprofit,1,0,3,4,2.0,0.6038,1160.0,605.0,585.0,27.0,4841.0,0.6042,0.5203,0.1165,0.2138,0.0283,47332.0,47332.0,66962.0,34192.0,11914.0,0.2422,17.0,9780.0,0.3244,0.7246,0.285648785,75313.0,0.7648,0.6307,60126.0,27000.0,103.61
130183,Post University,Waterbury,CT,New England,City,Private for-profit,1,0,3,4,1.0,,,,,,13603.0,0.7265,0.384,0.3815,0.1281,0.0107,16327.0,16327.0,28897.0,21634.0,7044.0,0.0575,20.0,2664.0,0.7837,0.8138,0.5676708303,16163.0,0.3341,0.2493,38696.0,30157.0,103.61
130226,Quinnipiac University,Hamden,CT,New England,Suburb,Private nonprofit,1,0,3,4,2.0,0.7215,1242.0,,,,6531.0,0.5999,0.7394,0.0407,0.1213,0.0348,55480.0,55480.0,72215.0,40675.0,11491.0,0.3598,12.0,13460.0,0.1617,0.5944,0.1993603412,106325.5,0.8912,0.757,83759.0,26000.0,103.61
130253,Sacred Heart University,Fairfield,CT,New England,Suburb,Private nonprofit,1,0,3,4,2.0,0.6536,,,,,7087.0,0.6384,0.748,0.0326,0.1449,0.0174,50404.0,50404.0,69289.0,46174.0,11014.0,0.3312,15.0,9979.0,0.158,0.5717,0.22906641,106612.0,0.8308,0.7346,75059.0,25000.0,103.61
130314,University of Saint Joseph,West Hartford,CT,New England,City,Private nonprofit,1,0,3,4,2.0,0.7859,950.0,536.0,573.0,,838.0,0.6862,0.5931,0.105,0.185,0.0621,47278.0,47278.0,59900.0,27989.0,8639.0,0.9573,10.0,14562.0,0.3265,0.7065,0.4221748401,44704.0,0.8208,0.6376,59908.0,27000.0,103.61
130493,Southern Connecticut State University,New Haven,CT,New England,City,Public,1,0,3,4,2.0,0.9147,,,,,6295.0,0.6003,0.421,0.2043,0.2593,0.04,13438.0,27378.0,29673.0,20857.0,11216.0,0.4433,11.0,11507.0,0.4083,0.5222,0.390459364,48142.0,0.7787,0.4993,55043.0,22250.0,103.61
130590,Trinity College,Hartford,CT,New England,City,Private nonprofit,1,0,3,4,2.0,0.2925,1415.0,702.0,705.0,31.0,2146.0,0.5322,0.5867,0.0606,0.1025,0.0438,70770.0,70770.0,87840.0,34832.0,11642.0,0.8796,9.0,28943.0,0.1377,0.3777,0.1784946237,99076.0,0.8995,0.8377,90779.0,23000.0,103.61
130624,United States Coast Guard Academy,New London,CT,US Service Schools,City,Public,1,0,3,3,2.0,0.2244,1339.0,645.0,650.0,27.0,1108.0,0.3673,0.6381,0.0307,0.1354,0.0442,,,,,8217.0,0.9412,7.0,43932.0,,,,,0.9861,0.9273,,,103.61
130697,Wesleyan University,Middletown,CT,New England,City,Private nonprofit,1,0,3,4,2.0,0.1649,1501.0,700.0,705.0,33.0,3067.0,0.5217,0.5357,0.0603,0.1079,0.0903,70342.0,70342.0,89020.0,30177.0,14100.0,0.9021,8.0,34729.0,0.1419,0.1634,0.196013289,60146.0,0.9488,0.9264,73897.0,17000.0,103.61
130776,Western Connecticut State University,Danbury,CT,New England,City,Public,1,0,3,4,2.0,0.8701,1110.0,,,,3511.0,0.5019,0.4737,0.1091,0.2971,0.0427,13401.0,16901.0,24877.0,17604.0,11406.0,1.0,11.0,16024.0,0.3515,0.4859,0.3798052281,49923.0,0.7319,0.5176,59115.0,24147.0,103.61
130794,Yale University,New Haven,CT,New England,City,Private nonprofit,1,0,3,4,2.0,0.0387,1534.0,755.0,775.0,34.0,6758.0,0.5149,0.3122,0.0929,0.1659,0.2194,67250.0,67250.0,88300.0,23777.0,22590.0,0.75,5.0,80541.0,0.2039,0.054,0.25,44004.0,0.9878,0.9574,100533.0,12975.0,103.61
130907,Delaware Technical Community College-Terry,Dover,DE,Mid East,City,Public,1,0,2,3,1.0,,,,,,10867.0,0.6769,0.4133,0.2784,0.1864,0.0316,5445.0,12308.0,17232.0,11578.0,8962.0,0.3177,13.0,9972.0,0.3829,0.1379,0.4992614476,25575.0,,0.2248,41448.0,10500.0,99.808
130934,Delaware State University,Dover,DE,Mid East,City,Public,1,1,3,4,2.0,0.4658,940.0,,,,4398.0,0.6482,0.0623,0.7594,0.0825,0.0089,10670.0,20634.0,27939.0,13910.0,8869.0,0.54,17.0,8851.0,0.4853,0.5222,0.3550453817,39554.0,0.6995,0.391,49307.0,26000.0,99.808
130943,University of Delaware,Newark,DE,Mid East,Suburb,Public,1,0,3,4,2.0,0.706,1292.0,628.0,620.0,29.0,19071.0,0.6023,0.6687,0.0652,0.1066,0.0558,16810.0,41400.0,30952.0,17799.0,14649.0,0.9939,16.0,21941.0,0.1612,0.4952,0.170937108,107127.5,0.9196,0.8055,72950.0,24572.0,99.808
130989,Goldey-Beacom College,Wilmington,DE,Mid East,Suburb,Private nonprofit,1,0,3,4,2.0,0.8451,,,,,691.0,0.5109,0.3719,0.2214,0.2098,0.0174,14940.0,14940.0,26502.0,15554.0,8592.0,0.2644,18.0,3874.0,0.3789,0.3447,0.4217252396,37011.0,0.7181,0.5743,59892.0,18900.0,99.808
131113,Wilmington University,New Castle,DE,Mid East,Suburb,Private nonprofit,1,0,3,4,1.0,,,,,,7906.0,0.6161,0.456,0.2398,0.1566,0.0305,12630.0,12630.0,19644.0,15644.0,9179.0,0.0696,12.0,3893.0,0.2613,0.4564,0.4708194738,29853.0,0.6122,0.1982,53844.0,20000.0,99.808
131159,American University,Washington,DC,Mid East,City,Private nonprofit,1,0,3,4,2.0,0.6196,1381.0,695.0,665.0,31.0,7266.0,0.6236,0.5599,0.0822,0.1396,0.0742,58771.0,58771.0,76058.0,41943.0,13722.0,0.5874,10.0,19197.0,0.1388,0.3799,0.156343443,84200.0,0.882,0.7549,77370.0,22750.0,109.901
131283,The Catholic University of America,Washington,DC,Mid East,City,Private nonprofit,1,0,3,4,2.0,0.8278,,,,,3154.0,0.5384,0.5368,0.0866,0.2216,0.0327,58378.0,58378.0,75481.0,29561.0,11252.0,0.5297,11.0,22922.0,0.2032,0.4779,0.1012658228,114619.0,0.8651,0.7947,73250.0,26000.0,109.901
131399,University of the District of Columbia,Washington,DC,Mid East,City,Public,1,1,2,4,1.0,,,,,,3351.0,0.6714,0.0328,0.5646,0.265,0.0149,5662.0,12514.0,20437.0,10648.0,7925.0,0.384,8.0,12646.0,0.3579,0.1902,0.5079113924,19867.0,0.6757,0.3324,44236.0,24872.0,109.901
131405,Pontifical Faculty of the Immaculate Conception at the Dominican House of Studies,Washington,DC,Mid East,City,Private nonprofit,1,0,4,4,,,,,,,,,,,,,,,,,5477.0,1.0,,26135.0,,,,,,,,,109.901
131450,Gallaudet University,Washington,DC,Mid East,City,Private nonprofit,1,0,3,4,2.0,0.5806,868.0,484.0,478.0,17.0,812.0,0.5197,0.4113,0.1835,0.2586,0.0493,19654.0,19654.0,40374.0,15845.0,10939.0,1.0,6.0,41824.0,0.5789,0.3819,0.3385650224,21722.0,0.7114,0.4726,43101.0,18000.0,109.901
131469,George Washington University,Washington,DC,Mid East,City,Private nonprofit,1,0,3,4,2.0,0.4709,1433.0,700.0,700.0,32.0,11182.0,0.6368,0.4778,0.0792,0.1372,0.1568,67710.0,67710.0,83856.0,36586.0,16784.0,0.4929,13.0,24525.0,0.1582,0.3158,0.1606580329,71358.5,0.9223,0.8398,90873.0,20449.0,109.901
131496,Georgetown University,Washington,DC,Mid East,City,Private nonprofit,1,0,3,4,2.0,0.1291,1487.0,735.0,745.0,34.0,7569.0,0.5896,0.4611,0.049,0.0592,0.1544,68017.0,68017.0,88741.0,40815.0,18098.0,0.4764,11.0,37019.0,0.1012,0.1788,0.1606456572,78300.5,0.9675,0.9481,103494.0,15500.0,109.901
131520,Howard University,Washington,DC,Mid East,City,Private nonprofit,1,1,3,4,2.0,0.4134,1213.0,600.0,585.0,24.0,10108.0,0.7328,0.0018,0.7681,0.0687,0.0146,35810.0,35810.0,54630.0,50539.0,11580.0,0.6425,13.0,14944.0,0.4,0.5879,0.2363936229,40386.0,0.9088,0.6996,63066.0,24500.0,109.901
131803,Strayer University-District of Columbia,Washington,DC,Mid East,City,Private for-profit,1,0,3,4,1.0,,,,,,156.0,0.7051,0.0256,0.8397,0.0705,0.0064,13920.0,13920.0,,,729.0,0.4706,47.0,1967.0,0.7387,0.829,0.5372940338,18178.0,1.0,0.0,40092.0,40621.0,109.901
131876,Trinity Washington University,Washington,DC,Mid East,City,Private nonprofit,1,0,3,4,2.0,0.9952,,,,,1414.0,0.9767,0.0099,0.5827,0.3211,0.0071,26610.0,26610.0,33903.0,9302.0,8291.0,0.1975,9.0,7929.0,0.5449,0.4071,0.5321821036,22272.0,0.6923,0.4929,53804.0,28250.0,109.901
131973,Wesley Theological Seminary,Washington,DC,Mid East,City,Private nonprofit,1,0,4,4,,,,,,,,,,,,,,,,,9215.0,1.0,,15588.0,,,,,,,,,109.901
132408,Baptist University of Florida,Graceville,FL,Southeast,Rural,Private nonprofit,1,0,3,4,2.0,0.3599,,509.0,484.0,20.0,360.0,0.4667,0.4667,0.1222,0.0778,0.0139,15000.0,15000.0,23159.0,10372.0,5515.0,1.0,8.0,9992.0,0.3988,0.1903,0.3414634146,33739.0,0.45,0.5185,42836.0,23590.0,103.414
132471,Barry University,Miami,FL,Southeast,Suburb,Private nonprofit,1,0,3,4,2.0,0.7724,,,,,2212.0,0.6243,0.1135,0.3549,0.3413,0.0099,34350.0,34350.0,50778.0,22613.0,8861.0,0.283,7.0,11546.0,0.3908,0.4441,0.4355670103,28822.0,0.6337,0.3787,55966.0,26997.0,103.414
132602,Bethune-Cookman University,Daytona Beach,FL,Southeast,City,Private nonprofit,1,1,3,4,2.0,0.8824,880.0,470.0,435.0,17.0,2732.0,0.6255,0.0018,0.5428,0.0534,0.0004,14794.0,14794.0,29764.0,12030.0,7167.0,0.76,17.0,11053.0,0.783,0.8203,0.4223088164,22913.5,0.6175,0.3052,38518.0,31000.0,103.414
132657,Lynn University,Boca Raton,FL,Southeast,City,Private nonprofit,1,0,3,4,2.0,0.7347,1134.0,555.0,560.0,23.0,2859.0,0.4918,0.4323,0.0769,0.17,0.0171,44480.0,44480.0,67880.0,44089.0,6894.0,0.4331,16.0,7523.0,0.2341,0.363,0.270096463,41024.0,0.766,0.5206,49006.0,17940.0,103.414
132693,Eastern Florida State College,Melbourne,FL,Southeast,City,Public,1,0,2,3,1.0,,,,,,10490.0,0.5949,0.5689,0.1215,0.1891,0.0247,2496.0,9739.0,11966.0,6440.0,6880.0,0.3651,22.0,4778.0,0.2949,0.1526,0.4004611837,22005.5,,0.5208,37195.0,12250.0,103.414
132709,Broward College,Fort Lauderdale,FL,Southeast,City,Public,1,0,2,3,1.0,,,,,,24922.0,0.5911,0.1167,0.3424,0.3828,0.0294,2830.0,8952.0,21947.0,14506.0,6877.0,0.3117,31.0,3883.0,0.4015,0.0956,0.4873697419,20743.5,,0.3913,41939.0,7500.0,103.414
132842,Albizu University-Miami,Miami,FL,Southeast,City,Private nonprofit,0,0,3,4,2.0,0.7571,,,,,287.0,0.8571,0.0244,0.007,0.9164,0.0,13818.0,13818.0,28344.0,19849.0,6867.0,0.9444,12.0,5578.0,0.6637,0.7124,0.2505800464,16091.0,0.8333,0.4,41544.0,5500.0,103.414
132851,College of Central Florida,Ocala,FL,Southeast,City,Public,1,0,1,3,1.0,,,,,,5033.0,0.6436,0.5426,0.1089,0.2279,0.0284,2710.0,10517.0,18424.0,12088.0,7331.0,0.4306,19.0,6055.0,0.4054,0.1766,0.4876564085,21993.0,,0.4446,38203.0,13000.0,103.414
132903,University of Central Florida,Orlando,FL,Southeast,Suburb,Public,1,0,3,4,2.0,0.4011,1269.0,640.0,620.0,28.0,59146.0,0.5343,0.4268,0.0866,0.3176,0.0784,6368.0,22467.0,23133.0,10411.0,11575.0,0.9851,28.0,7831.0,0.3234,0.2258,0.3526400468,31400.0,0.9235,0.7801,58308.0,18190.0,103.414
133021,Chipola College,Marianna,FL,Southeast,Town,Public,1,0,1,3,1.0,,,,,,1312.0,0.5892,0.6372,0.1761,0.0709,0.0053,3120.0,8950.0,9262.0,1133.0,6218.0,0.4035,17.0,6990.0,0.2676,0.0,0.5083969466,21653.0,,0.5313,37378.0,,103.414
133386,Daytona State College,Daytona Beach,FL,Southeast,City,Public,1,0,2,3,1.0,,,,,,10176.0,0.6039,0.509,0.1477,0.2415,0.024,3106.0,11994.0,12050.0,7177.0,7621.0,0.2803,19.0,5646.0,0.3454,0.1699,0.41995441,21285.0,,0.4323,37096.0,8250.0,103.414
133465,South University-West Palm Beach,Royal Palm Beach,FL,Southeast,Suburb,Private for-profit,0,0,3,4,1.0,,,,,,251.0,0.7371,0.0797,0.5339,0.1992,0.012,18145.0,18145.0,29798.0,20271.0,9088.0,0.5345,12.0,10230.0,0.5951,0.6796,0.4722883373,20000.0,1.0,0.1818,34421.0,26123.0,103.414
133492,Eckerd College,Saint Petersburg,FL,Southeast,City,Private nonprofit,1,0,3,3,2.0,0.758,1250.0,,,,1888.0,0.7018,0.7511,0.0297,0.1006,0.0185,51884.0,51884.0,68944.0,38071.0,8920.0,0.8918,11.0,17363.0,0.2085,0.4366,0.2037533512,77695.0,0.7584,0.6592,51819.0,27000.0,103.414
133508,Florida SouthWestern State College,Fort Myers,FL,Southeast,Suburb,Public,1,0,2,3,1.0,,,,,,11052.0,0.6302,0.3214,0.1336,0.3998,0.0165,3401.0,12979.0,14254.0,7247.0,7052.0,0.2759,27.0,4739.0,0.347,0.1065,0.504302926,25854.0,,0.3921,43421.0,8000.0,103.414
133526,Edward Waters University,Jacksonville,FL,Southeast,City,Private nonprofit,1,1,3,4,2.0,0.8495,,,,,1087.0,0.4701,0.0524,0.8491,0.0451,0.0046,16366.0,16366.0,26617.0,13649.0,5800.0,1.0,14.0,4916.0,0.7545,0.6835,0.5041322314,19475.5,0.5385,0.2819,34782.0,,103.414
133553,Embry-Riddle Aeronautical University-Daytona Beach,Daytona Beach,FL,Southeast,City,Private nonprofit,1,0,3,4,2.0,0.6481,1257.0,615.0,620.0,26.0,7860.0,0.28,0.5634,0.0447,0.1615,0.0511,44249.0,44249.0,64632.0,41272.0,10966.0,0.8761,18.0,14657.0,0.1478,0.2888,0.3554592721,38662.0,0.8806,0.6655,84131.0,23666.0,103.414
133650,Florida Agricultural and Mechanical University,Tallahassee,FL,Southeast,City,Public,1,1,3,4,2.0,0.2056,1107.0,555.0,525.0,20.0,7582.0,0.6572,0.0332,0.8851,0.0608,0.002,5785.0,17725.0,23970.0,13739.0,9244.0,0.9984,14.0,10680.0,0.5431,0.4997,0.3659409484,28781.5,0.8918,0.5335,44349.0,23548.0,103.414
133669,Florida Atlantic University,Boca Raton,FL,Southeast,City,Public,1,0,3,4,2.0,0.6613,1127.0,565.0,545.0,23.0,23757.0,0.5725,0.4254,0.1626,0.2895,0.0376,4879.0,17324.0,21522.0,8752.0,10706.0,0.7525,24.0,9412.0,0.3392,0.2634,0.3877728309,28064.5,0.8447,0.6257,56746.0,17236.0,103.414
133702,Florida State College at Jacksonville,Jacksonville,FL,Southeast,City,Public,1,0,2,3,1.0,,,,,,19648.0,0.6392,0.4041,0.2838,0.0991,0.0311,2878.0,9992.0,9323.0,4128.0,6904.0,0.3598,27.0,4827.0,0.3685,0.1885,0.4410528917,25081.5,,0.3683,42244.0,13562.0,103.414
133711,Flagler College,Saint Augustine,FL,Southeast,Suburb,Private nonprofit,1,0,3,4,2.0,0.8076,1084.0,560.0,525.0,23.0,2391.0,0.6813,0.6976,0.0297,0.1485,0.0109,29900.0,29900.0,45744.0,30525.0,7796.0,0.4865,15.0,10177.0,0.2907,0.5522,0.2803738318,53601.5,0.7553,0.5598,49483.0,24250.0,103.414
133809,Florida College,Temple Terrace,FL,Southeast,Suburb,Private nonprofit,1,0,3,3,2.0,0.6966,1108.0,535.0,495.0,23.0,588.0,0.5034,0.7483,0.0374,0.0867,0.0119,20360.0,20360.0,34870.0,23931.0,7129.0,1.0,14.0,15747.0,0.2314,0.4155,0.2350746269,66397.5,0.756,0.5404,43445.0,12000.0,103.414
133872,AdventHealth University,Orlando,FL,Southeast,City,Private nonprofit,1,0,3,4,1.0,,,,,,1361.0,0.8604,0.3255,0.1668,0.3549,0.0426,21420.0,21420.0,38408.0,30135.0,8875.0,0.9764,6.0,12856.0,0.3677,0.4865,0.3902053712,30567.0,0.64,0.3889,72282.0,24590.0,103.414
133881,Florida Institute of Technology,Melbourne,FL,Southeast,City,Private nonprofit,1,0,3,4,2.0,0.577,1225.0,620.0,620.0,27.0,3404.0,0.3302,0.5614,0.0473,0.1698,0.0338,45900.0,45900.0,62440.0,35639.0,11366.0,0.7554,13.0,11908.0,0.2111,0.4008,0.4013402829,30032.0,0.7995,0.6354,43137.0,27000.0,103.414
133951,Florida International University,Miami,FL,Southeast,Suburb,Public,1,0,3,4,2.0,0.5466,1163.0,590.0,560.0,24.0,39508.0,0.553,0.0847,0.109,0.6844,0.0276,6565.0,18964.0,21462.0,9288.0,11817.0,0.9761,24.0,8518.0,0.4137,0.1686,0.4140373893,23924.0,0.9185,0.7443,60249.0,16500.0,103.414
133960,The College of the Florida Keys,Key West,FL,Southeast,Town,Public,1,0,2,3,1.0,,,,,,1012.0,0.5524,0.4209,0.1087,0.3547,0.0109,3276.0,13162.0,19667.0,13636.0,7266.0,0.211,12.0,10363.0,0.2775,0.3279,0.4184782609,26806.0,,0.3413,42508.0,9500.0,103.414
133979,Florida Memorial University,Miami Gardens,FL,Southeast,Suburb,Private nonprofit,1,1,3,4,2.0,0.8526,,,,,1183.0,0.5579,0.0423,0.8318,0.027,0.0,20174.0,20174.0,35809.0,23238.0,7615.0,0.6923,17.0,3701.0,0.6913,0.6597,0.4601889339,20624.0,0.4952,0.311,36624.0,30063.0,103.414
134079,Florida Southern College,Lakeland,FL,Southeast,City,Private nonprofit,1,0,3,4,2.0,0.6442,1252.0,635.0,613.0,28.0,2656.0,0.648,0.6386,0.0666,0.1785,0.0237,44040.0,44040.0,60768.0,28551.0,9031.0,1.0,11.0,11211.0,0.281,0.535,0.2761989343,66112.0,0.8,0.7055,55294.0,25000.0,103.414
134097,Florida State University,Tallahassee,FL,Southeast,City,Public,1,0,3,4,2.0,0.2422,1361.0,640.0,620.0,28.0,32212.0,0.5615,0.5764,0.0721,0.2347,0.0378,5656.0,18786.0,25720.0,11297.0,12841.0,0.8398,17.0,13724.0,0.2297,0.2038,0.2763640404,43729.0,0.9605,0.8561,61675.0,18000.0,103.414
134130,University of Florida,Gainesville,FL,Southeast,City,Public,1,0,3,4,2.0,0.242,1403.0,685.0,700.0,31.0,35629.0,0.5465,0.4885,0.0483,0.2464,0.1242,6381.0,28659.0,22523.0,6541.0,13581.0,0.8959,16.0,23406.0,0.2166,0.1069,0.3076658251,39127.0,0.9771,0.9112,71588.0,15000.0,103.414
134237,Full Sail University,Winter Park,FL,Southeast,Suburb,Private for-profit,1,0,3,4,1.0,,,,,,25777.0,0.3308,0.3497,0.3197,0.1956,0.0175,26906.0,26906.0,47530.0,38875.0,5970.0,0.9096,32.0,4330.0,0.3383,0.6312,0.3934356952,21349.5,0.5309,0.4433,38219.0,27000.0,103.414
134343,Gulf Coast State College,Panama City,FL,Southeast,City,Public,1,0,2,3,1.0,,,,,,3934.0,0.6538,0.6449,0.1314,0.1014,0.028,2370.0,8635.0,14657.0,4709.0,6004.0,0.6015,22.0,8060.0,0.2835,0.0704,0.4887218045,22880.0,,0.4346,38359.0,7147.0,103.414
134495,Hillsborough College,Tampa,FL,Southeast,City,Public,1,0,1,3,1.0,,,,,,21472.0,0.5978,0.2893,0.1769,0.3972,0.0354,2506.0,9111.0,9924.0,3861.0,7844.0,0.3697,23.0,4103.0,0.4203,0.5259,0.4631021524,22087.0,,0.3418,40782.0,9762.0,103.414
134510,Hobe Sound Bible College,Hobe Sound,FL,Southeast,Suburb,Private nonprofit,1,0,3,4,1.0,,,,,,112.0,0.6161,0.6786,0.0268,0.1429,0.0089,9068.0,9068.0,18838.0,12074.0,3395.0,0.5556,5.0,15377.0,0.5035,0.0851,0.3417721519,23357.5,0.9167,0.5,39863.0,,103.414
134608,Indian River State College,Fort Pierce,FL,Southeast,Suburb,Public,1,0,2,3,1.0,,,,,,11822.0,0.6037,0.2977,0.1225,0.5019,0.0117,2764.0,10201.0,11576.0,3815.0,7862.0,0.3961,27.0,5803.0,0.3438,0.0382,0.4801352494,21577.0,,0.4491,38315.0,8023.0,103.414
134945,Jacksonville University,Jacksonville,FL,Southeast,City,Private nonprofit,1,0,3,4,2.0,0.5694,1205.0,580.0,555.0,23.0,2930.0,0.5584,0.5137,0.1355,0.1573,0.0222,47830.0,47830.0,63969.0,25180.0,8698.0,0.5459,11.0,10576.0,0.3073,0.45,0.356017192,46900.0,0.7467,0.5065,68010.0,22000.0,103.414
135081,Keiser University-Ft Lauderdale,Fort Lauderdale,FL,Southeast,City,Private nonprofit,1,0,2,4,2.0,0.9697,,,,,17678.0,0.6951,0.1963,0.1741,0.2946,0.0135,25056.0,25056.0,43251.0,30498.0,6172.0,0.6249,14.0,5657.0,0.5732,0.7135,0.4765165664,21659.0,0.7102,0.6101,39696.0,26125.0,103.414
135160,Florida Gateway College,Lake City,FL,Southeast,Town,Public,1,0,1,3,1.0,,,,,,2301.0,0.6736,0.6593,0.1904,0.1004,0.007,3100.0,11747.0,14388.0,5364.0,6548.0,0.3879,14.0,7249.0,0.3983,0.1547,0.5539906103,21618.0,,0.5391,37894.0,6992.0,103.414
135188,Lake-Sumter State College,Leesburg,FL,Southeast,Suburb,Public,1,0,2,3,1.0,,,,,,4177.0,0.6335,0.4688,0.1424,0.2897,0.0417,3292.0,13276.0,12626.0,5855.0,6619.0,0.3448,28.0,4398.0,0.2992,0.4263,0.4565217391,25118.0,,0.4836,39876.0,6750.0,103.414
135364,Luther Rice College & Seminary,Lithonia,GA,Southeast,Suburb,Private nonprofit,1,0,3,4,2.0,0.9167,,,,,165.0,0.3152,0.4485,0.4424,0.0485,0.0242,11320.0,11320.0,31680.0,27883.0,4104.0,0.5676,9.0,5897.0,0.5,0.449,0.5436241611,31532.5,0.5,,47003.0,34153.0,96.293
135391,State College of Florida-Manatee-Sarasota,Bradenton,FL,Southeast,Suburb,Public,1,0,2,3,1.0,,,,,,7379.0,0.6428,0.517,0.0928,0.2694,0.0377,3074.0,11595.0,28709.0,22356.0,7085.0,0.3742,23.0,7445.0,0.3298,0.0826,0.4584276018,23855.0,,0.3829,40318.0,9000.0,103.414
135717,Miami Dade College,Miami,FL,Southeast,City,Public,1,0,1,3,1.0,,,,,,46182.0,0.5744,0.034,0.1515,0.706,0.0092,2838.0,9661.0,13567.0,5463.0,8057.0,0.1899,22.0,5021.0,0.4974,0.0327,0.4858954041,18391.0,,0.4594,40654.0,9252.0,103.414
135726,University of Miami,Coral Gables,FL,Southeast,Suburb,Private nonprofit,1,0,3,4,2.0,0.189,1415.0,685.0,695.0,32.0,12913.0,0.5454,0.4853,0.0695,0.2431,0.0496,62616.0,62616.0,86078.0,37244.0,16043.0,0.7078,11.0,36040.0,0.1486,0.2655,0.2009592326,54690.5,0.9377,0.8368,75328.0,17500.0,103.414
136145,North Florida College,Madison,FL,Southeast,Rural,Public,1,0,2,3,1.0,,,,,,793.0,0.7364,0.5523,0.319,0.0958,0.0038,3054.0,11400.0,9265.0,804.0,5903.0,0.5161,20.0,6999.0,0.3895,0.0,0.5452586207,17842.0,,0.5922,33929.0,,103.414
136172,University of North Florida,Jacksonville,FL,Southeast,City,Public,1,0,3,4,2.0,0.5324,1153.0,565.0,540.0,23.0,13359.0,0.5813,0.5547,0.1213,0.1678,0.0602,6389.0,20793.0,20983.0,10154.0,9595.0,0.9828,19.0,8135.0,0.3075,0.2269,0.31708351,37074.0,0.8466,0.6921,56343.0,15531.0,103.414
136215,Nova Southeastern University,Fort Lauderdale,FL,Southeast,Suburb,Private nonprofit,1,0,3,4,2.0,0.7321,1157.0,590.0,585.0,25.0,7240.0,0.716,0.2725,0.1522,0.3256,0.1215,38700.0,38700.0,56692.0,30371.0,11462.0,0.482,16.0,18297.0,0.3581,0.4513,0.373340143,31002.0,0.7564,0.6334,59209.0,24250.0,103.414
136233,Northwest Florida State College,Niceville,FL,Southeast,Suburb,Public,1,0,2,3,1.0,,,,,,3010.0,0.607,0.615,0.0937,0.1432,0.0286,2583.0,10612.0,12914.0,4571.0,6280.0,0.3218,22.0,7556.0,0.211,0.1977,0.4357734807,23721.0,,0.3888,39664.0,7932.0,103.414
136330,Palm Beach Atlantic University,West Palm Beach,FL,Southeast,City,Private nonprofit,1,0,3,4,2.0,0.8199,1075.0,575.0,560.0,23.0,2603.0,0.6658,0.5836,0.0861,0.1844,0.0188,40650.0,40650.0,53827.0,28354.0,9265.0,1.0,13.0,12213.0,0.2296,0.3723,0.2200374532,52817.5,0.6796,0.5534,49232.0,22500.0,103.414
136358,Palm Beach State College,Lake Worth,FL,Southeast,Suburb,Public,1,0,2,3,1.0,,,,,,21956.0,0.6075,0.2187,0.3085,0.3562,0.0215,3050.0,10910.0,16830.0,9182.0,7015.0,0.3414,31.0,4699.0,0.3835,0.1099,0.4944391484,21408.5,,0.4106,41923.0,7081.0,103.414
136400,Pasco-Hernando State College,New Port Richey,FL,Southeast,Suburb,Public,1,0,2,3,1.0,,,,,,6900.0,0.6062,0.5177,0.0678,0.2565,0.0281,3155.0,12032.0,11730.0,5203.0,4014.0,1.0,22.0,5389.0,0.2945,0.0743,0.431160221,23149.0,,0.41,39903.0,9535.0,103.414
136455,PENSACOLA CHRISTIAN COLLEGE,Pensacola,FL,Southeast,Suburb,Private nonprofit,1,0,3,4,,,,,,,,,,,,,,,,,,,,,,,,,,,,,103.414
136473,Pensacola State College,Pensacola,FL,Southeast,City,Public,1,0,2,3,1.0,,,,,,7538.0,0.666,0.5564,0.2168,0.1003,0.0256,2361.0,9460.0,11894.0,3957.0,5995.0,0.3821,25.0,5812.0,0.3886,0.083,0.4935842601,20605.0,,0.3642,36739.0,7500.0,103.414
136516,Polk State College,Winter Haven,FL,Southeast,City,Public,1,0,2,3,1.0,,,,,,7180.0,0.6513,0.273,0.1132,0.296,0.0159,2694.0,9817.0,13451.0,9427.0,7338.0,0.3894,19.0,6640.0,0.3173,0.0648,0.5143329658,23968.0,,0.3534,40624.0,10076.0,103.414
136701,Saint Vincent de Paul Regional Seminary,Boynton Beach,FL,Southeast,Suburb,Private nonprofit,1,0,4,4,,,,,,,,,,,,,,,,,6803.0,0.75,,22052.0,,,,,,,,,103.414
136774,Ringling College of Art and Design,Sarasota,FL,Southeast,City,Private nonprofit,1,0,3,3,2.0,0.6965,,,,,1662.0,0.7455,0.4248,0.0385,0.1661,0.0945,57900.0,57900.0,80276.0,57742.0,9869.0,0.7543,11.0,20516.0,0.2108,0.3827,0.1683168317,51310.0,0.8635,0.7207,43325.0,27000.0,103.414
136950,Rollins College,Winter Park,FL,Southeast,Suburb,Private nonprofit,1,0,3,4,2.0,0.4754,1271.0,,,,2631.0,0.6108,0.5732,0.0555,0.1862,0.035,60580.0,60580.0,76108.0,34732.0,10589.0,0.8165,12.0,13624.0,0.2285,0.3938,0.2375328084,43978.0,0.8524,0.7505,58295.0,25500.0,103.414
137032,Saint Leo University,Saint Leo,FL,Southeast,Town,Private nonprofit,1,0,3,4,2.0,0.784,,530.0,510.0,22.0,6721.0,0.5828,0.2369,0.1745,0.1589,0.0079,30000.0,30000.0,45264.0,21293.0,8688.0,0.1773,25.0,4336.0,0.3249,0.3203,0.4910432034,22361.0,0.5922,0.45,48364.0,25278.0,103.414
137078,St Petersburg College,St. Petersburg,FL,Southeast,City,Public,1,0,2,3,1.0,,,,,,18950.0,0.6211,0.5239,0.1463,0.2056,0.0429,2682.0,9286.0,12885.0,1471.0,8038.0,0.2528,25.0,4904.0,0.328,0.1584,0.4442639594,22640.5,,0.3825,42557.0,16868.0,103.414
137096,Santa Fe College,Gainesville,FL,Southeast,Suburb,Public,1,0,2,3,1.0,,,,,,11122.0,0.5399,0.5029,0.1163,0.231,0.0388,2563.0,9189.0,14165.0,11098.0,6821.0,0.3309,18.0,5501.0,0.2799,0.1115,0.4184346586,25000.0,,0.5343,41631.0,11310.0,103.414
137209,Seminole State College of Florida,Sanford,FL,Southeast,City,Public,1,0,1,3,1.0,,,,,,12864.0,0.5814,0.3847,0.1693,0.3199,0.0333,3122.0,11447.0,14281.0,8970.0,7222.0,0.3339,29.0,5460.0,0.286,0.1766,0.4066587396,24900.5,,0.4129,41733.0,11047.0,103.414
137272,St. John Vianney College Seminary,Miami,FL,Southeast,Suburb,Private nonprofit,1,0,3,3,2.0,0.9286,,,,,77.0,0.013,0.5455,0.013,0.3247,0.0519,25500.0,25500.0,,,3586.0,0.4516,4.0,29058.0,0.0,0.0,,14929.0,1.0,1.0,,,103.414
137281,Saint Johns River State College,Palatka,FL,Southeast,Town,Public,1,0,2,3,1.0,,,,,,4403.0,0.6471,0.603,0.1181,0.1626,0.0234,2591.0,9335.0,12906.0,6135.0,6135.0,0.9348,19.0,4989.0,0.187,0.0678,0.4292929293,24832.0,,0.4888,41728.0,12000.0,103.414
137315,South Florida State College,Avon Park,FL,Southeast,Suburb,Public,1,0,2,3,1.0,,,,,,2045.0,0.6983,0.3413,0.1267,0.4484,0.0166,3165.0,11859.0,10169.0,3877.0,6274.0,0.3086,16.0,9471.0,0.4264,0.0477,0.5544354839,20658.5,,0.4764,39990.0,7368.0,103.414
137351,University of South Florida,Tampa,FL,Southeast,City,Public,1,0,3,4,2.0,0.4319,1227.0,620.0,615.0,27.0,37207.0,0.568,0.4334,0.0801,0.242,0.0879,6410.0,17324.0,22859.0,9812.0,11342.0,0.7308,22.0,13361.0,0.2936,0.2386,0.3575418994,32495.0,0.9128,0.7676,57743.0,17988.0,103.414
137476,St. Thomas University,Miami Gardens,FL,Southeast,Suburb,Private nonprofit,1,0,3,4,2.0,0.9791,,490.0,470.0,19.0,2214.0,0.4463,0.098,0.3455,0.3433,0.0027,34770.0,34770.0,51205.0,26312.0,8625.0,1.0,17.0,5550.0,0.2697,0.3085,0.4127358491,26170.0,0.5656,0.4806,54272.0,19125.0,103.414
137546,Stetson University,DeLand,FL,Southeast,City,Private nonprofit,1,0,3,4,2.0,0.716,1176.0,610.0,583.0,26.0,2297.0,0.5694,0.4776,0.1197,0.2212,0.0183,57410.0,57410.0,72533.0,19372.0,11041.0,0.6604,10.0,14922.0,0.3721,0.4641,0.2672482157,52032.5,0.7818,0.6229,51642.0,23250.0,103.414
137564,Southeastern University,Lakeland,FL,Southeast,City,Private nonprofit,1,0,3,4,2.0,0.5298,,555.0,517.0,22.0,4813.0,0.5965,0.5298,0.1114,0.2312,0.0168,32950.0,32950.0,49329.0,31942.0,7041.0,1.0,19.0,3698.0,0.2151,0.2782,0.3458522493,39372.0,0.6989,0.4255,46744.0,21500.0,103.414
137759,Tallahassee State College,Tallahassee,FL,Southeast,City,Public,1,0,2,3,1.0,,,,,,11053.0,0.5725,0.3641,0.2538,0.303,0.0135,2026.0,8062.0,13378.0,7781.0,5811.0,0.2995,25.0,5224.0,0.344,0.1981,0.4186651794,23457.0,,0.3795,37561.0,7668.0,103.414
137777,Talmudic College of Florida,Miami Beach,FL,Southeast,City,Private nonprofit,1,0,3,3,1.0,,,,,,27.0,0.0,1.0,0.0,0.0,0.0,16750.0,16750.0,33000.0,17000.0,4465.0,0.5833,4.0,55953.0,0.3462,0.0,,30890.0,1.0,0.625,,,103.414
137847,The University of Tampa,Tampa,FL,Southeast,City,Private nonprofit,1,0,3,4,2.0,0.4034,,585.0,570.0,26.0,10572.0,0.5766,0.7075,0.0269,0.1345,0.0181,34408.0,34408.0,51614.0,36211.0,10846.0,1.0,17.0,8718.0,0.1516,0.6725,0.2523762701,75458.0,0.8545,0.637,59436.0,24211.0,103.414
137953,Trinity College of Jacksonville,Jacksonville,FL,Southeast,City,Private nonprofit,1,0,3,4,2.0,0.5328,907.0,512.0,472.0,19.0,386.0,0.3886,0.5855,0.1865,0.1218,0.013,15100.0,15100.0,26995.0,20011.0,5460.0,0.2059,11.0,2321.0,0.5013,0.8494,0.3406113537,32858.0,0.5667,0.3418,37275.0,24250.0,103.414
137962,Trinity College of Florida,Trinity,FL,Southeast,Suburb,Private nonprofit,1,0,3,3,2.0,0.9189,,490.0,465.0,21.0,148.0,0.5135,0.527,0.1892,0.1757,0.027,16300.0,16300.0,24904.0,20297.0,5600.0,0.3478,12.0,4599.0,0.4762,0.5873,0.4112149533,29824.0,0.28,0.0,32465.0,23250.0,103.414
138187,Valencia College,Orlando,FL,Southeast,City,Public,1,0,1,3,1.0,,,,,,39486.0,0.5921,0.2103,0.1683,0.4526,0.0419,2664.0,9576.0,18529.0,12037.0,7578.0,0.288,27.0,4131.0,0.3914,0.1215,0.4214585852,23247.0,,0.478,40594.0,9300.0,103.414
138275,Warner University,Lake Wales,FL,Southeast,Rural,Private nonprofit,1,0,3,4,2.0,0.4281,932.0,490.0,460.0,19.0,756.0,0.4577,0.4048,0.2606,0.2169,0.0106,29992.0,29992.0,41044.0,19748.0,5033.0,0.3364,13.0,5418.0,0.5088,0.5363,0.4251207729,29095.0,0.4392,0.4213,46086.0,22250.0,103.414
138293,Webber International University,Babson Park,FL,Southeast,Rural,Private nonprofit,1,0,3,4,2.0,0.694,,,,,813.0,0.2841,0.3665,0.2878,0.1538,0.0123,33770.0,33770.0,50989.0,29529.0,5063.0,0.2784,17.0,3881.0,0.4767,0.6291,0.3668341709,39516.0,0.4118,0.2796,45606.0,25250.0,103.414
138309,Rasmussen University-Florida,Ocala,FL,Southeast,City,Private for-profit,0,0,2,3,1.0,,,,,,3121.0,0.8747,0.2829,0.281,0.2381,0.034,15314.0,15314.0,28346.0,21909.0,6913.0,0.1895,10.0,3342.0,0.5355,0.7932,0.4757427831,25123.5,1.0,0.4155,39080.0,20899.0,103.414
138354,University of West Florida,Pensacola,FL,Southeast,Rural,Public,1,0,3,4,2.0,0.5824,1138.0,580.0,555.0,24.0,9330.0,0.5725,0.6018,0.1012,0.1193,0.0355,6360.0,19241.0,19947.0,9364.0,10653.0,1.0,22.0,6911.0,0.3309,0.2524,0.3610013175,34583.5,0.8876,0.588,49137.0,16624.0,103.414
138558,Abraham Baldwin Agricultural College,Tifton,GA,Southeast,Town,Public,1,0,3,3,2.0,0.7572,990.0,535.0,500.0,19.0,3208.0,0.6029,0.7715,0.081,0.11,0.0069,3268.0,10588.0,13956.0,6842.0,7551.0,0.7461,21.0,7164.0,0.3474,0.2346,0.3443449048,36087.0,0.6917,0.3615,34996.0,16750.0,96.293
138600,Agnes Scott College,Decatur,GA,Southeast,Suburb,Private nonprofit,1,0,3,4,2.0,0.6215,1260.0,,,,836.0,1.0,0.4031,0.3194,0.1376,0.0395,50604.0,50604.0,63283.0,24754.0,9604.0,0.7394,10.0,20057.0,0.3853,0.5258,0.2119565217,45206.0,0.8133,0.7068,56274.0,26749.0,96.293
138716,Albany State University,Albany,GA,Southeast,City,Public,1,1,3,4,1.0,,,,,,5956.0,0.7339,0.0591,0.841,0.0373,0.0029,5656.0,17008.0,19333.0,11898.0,7257.0,0.6952,21.0,6425.0,0.6932,0.6338,0.3351686167,24458.0,0.7857,0.3105,40674.0,25024.0,96.293
138868,Point University,West Point,GA,Southeast,Town,Private nonprofit,1,0,3,4,2.0,0.4426,,510.0,500.0,19.0,1996.0,0.494,0.5516,0.1573,0.1343,0.021,24000.0,24000.0,33564.0,25335.0,5969.0,1.0,15.0,3040.0,0.2468,0.1368,0.3634259259,34603.0,0.7413,0.3407,38740.0,25250.0,96.293
138901,Atlanta Metropolitan State College,Atlanta,GA,Southeast,City,Public,1,0,2,3,1.0,,,,,,1228.0,0.693,0.0163,0.8762,0.0513,0.0081,3248.0,10400.0,11740.0,5258.0,6668.0,0.4324,20.0,3710.0,0.5308,0.3303,0.3948094975,16404.0,0.4483,0.1741,33252.0,14123.0,96.293
138929,Atlanta's John Marshall Law School,Atlanta,GA,Southeast,City,Private nonprofit,1,0,4,4,,,,,,,,,,,,,,,,,8665.0,0.68,,8198.0,,,,,,,,,96.293
138947,Clark Atlanta University,Atlanta,GA,Southeast,City,Private nonprofit,1,1,3,4,2.0,0.6422,,497.0,460.0,19.0,3603.0,0.7724,0.0031,0.5393,0.0122,0.0006,28310.0,28310.0,43676.0,37702.0,8446.0,0.5936,16.0,9940.0,0.7047,0.8017,0.3224773091,28746.0,0.707,0.4902,42712.0,27000.0,96.293
139144,Berry College,Mount Berry,GA,Southeast,Suburb,Private nonprofit,1,0,3,4,2.0,0.64,1220.0,634.0,584.0,27.0,2245.0,0.6241,0.7154,0.0855,0.1122,0.0249,41686.0,41686.0,56697.0,22320.0,9319.0,0.7991,12.0,15808.0,0.2677,0.3886,0.1687413555,82687.5,0.8351,0.6949,53800.0,23250.0,96.293
139153,Beulah Heights University,Atlanta,GA,Southeast,City,Private nonprofit,1,0,3,4,1.0,,,,,,138.0,0.5797,0.1667,0.3478,0.2246,0.0942,8492.0,8492.0,,,5789.0,0.1296,6.0,5731.0,0.2785,0.3734,0.4573643411,13003.0,1.0,0.3333,35236.0,,96.293
139199,Brenau University,Gainesville,GA,Southeast,City,Private nonprofit,1,0,3,4,2.0,0.8778,1079.0,560.0,505.0,23.0,1029.0,0.9067,0.4189,0.24,0.2109,0.0185,34027.0,34027.0,46010.0,18924.0,7783.0,0.5547,11.0,10992.0,0.4586,0.6987,0.4032411821,29256.5,0.6497,0.3291,54003.0,27000.0,96.293
139205,Brewton-Parker Christian University,Mount Vernon,GA,Southeast,Rural,Private nonprofit,1,0,2,4,2.0,0.9649,,475.0,470.0,21.0,774.0,0.3773,0.3928,0.3695,0.1137,0.0052,20120.0,20120.0,38918.0,26054.0,5765.0,0.9565,15.0,5545.0,0.4519,0.3451,0.376146789,31140.0,0.4843,0.2103,42009.0,24990.0,96.293
139250,College of Coastal Georgia,Brunswick,GA,Southeast,City,Public,1,0,2,3,2.0,0.9813,1000.0,463.0,449.0,19.0,2979.0,0.7123,0.5854,0.2058,0.0943,0.0175,3616.0,10936.0,21924.0,15261.0,8029.0,0.732,22.0,7600.0,0.4047,0.2838,0.3782559456,29123.0,0.5866,0.2559,39318.0,15039.0,96.293
139311,Clayton  State University,Morrow,GA,Southeast,Suburb,Public,1,0,3,4,2.0,0.6845,958.0,,,,4348.0,0.6987,0.0849,0.6557,0.1226,0.0504,5180.0,16532.0,17415.0,8365.0,8662.0,0.6879,20.0,7880.0,0.5217,0.3804,0.3792387543,24211.0,0.7088,0.3986,49179.0,25706.0,96.293
139348,Columbia Theological Seminary,Decatur,GA,Southeast,Suburb,Private nonprofit,1,0,4,4,,,,,,,,,,,,,,,,,7094.0,1.0,,48252.0,,,,,,,,,96.293
139366,Columbus State University,Columbus,GA,Southeast,City,Public,1,0,3,4,2.0,0.9912,977.0,505.0,495.0,21.0,5625.0,0.5684,0.4155,0.3728,0.0932,0.0245,5898.0,17610.0,21676.0,13115.0,8802.0,0.5939,16.0,7245.0,0.4464,0.3776,0.3295178633,32787.5,0.6966,0.4176,44544.0,26000.0,96.293
139393,Covenant College,Lookout Mountain,GA,Southeast,Suburb,Private nonprofit,1,0,3,4,2.0,0.8651,1294.0,605.0,580.0,26.0,939.0,0.5154,0.8477,0.0138,0.0415,0.0319,42040.0,42040.0,57467.0,26265.0,8555.0,1.0,13.0,10737.0,0.1905,0.4042,,78999.0,0.8821,0.7149,50412.0,22500.0,96.293
139463,Dalton State College,Dalton,GA,Southeast,City,Public,1,0,3,3,1.0,,,,,,4553.0,0.6424,0.4953,0.0441,0.3872,0.016,3336.0,10656.0,12719.0,5012.0,7570.0,0.6597,21.0,4721.0,0.4986,0.1385,0.5118196811,31184.5,0.709,0.2531,40251.0,12937.0,96.293
139579,South University-Savannah,Savannah,GA,Southeast,City,Private for-profit,1,0,3,4,1.0,,,,,,270.0,0.7556,0.1815,0.5519,0.0593,0.0074,18145.0,18145.0,36577.0,28743.0,9244.0,0.65,9.0,9238.0,0.6194,0.7328,0.4722883373,20000.0,0.2222,0.0909,34421.0,26123.0,96.293
139621,East Georgia State College,Swainsboro,GA,Southeast,Town,Public,1,0,2,3,1.0,,,,,,1413.0,0.5591,0.3305,0.4947,0.0878,0.0134,2900.0,9860.0,15966.0,9626.0,6852.0,0.6329,23.0,5287.0,0.4853,0.254,0.3310702875,25909.5,0.6071,0.1667,37174.0,11750.0,96.293
139630,Emmanuel University,Franklin Springs,GA,Southeast,Rural,Private nonprofit,1,0,3,4,2.0,0.74,,540.0,530.0,21.0,775.0,0.4452,0.5639,0.1381,0.0684,0.0116,25500.0,25500.0,37604.0,20925.0,5038.0,0.3548,11.0,4524.0,0.2869,0.4181,0.3561946903,46336.0,0.7094,0.4228,38208.0,24325.0,96.293
139658,Emory University,Atlanta,GA,Southeast,City,Private nonprofit,1,0,3,4,2.0,0.1065,1520.0,720.0,760.0,33.0,7298.0,0.5684,0.2994,0.1039,0.1211,0.2508,64280.0,64280.0,83622.0,22585.0,16636.0,0.7629,10.0,55602.0,0.1821,0.1061,0.1638702461,56041.0,0.957,0.9109,80137.0,18250.0,96.293
139700,Georgia Highlands College,Rome,GA,Southeast,Suburb,Public,1,0,2,3,1.0,,,,,,4761.0,0.6648,0.5459,0.1806,0.1987,0.0134,3120.0,10080.0,13389.0,6928.0,6606.0,0.5462,21.0,4686.0,0.4109,0.1703,0.4076452599,30709.0,0.593,0.2066,43184.0,12000.0,96.293
139719,Fort Valley State University,Fort Valley,GA,Southeast,Town,Public,1,1,3,4,2.0,0.6587,994.0,440.0,440.0,18.0,2684.0,0.6684,0.013,0.9225,0.0306,0.0019,5526.0,16932.0,19879.0,10338.0,7426.0,0.6888,21.0,5828.0,0.7332,0.6844,0.3423493045,22382.0,0.7851,0.4111,36666.0,31000.0,96.293
139755,Georgia Institute of Technology-Main Campus,Atlanta,GA,Southeast,City,Public,1,0,3,4,2.0,0.1407,1480.0,680.0,725.0,32.0,18785.0,0.4037,0.3467,0.0834,0.0862,0.346,12058.0,34484.0,28167.0,12116.0,15393.0,0.9018,17.0,11809.0,0.139,0.1697,0.1491513182,71161.0,0.9808,0.9402,102772.0,21672.0,96.293
139764,Georgia Southwestern State University,Americus,GA,Southeast,Town,Public,1,0,3,4,2.0,0.7517,978.0,560.0,520.0,21.0,2424.0,0.6803,0.5371,0.3519,0.0446,0.0116,5220.0,16572.0,20484.0,12019.0,8122.0,0.7128,18.0,7119.0,0.4344,0.3721,0.3452012384,35856.5,0.5755,0.4064,48757.0,18851.0,96.293
139861,Georgia College & State University,Milledgeville,GA,Southeast,Town,Public,1,0,3,4,2.0,0.7823,1163.0,595.0,570.0,24.0,5947.0,0.6462,0.8253,0.0314,0.072,0.0182,9186.0,29512.0,30258.0,20686.0,8775.0,0.7966,17.0,7038.0,0.1757,0.3427,0.199066874,78447.5,0.8235,0.6361,58140.0,22250.0,96.293
139931,Georgia Southern University,Statesboro,GA,Southeast,Town,Public,1,0,3,4,2.0,0.8789,1053.0,555.0,540.0,21.0,21790.0,0.5709,0.543,0.2297,0.0764,0.0177,6022.0,17734.0,24430.0,15267.0,9310.0,0.8381,25.0,5399.0,0.3625,0.3558,0.2510034404,49236.0,0.7783,0.549,53236.0,23250.0,96.293
139940,Georgia State University,Atlanta,GA,Southeast,City,Public,1,0,3,4,2.0,0.5544,1076.0,590.0,580.0,23.0,26623.0,0.592,0.1537,0.4338,0.1496,0.1641,8664.0,24840.0,28241.0,15931.0,10404.0,0.7491,25.0,6675.0,0.5075,0.4046,0.3232381391,27922.0,0.7986,0.5306,47384.0,20903.0,96.293
139959,University of Georgia,Athens,GA,Southeast,City,Public,1,0,3,4,2.0,0.377,1397.0,680.0,680.0,31.0,32137.0,0.572,0.6571,0.0595,0.0796,0.1342,11450.0,31688.0,27993.0,13936.0,12879.0,0.9025,17.0,11512.0,0.1675,0.1954,0.1815059082,64178.5,0.9404,0.8969,68726.0,18500.0,96.293
139968,Gordon State College,Barnesville,GA,Southeast,Town,Public,1,0,3,3,2.0,0.859,1023.0,510.0,480.0,20.0,2544.0,0.6757,0.48,0.3986,0.0629,0.0114,3628.0,10948.0,14771.0,8105.0,7589.0,0.4332,20.0,4910.0,0.4843,0.3552,0.3781278962,29199.0,0.5122,0.2043,37871.0,17500.0,96.293
140146,Interdenominational Theological Center,Atlanta,GA,Southeast,City,Private nonprofit,1,1,4,4,,,,,,,,,,,,,,,,,5338.0,0.5,,88993.0,,,,,,,,,96.293
140234,LaGrange College,Lagrange,GA,Southeast,Town,Private nonprofit,1,0,3,4,2.0,0.6209,,,,,636.0,0.4497,0.555,0.294,0.0723,0.0063,35400.0,35400.0,49681.0,20875.0,6863.0,1.0,13.0,13052.0,0.4313,0.6787,0.2545126354,53444.0,0.6721,0.4692,51745.0,25730.0,96.293
140252,Life University,Marietta,GA,Southeast,City,Private nonprofit,1,0,3,4,2.0,0.9303,1030.0,495.0,493.0,19.0,893.0,0.5095,0.2777,0.2755,0.1814,0.0213,15036.0,15036.0,41295.0,29791.0,7524.0,0.5556,15.0,6898.0,0.3998,0.5235,0.2921108742,26648.0,0.6281,0.3793,47397.0,16666.0,96.293
140340,Herzing University-Atlanta,Atlanta,GA,Southeast,City,Private nonprofit,0,0,3,4,2.0,0.9375,,,,,387.0,0.8605,0.0724,0.7313,0.0827,0.0336,13450.0,13450.0,27007.0,21679.0,7516.0,0.2432,14.0,4184.0,0.7034,0.7916,0.5209032652,18321.0,0.25,0.1395,36909.0,21500.0,96.293
140447,Mercer University,Macon,GA,Southeast,City,Private nonprofit,1,0,3,4,2.0,0.6889,1271.0,663.0,648.0,30.0,4500.0,0.646,0.4064,0.3236,0.0911,0.084,42312.0,42312.0,58204.0,23847.0,9556.0,0.9803,11.0,14074.0,0.3543,0.6245,0.2819956616,43171.5,0.8216,0.6962,58354.0,24199.0,96.293
140553,Morehouse College,Atlanta,GA,Southeast,City,Private nonprofit,1,1,3,3,2.0,0.4396,1090.0,,,23.0,2844.0,0.0,0.0007,0.9726,0.0021,0.0007,32893.0,32893.0,51433.0,39013.0,8703.0,0.5427,14.0,13314.0,0.4467,0.5738,0.1971698113,39421.0,0.8691,0.5944,52889.0,25000.0,96.293
140562,Morehouse School of Medicine,Atlanta,GA,Southeast,City,Private nonprofit,1,1,4,4,,,,,,,,,,,,,,,,,,,,88188.0,,,,,,,,,96.293
140571,Morris Brown College,Atlanta,GA,Southeast,City,Private nonprofit,1,1,3,3,1.0,,,,,,432.0,0.5486,0.0,0.9421,0.0347,0.0,9558.0,9558.0,31968.0,24901.0,6116.0,0.0492,17.0,1674.0,0.6531,0.7755,,,0.7059,0.25,,,96.293
140696,Oglethorpe University,Atlanta,GA,Southeast,Suburb,Private nonprofit,1,0,3,4,2.0,0.8845,1227.0,600.0,575.0,27.0,1352.0,0.628,0.2759,0.2004,0.307,0.0362,47590.0,47590.0,60581.0,19509.0,7901.0,0.6207,13.0,5789.0,0.3596,0.6838,0.1992409867,46649.0,0.7333,0.541,55232.0,25000.0,96.293
140720,Paine College,Augusta,GA,Southeast,City,Private nonprofit,1,1,3,3,2.0,0.9543,,,,,388.0,0.5799,0.0,0.951,0.049,0.0,14596.0,14596.0,27431.0,16670.0,3659.0,0.5641,11.0,8166.0,0.7558,0.7645,0.3785714286,21579.0,0.5357,0.1443,33338.0,,96.293
140818,Piedmont University,Demorest,GA,Southeast,Town,Private nonprofit,1,0,3,4,2.0,0.9328,1129.0,565.0,550.0,23.0,1117.0,0.6625,0.6464,0.1361,0.1209,0.009,31700.0,31700.0,46801.0,20599.0,7502.0,0.6196,12.0,8051.0,0.4235,0.6582,0.3148648649,42868.5,0.6982,0.4741,49130.0,25000.0,96.293
140872,Reinhardt University,Waleska,GA,Southeast,Rural,Private nonprofit,1,0,3,4,2.0,0.6154,,,,,1066.0,0.4559,0.5591,0.227,0.0891,0.015,30074.0,30074.0,46386.0,24425.0,5983.0,0.5194,11.0,8500.0,0.3983,0.5628,0.365456821,41738.0,0.6222,0.4357,46541.0,23900.0,96.293
140951,Savannah College of Art and Design,Savannah,GA,Southeast,City,Private nonprofit,1,0,3,4,2.0,0.8298,1173.0,,,,15243.0,0.7056,0.5165,0.1307,0.0779,0.0592,41630.0,41630.0,63627.0,49430.0,10950.0,0.8951,21.0,8616.0,0.1882,0.3371,0.1763042112,59559.0,0.8633,0.6941,45954.0,25148.0,96.293
140960,Savannah State University,Savannah,GA,Southeast,City,Public,1,1,3,4,1.0,,,,,,2833.0,0.6251,0.0258,0.8599,0.0466,0.0,5750.0,19043.0,17191.0,8172.0,8445.0,0.5882,21.0,4684.0,0.6755,0.6532,0.3279648609,24120.0,0.7472,0.2804,37981.0,28000.0,96.293
140988,Shorter University,Rome,GA,Southeast,City,Private nonprofit,1,0,3,4,2.0,0.9646,1115.0,550.0,525.0,21.0,1028.0,0.4854,0.5905,0.2276,0.1041,0.0058,24630.0,24630.0,35726.0,16646.0,5054.0,0.5878,14.0,5023.0,0.3752,0.4849,0.3538461538,34625.0,0.6053,0.3769,44604.0,25000.0,96.293
141060,Spelman College,Atlanta,GA,Southeast,City,Private nonprofit,1,1,3,3,2.0,0.2487,1220.0,,,,3414.0,0.9502,0.0507,0.8559,0.0091,0.0202,31556.0,31556.0,50952.0,38967.0,9558.0,0.6952,11.0,15850.0,0.2783,0.4814,0.2070874862,43781.0,0.9409,0.7846,59993.0,25000.0,96.293
141167,Thomas University,Thomasville,GA,Southeast,Town,Private nonprofit,1,0,3,4,2.0,0.383,1072.0,520.0,490.0,20.0,998.0,0.5852,0.3447,0.3908,0.0551,0.015,11640.0,11640.0,23079.0,18499.0,5844.0,0.1783,12.0,10947.0,0.5535,0.8264,0.4551148225,32267.5,0.4925,0.2754,49716.0,21198.0,96.293
141185,Toccoa Falls College,Toccoa Falls,GA,Southeast,Town,Private nonprofit,1,0,3,4,2.0,0.6596,1130.0,565.0,525.0,22.0,875.0,0.6171,0.7303,0.0891,0.0926,0.0286,23950.0,23950.0,37561.0,21642.0,6124.0,0.2464,18.0,4266.0,0.1611,0.1916,0.2995689655,39310.0,0.625,0.4366,36630.0,22250.0,96.293
141237,Truett McConnell University,Cleveland,GA,Southeast,Rural,Private nonprofit,1,0,3,4,2.0,0.7826,,578.0,560.0,21.0,744.0,0.4798,0.7366,0.0551,0.039,0.0134,26792.0,26792.0,39152.0,22227.0,4901.0,1.0,15.0,4143.0,0.1015,0.1508,0.2894736842,55292.0,0.6698,0.3781,46700.0,23439.0,96.293
141264,Valdosta State University,Valdosta,GA,Southeast,City,Public,1,0,3,4,2.0,0.7229,1013.0,535.0,505.0,20.0,6622.0,0.6799,0.4394,0.3709,0.1154,0.0157,6124.0,17836.0,20801.0,10945.0,8606.0,0.6845,17.0,7133.0,0.5228,0.4396,0.3075430512,35444.0,0.7187,0.4236,49361.0,24779.0,96.293
141325,Wesleyan College,Macon,GA,Southeast,City,Private nonprofit,1,0,3,4,2.0,0.591,1075.0,595.0,527.0,24.0,400.0,1.0,0.335,0.36,0.125,0.0125,27650.0,27650.0,40721.0,12724.0,6243.0,1.0,8.0,13544.0,0.4579,0.431,0.3515625,30956.0,0.76,0.4452,44317.0,24094.0,96.293
141334,University of West Georgia,Carrollton,GA,Southeast,Town,Public,1,0,3,4,2.0,0.5161,1032.0,550.0,485.0,21.0,7520.0,0.6203,0.4932,0.3084,0.1016,0.0125,6088.0,17800.0,21981.0,12786.0,8656.0,0.5736,18.0,9152.0,0.404,0.346,0.318805185,36595.0,0.775,0.4349,49587.0,23970.0,96.293
141361,Young Harris College,Young Harris,GA,Southeast,Rural,Private nonprofit,1,0,3,4,2.0,0.6264,,,,,755.0,0.5576,0.6583,0.0742,0.0464,0.0093,32305.0,32305.0,48301.0,22034.0,6302.0,0.3701,13.0,8200.0,0.2038,0.3272,0.282,55702.0,0.6461,0.4175,47195.0,27000.0,96.293
141486,Chaminade University of Honolulu,Honolulu,HI,Far West,City,Private nonprofit,1,0,3,4,2.0,0.9143,1060.0,,,,1672.0,0.7099,0.0849,0.0227,0.1334,0.2303,30874.0,30874.0,45798.0,28856.0,9015.0,0.9813,11.0,11964.0,0.4133,0.373,0.4233825199,27931.5,0.7037,0.554,52343.0,23250.0,109.951
141565,University of Hawaii at Hilo,Hilo,HI,Far West,Town,Public,1,0,3,4,2.0,0.6063,1028.0,565.0,540.0,19.0,2160.0,0.6255,0.1968,0.0139,0.1653,0.1301,7838.0,20798.0,21173.0,11856.0,12097.0,0.7638,11.0,23630.0,0.4039,0.3003,0.3655063291,27504.0,0.7275,0.4837,47856.0,20500.0,109.951
141574,University of Hawaii at Manoa,Honolulu,HI,Far West,City,Public,1,0,3,4,2.0,0.866,1102.0,605.0,580.0,24.0,15029.0,0.5912,0.2008,0.0148,0.1465,0.3266,12186.0,34218.0,26433.0,15664.0,14472.0,0.7988,15.0,24611.0,0.2623,0.2743,0.3384306844,40609.0,0.8072,0.6429,57624.0,18500.0,109.951
141644,Hawaii Pacific University,Honolulu,HI,Far West,City,Private nonprofit,1,0,3,4,2.0,0.8587,1111.0,584.0,570.0,25.0,2392.0,0.638,0.2814,0.0652,0.25,0.1568,34392.0,34392.0,50674.0,29657.0,9549.0,0.5477,15.0,5539.0,0.2145,0.2255,0.3583756345,42913.0,0.5645,0.3489,59593.0,22000.0,109.951
141839,University of Hawaii Maui College,Kahului,HI,Far West,City,Public,1,0,2,3,1.0,,,,,,1700.0,0.6635,0.1353,0.0094,0.1712,0.3194,3284.0,8420.0,14937.0,8061.0,10124.0,0.5,15.0,24155.0,0.2055,0.0434,0.4984552008,21722.0,,0.2775,34453.0,13040.0,109.951
141981,University of Hawaii-West Oahu,Kapolei,HI,Far West,Suburb,Public,1,0,3,3,2.0,0.9534,985.0,575.0,520.0,19.0,2519.0,0.6538,0.0655,0.0167,0.156,0.368,7584.0,20544.0,18410.0,10327.0,11565.0,0.6082,17.0,16313.0,0.3206,0.2113,0.4253597122,28758.0,0.7795,0.4955,52075.0,14500.0,109.951
142090,Boise Bible College,Boise,ID,Rocky Mountains,Suburb,Private nonprofit,1,0,3,3,2.0,0.9048,1040.0,525.0,520.0,21.0,93.0,0.5161,0.9247,0.0215,0.0108,0.0,11802.0,11802.0,23301.0,15058.0,6151.0,0.9524,14.0,13119.0,0.4854,0.4078,,45930.0,0.5625,0.3158,33140.0,,95.494
142115,Boise State University,Boise,ID,Rocky Mountains,City,Public,1,0,3,4,2.0,0.8721,,,,,17674.0,0.5728,0.6918,0.0217,0.1588,0.0262,9048.0,27788.0,28224.0,21610.0,9887.0,0.5688,20.0,8864.0,0.1808,0.2388,0.3347085202,42915.0,0.7885,0.602,51658.0,20500.0,95.494
142276,Idaho State University,Pocatello,ID,Rocky Mountains,City,Public,1,0,3,4,1.0,,,,,,7583.0,0.5901,0.7008,0.0088,0.158,0.0113,8610.0,27720.0,21527.0,12193.0,8941.0,0.9401,14.0,14363.0,0.2794,0.2299,0.360585723,35747.5,0.7198,0.3939,45608.0,20039.0,95.494
142285,University of Idaho,Moscow,ID,Rocky Mountains,Town,Public,1,0,3,4,2.0,0.7553,1116.0,560.0,545.0,24.0,7747.0,0.4878,0.7306,0.0117,0.1009,0.0123,9084.0,28320.0,23738.0,14831.0,10288.0,0.8523,18.0,14991.0,0.2348,0.3818,0.3178761062,45018.0,0.7559,0.5728,54670.0,21982.0,95.494
142294,The College of Idaho,Caldwell,ID,Rocky Mountains,Suburb,Private nonprofit,1,0,3,4,2.0,0.491,1180.0,589.0,574.0,26.0,1041.0,0.5139,0.5696,0.0154,0.1768,0.0183,37845.0,37845.0,50542.0,19481.0,7798.0,0.6194,10.0,10689.0,0.2517,0.4728,0.2680722892,63773.0,0.8185,0.6254,48473.0,24500.0,95.494
142328,Lewis-Clark State College,Lewiston,ID,Rocky Mountains,City,Public,1,0,3,4,2.0,0.8769,,,,,2385.0,0.6377,0.7136,0.0122,0.0973,0.0088,7610.0,22028.0,21925.0,15635.0,7551.0,0.9554,16.0,9626.0,0.2428,0.2605,0.4047013977,31207.0,0.6105,0.4017,46001.0,18500.0,95.494
142461,Northwest Nazarene University,Nampa,ID,Rocky Mountains,Suburb,Private nonprofit,1,0,3,4,2.0,0.6474,1130.0,560.0,540.0,23.0,1024.0,0.5605,0.7207,0.0166,0.1523,0.0117,40794.0,40794.0,55163.0,29580.0,6760.0,1.0,14.0,6557.0,0.2976,0.6133,0.3388429752,51227.0,0.7741,0.7076,51719.0,23750.0,95.494
142522,Brigham Young University-Idaho,Rexburg,ID,Rocky Mountains,Town,Private nonprofit,1,0,1,3,2.0,0.9575,1118.0,555.0,540.0,23.0,44397.0,0.5372,0.5352,0.0065,0.0936,0.0071,4800.0,4800.0,15246.0,8221.0,10186.0,,22.0,4594.0,0.243,0.1076,0.2434898308,42100.0,0.7117,0.5548,53406.0,13969.0,95.494
142559,College of Southern Idaho,Twin Falls,ID,Rocky Mountains,City,Public,1,0,2,3,1.0,,,,,,3810.0,0.6444,0.5803,0.0197,0.3192,0.0118,3360.0,6840.0,12803.0,6095.0,6538.0,1.0,25.0,5776.0,0.1765,0.07,0.4159021407,30300.0,1.0,0.3316,40916.0,8000.0,95.494
142832,Adler University,Chicago,IL,Great Lakes,City,Private nonprofit,1,0,3,4,,,,,,,9.0,0.0,0.7778,0.2222,0.0,0.0,,,,,7761.0,0.9378,1.0,16288.0,,,,,,,,,99.958
142957,American Islamic College,Chicago,IL,Great Lakes,City,Private nonprofit,1,0,3,4,2.0,1.0,,,,,16.0,0.625,0.3125,0.25,0.0,0.0625,7650.0,7650.0,,,9309.0,,3.0,79427.0,0.0,0.0,,,1.0,,,,99.958
143048,School of the Art Institute of Chicago,Chicago,IL,Great Lakes,City,Private nonprofit,1,0,3,4,2.0,0.7747,,,,,2805.0,0.7729,0.3462,0.057,0.1323,0.1023,56420.0,56420.0,75625.0,49790.0,11628.0,0.2159,10.0,18435.0,0.1873,0.3741,0.212636695,50784.0,0.8383,0.6699,40151.0,27000.0,99.958
143084,Augustana College,Rock Island,IL,Great Lakes,City,Private nonprofit,1,0,3,4,2.0,0.6268,1165.0,,,,2490.0,0.5313,0.5402,0.0466,0.1289,0.0261,51598.0,51598.0,63553.0,22736.0,8300.0,0.7804,12.0,11113.0,0.24,0.5527,0.2224352828,90216.0,0.8211,0.7286,62971.0,27000.0,99.958
143118,Aurora University,Aurora,IL,Great Lakes,Suburb,Private nonprofit,1,0,3,4,2.0,0.8085,1076.0,525.0,520.0,22.0,3974.0,0.6656,0.387,0.0627,0.4253,0.0322,29170.0,29170.0,40625.0,18838.0,9142.0,0.2468,18.0,5125.0,0.4495,0.4736,0.4569466455,45293.0,0.7706,0.6032,58709.0,20318.0,99.958
143233,Bethany Theological Seminary,Richmond,IN,Great Lakes,Town,Private nonprofit,1,0,4,4,,,,,,,,,,,,,,,,,6568.0,0.7692,,31449.0,,,,,,,,,93.329
143288,Blackburn College,Carlinville,IL,Great Lakes,Town,Private nonprofit,1,0,3,3,2.0,0.6319,,520.0,487.0,20.0,471.0,0.5796,0.7495,0.138,0.0955,0.0,28149.0,28149.0,37916.0,18460.0,8514.0,0.7193,11.0,12832.0,0.4987,0.6144,0.4395604396,29508.5,0.6721,0.5749,46802.0,24242.0,99.958
143297,Blessing Rieman College of Nursing and Health Sciences,Quincy,IL,Great Lakes,Town,Private nonprofit,1,0,3,4,,,,,,,176.0,0.9205,0.8864,0.0227,0.0057,0.0114,,,,,6715.0,0.9444,12.0,26577.0,0.3622,0.3514,0.3700787402,39159.0,,,72430.0,13000.0,99.958
143358,Bradley University,Peoria,IL,Great Lakes,City,Private nonprofit,1,0,3,4,2.0,0.7676,,585.0,585.0,27.0,3574.0,0.5109,0.5946,0.1226,0.1486,0.0456,42160.0,42160.0,54730.0,22719.0,9409.0,0.5548,11.0,17531.0,0.3165,0.634,0.2360436893,79479.0,0.8265,0.7617,66852.0,27000.0,99.958
143659,Catholic Theological Union at Chicago,Chicago,IL,Great Lakes,City,Private nonprofit,1,0,4,4,,,,,,,,,,,,,,,,,8845.0,1.0,,41849.0,,,,,,,,,99.958
143853,Midwestern University-Downers Grove,Downers Grove,IL,Great Lakes,City,Private nonprofit,1,0,4,4,,,,,,,,,,,,,,,,,13204.0,0.9833,,30780.0,,,,,,,,,99.958
143978,The Chicago School at Chicago,Chicago,IL,Great Lakes,City,Private nonprofit,0,0,3,4,2.0,0.3448,,,,,21.0,0.7619,0.1429,0.381,0.2857,0.0476,21780.0,21780.0,,,8692.0,1.0,17.0,8658.0,0.5484,0.7097,0.4642857143,18495.0,,,56899.0,20000.0,99.958
144005,Chicago State University,Chicago,IL,Great Lakes,City,Public,1,0,3,4,2.0,0.4326,,,,,1384.0,0.6951,0.0267,0.7688,0.0983,0.0108,12754.0,12754.0,29764.0,12335.0,8878.0,1.0,9.0,28026.0,0.5786,0.7813,0.4202453988,15134.0,0.5732,0.1549,42778.0,30625.0,99.958
144014,Chicago Theological Seminary,Chicago,IL,Great Lakes,City,Private nonprofit,1,0,4,4,,,,,,,,,,,,,,,,,10650.0,0.7059,,24794.0,,,,,,,,,99.958
144050,University of Chicago,Chicago,IL,Great Lakes,City,Private nonprofit,1,0,3,4,2.0,0.0448,1554.0,760.0,785.0,34.0,7569.0,0.4577,0.295,0.0687,0.1694,0.1932,70662.0,70662.0,90360.0,14860.0,19806.0,0.8493,5.0,96069.0,0.1526,0.047,0.202435312,47139.5,0.9926,0.9585,91885.0,15000.0,99.958
144281,Columbia College Chicago,Chicago,IL,Great Lakes,City,Private nonprofit,1,0,3,4,2.0,0.8946,,,,,5368.0,0.6043,0.3951,0.187,0.2822,0.0367,34088.0,34088.0,51889.0,26598.0,9323.0,0.3738,15.0,10551.0,0.4596,0.5553,0.2494863516,49117.0,0.6603,0.5155,42195.0,25000.0,99.958
144351,Concordia University-Chicago,River Forest,IL,Great Lakes,Suburb,Private nonprofit,1,0,3,4,2.0,0.9279,,,,,1323.0,0.5246,0.4014,0.1323,0.3787,0.0197,37488.0,37488.0,45383.0,18436.0,6759.0,0.6972,13.0,5834.0,0.4568,0.5694,0.3850063532,46286.0,0.605,0.3646,54089.0,23000.0,99.958
144740,DePaul University,Chicago,IL,Great Lakes,City,Private nonprofit,1,0,3,4,2.0,0.7589,1262.0,,,,14090.0,0.5509,0.4448,0.078,0.2487,0.1251,45999.0,45999.0,63052.0,30902.0,12717.0,0.4985,17.0,13870.0,0.3178,0.4585,0.3023514164,48556.0,0.855,0.678,68751.0,23168.0,99.958
144883,East-West University,Chicago,IL,Great Lakes,City,Private nonprofit,1,0,3,3,1.0,,,,,,468.0,0.5,0.015,0.4167,0.3141,0.0064,25395.0,25395.0,32606.0,21697.0,7789.0,1.0,20.0,6763.0,0.6174,0.6042,0.5393939394,14812.0,0.3711,0.1556,29963.0,26986.0,99.958
144892,Eastern Illinois University,Charleston,IL,Great Lakes,Town,Public,1,0,3,4,2.0,0.6535,1000.0,520.0,500.0,20.0,4188.0,0.6017,0.575,0.1839,0.1024,0.0148,13679.0,16217.0,26996.0,12786.0,9482.0,0.7711,14.0,10847.0,0.2941,0.3138,0.3421643467,39153.0,0.7171,0.4736,51989.0,21500.0,99.958
144962,Elmhurst University,Elmhurst,IL,Great Lakes,Suburb,Private nonprofit,1,0,3,4,2.0,0.7364,1151.0,562.0,555.0,26.0,3006.0,0.6188,0.4421,0.0605,0.3383,0.0822,42955.0,42955.0,54679.0,24185.0,8989.0,0.4038,15.0,8751.0,0.3681,0.769,0.351910828,49618.0,0.799,0.7,61462.0,20489.0,99.958
144971,Eureka College,Eureka,IL,Great Lakes,Town,Private nonprofit,1,0,3,3,2.0,0.8499,,513.0,500.0,20.0,522.0,0.4483,0.5364,0.1897,0.1341,0.0019,29096.0,29096.0,39578.0,17349.0,5632.0,0.6875,14.0,7279.0,0.4858,0.7647,0.3415977961,59797.0,0.5039,0.4161,51641.0,23250.0,99.958
145275,Garrett-Evangelical Theological Seminary,Evanston,IL,Great Lakes,City,Private nonprofit,1,0,4,4,,,,,,,,,,,,,,,,,11301.0,1.0,,16828.0,,,,,,,,,99.958
145336,Governors State University,University Park,IL,Great Lakes,Suburb,Public,1,0,3,4,2.0,0.4827,,480.0,465.0,19.0,2556.0,0.6315,0.2801,0.4065,0.1991,0.0207,12004.0,12004.0,24227.0,12329.0,8619.0,0.5087,11.0,13036.0,0.5359,0.3849,0.4261943103,20792.0,0.5622,0.2211,58169.0,18618.0,99.958
145372,Greenville University,Greenville,IL,Great Lakes,Town,Private nonprofit,1,0,3,4,2.0,0.975,1038.0,525.0,510.0,18.0,955.0,0.467,0.5864,0.1382,0.0817,0.0094,32200.0,32200.0,45091.0,19533.0,6650.0,1.0,13.0,7399.0,0.3889,0.5664,0.3112701252,53084.0,0.7081,0.3982,46827.0,23875.0,99.958
145497,Hebrew Theological College,Skokie,IL,Great Lakes,City,Private nonprofit,1,0,3,3,2.0,0.5714,,,,,90.0,0.7222,0.8778,0.0111,0.0111,0.0,15150.0,15150.0,35559.0,26861.0,4277.0,0.3947,5.0,20367.0,0.1276,0.102,,39414.0,0.8605,0.5,33291.0,14000.0,99.958
145558,Rosalind Franklin University of Medicine and Science,North Chicago,IL,Great Lakes,Suburb,Private nonprofit,1,0,4,4,,,,,,,,,,,,,,,,,11896.0,0.6269,,18991.0,,,,10865.5,,,,,99.958
145600,University of Illinois Chicago,Chicago,IL,Great Lakes,City,Public,1,0,3,4,2.0,0.7735,1250.0,595.0,600.0,27.0,22170.0,0.5346,0.2245,0.0818,0.3615,0.2109,14338.0,29884.0,27521.0,10974.0,14621.0,0.7104,17.0,28590.0,0.4893,0.2186,0.4439779965,33725.5,0.8021,0.6162,68740.0,16704.0,99.958
145619,Benedictine University,Lisle,IL,Great Lakes,Suburb,Private nonprofit,1,0,3,4,2.0,0.9523,,575.0,590.0,24.0,1942.0,0.4825,0.3877,0.0973,0.2147,0.2101,35940.0,35940.0,46713.0,22313.0,8516.0,0.3465,15.0,7813.0,0.3947,0.4604,0.3431952663,47021.0,0.6601,0.5033,63446.0,22500.0,99.958
145628,Illinois College of Optometry,Chicago,IL,Great Lakes,City,Private nonprofit,1,0,4,4,,,,,,,,,,,,,,,,,10556.0,0.6447,,20952.0,,,,,,,,,99.958
145637,University of Illinois Urbana-Champaign,Champaign,IL,Great Lakes,City,Public,1,0,3,4,2.0,0.4237,1440.0,685.0,730.0,32.0,36258.0,0.48,0.3753,0.0531,0.1441,0.2311,16004.0,35124.0,33642.0,14355.0,14464.0,0.7276,20.0,14929.0,0.2341,0.2738,0.2493020998,62485.0,0.948,0.8513,81054.0,19500.0,99.958
145646,Illinois Wesleyan University,Bloomington,IL,Great Lakes,City,Private nonprofit,1,0,3,3,2.0,0.3931,1275.0,625.0,585.0,27.0,1582.0,0.4962,0.6391,0.0834,0.1169,0.055,57704.0,57704.0,70700.0,28199.0,8828.0,0.5645,12.0,19373.0,0.2633,0.6332,0.1772575251,98014.0,0.8005,0.747,70871.0,27000.0,99.958
145691,Illinois College,Jacksonville,IL,Great Lakes,Town,Private nonprofit,1,0,3,4,2.0,0.7819,1064.0,535.0,515.0,21.0,930.0,0.5204,0.7161,0.0871,0.0968,0.0097,38676.0,38676.0,48955.0,18298.0,7671.0,0.7059,12.0,11586.0,0.3839,0.8274,0.3109756098,59194.0,0.7063,0.6382,52575.0,25565.0,99.958
145725,Illinois Institute of Technology,Chicago,IL,Great Lakes,City,Private nonprofit,1,0,3,4,2.0,0.5493,1311.0,640.0,680.0,29.0,2833.0,0.3445,0.3142,0.0589,0.2792,0.1571,52386.0,52386.0,68164.0,18425.0,12710.0,0.5956,14.0,11936.0,0.3001,0.2871,0.3223767383,39719.0,0.8596,0.7521,82592.0,25000.0,99.958
145813,Illinois State University,Normal,IL,Great Lakes,Suburb,Public,1,0,3,4,2.0,0.8815,1113.0,560.0,540.0,24.0,19057.0,0.5676,0.637,0.1362,0.1427,0.0259,16144.0,28210.0,34309.0,19398.0,9453.0,0.7363,19.0,9152.0,0.3207,0.4308,0.2964350118,67099.5,0.8144,0.6454,62117.0,20482.0,99.958
145886,Institute for Clinical Social Work,Chicago,IL,Great Lakes,City,Private nonprofit,1,0,4,4,,,,,,,,,,,,,,,,,,,,6655.0,,,,,,,,,99.958
146339,Judson University,Elgin,IL,Great Lakes,City,Private nonprofit,1,0,3,4,2.0,0.4759,1039.0,515.0,510.0,22.0,708.0,0.4096,0.4237,0.1455,0.2627,0.0212,31360.0,31360.0,43137.0,18558.0,6024.0,0.2802,10.0,8178.0,0.3871,0.5536,0.3562753036,45084.0,0.5917,0.5987,56313.0,25000.0,99.958
146427,Knox College,Galesburg,IL,Great Lakes,Town,Private nonprofit,1,0,3,3,2.0,0.7079,1326.0,645.0,620.0,28.0,1127.0,0.496,0.425,0.0621,0.1304,0.0355,57903.0,57903.0,68134.0,24595.0,7221.0,0.7244,11.0,17885.0,0.3087,0.6733,0.2784552846,60911.0,0.8313,0.6773,54820.0,27000.0,99.958
146481,Lake Forest College,Lake Forest,IL,Great Lakes,Suburb,Private nonprofit,1,0,3,4,2.0,0.5681,1343.0,618.0,620.0,29.0,1813.0,0.5665,0.4688,0.0259,0.1809,0.0623,56402.0,56402.0,70655.0,28673.0,9044.0,1.0,13.0,11874.0,0.3224,0.6654,0.2458715596,59959.0,0.8988,0.7778,61825.0,26158.0,99.958
146490,Lake Forest Graduate School of Management,Lake Forest,IL,Great Lakes,Suburb,Private nonprofit,1,0,4,4,,,,,,,,,,,,,,,,,9927.0,0.0157,,6629.0,,,,,,,,,99.958
146533,Lakeview College of Nursing,Danville,IL,Great Lakes,Town,Private nonprofit,1,0,3,3,,,,,,,66.0,0.9242,0.697,0.1212,0.0455,0.0455,,,,,7142.0,,8.0,18589.0,0.4198,0.4321,,37106.0,,,84522.0,15000.0,99.958
146612,Lewis University,Romeoville,IL,Great Lakes,Suburb,Private nonprofit,1,0,3,4,2.0,0.7129,1096.0,565.0,580.0,23.0,4015.0,0.5051,0.4979,0.0732,0.2757,0.0745,39200.0,39200.0,47313.0,17028.0,10457.0,0.4006,13.0,11056.0,0.3255,0.4217,0.3940031562,54593.5,0.7915,0.6661,66099.0,21500.0,99.958
146719,Loyola University Chicago,Chicago,IL,Great Lakes,City,Private nonprofit,1,0,3,4,2.0,0.816,1297.0,640.0,620.0,30.0,11737.0,0.6917,0.4718,0.0807,0.2329,0.1291,53710.0,53710.0,67408.0,36079.0,11515.0,0.5245,13.0,14058.0,0.2375,0.4481,0.2768674699,60527.5,0.8167,0.7304,71530.0,24157.0,99.958
146728,Lutheran School of Theology at Chicago,Chicago,IL,Great Lakes,City,Private nonprofit,1,0,4,4,,,,,,,,,,,,,,,,,7254.0,0.5238,,33674.0,,,,,,,,,99.958
146755,Trinity College of Nursing & Health Sciences,Rock Island,IL,Great Lakes,City,Private nonprofit,1,0,3,4,,,,,,,56.0,0.8571,0.5357,0.0536,0.1786,0.0357,,,,,6944.0,0.7273,3.0,16674.0,0.5424,0.7797,0.4105960265,34861.0,,,58743.0,24000.0,99.958
146977,McCormick Theological Seminary,Chicago,IL,Great Lakes,City,Private nonprofit,1,0,4,4,,,,,,,,,,,,,,,,,8052.0,1.0,,32592.0,,,,,,,,,99.958
147013,McKendree University,Lebanon,IL,Great Lakes,Suburb,Private nonprofit,1,0,3,4,2.0,0.7172,,,,,1752.0,0.5411,0.5371,0.0913,0.0468,0.0074,34740.0,34740.0,48845.0,24717.0,7069.0,1.0,16.0,4640.0,0.336,0.4179,0.3255813953,49041.0,0.6735,0.5333,58572.0,23250.0,99.958
147031,Meadville Theological School of Lombard College,Chicago,IL,Great Lakes,City,Private nonprofit,1,0,4,4,,,,,,,,,,,,,,,,,9305.0,0.5385,,33003.0,,,,,,,,,99.958
147129,Methodist College,Peoria,IL,Great Lakes,City,Private nonprofit,1,0,3,4,2.0,0.3889,,505.0,475.0,,245.0,0.902,0.6204,0.2449,0.0286,0.0245,18008.0,18008.0,46874.0,41787.0,6350.0,0.5833,5.0,15799.0,0.5107,0.8155,0.347826087,30855.0,,0.2,69800.0,31250.0,99.958
147244,Millikin University,Decatur,IL,Great Lakes,City,Private nonprofit,1,0,3,4,2.0,0.6668,1034.0,545.0,530.0,23.0,1382.0,0.5362,0.6693,0.1795,0.0384,0.0159,26892.0,26892.0,57475.0,21989.0,6557.0,0.7139,10.0,12211.0,0.3757,0.5575,0.3184782609,49741.0,0.75,0.5494,51262.0,27000.0,99.958
147341,Monmouth College,Monmouth,IL,Great Lakes,Town,Private nonprofit,1,0,3,3,2.0,0.9093,1128.0,590.0,600.0,26.0,702.0,0.4644,0.7051,0.0997,0.1068,0.0171,44922.0,44922.0,57157.0,17133.0,6882.0,0.6915,9.0,16969.0,0.3714,0.7538,0.3224400871,59988.0,0.7441,0.6461,51110.0,27000.0,99.958
147369,Moody Bible Institute,Chicago,IL,Great Lakes,City,Private nonprofit,1,0,3,4,2.0,0.8269,,,,,1510.0,0.4583,0.4669,0.0503,0.0728,0.0265,15786.0,15786.0,34327.0,22221.0,9213.0,0.3474,14.0,13607.0,0.3627,0.417,0.2808988764,27275.0,0.839,0.6233,45399.0,18149.0,99.958
147536,National Louis University,Chicago,IL,Great Lakes,City,Private nonprofit,1,0,3,4,2.0,0.9505,,,,,4406.0,0.7481,0.1403,0.2208,0.4973,0.0207,12705.0,12705.0,24154.0,12641.0,6891.0,0.9815,17.0,5908.0,0.5515,0.2175,0.5044483986,24269.5,0.5042,0.3014,45799.0,19750.0,99.958
147590,National University of Health Sciences,Lombard,IL,Great Lakes,Suburb,Private nonprofit,1,0,3,4,,,,,,,13.0,0.7692,0.6154,0.0769,0.1538,0.0,,,,,5731.0,1.0,6.0,17808.0,0.2857,0.7143,,20789.0,,,58723.0,12500.0,99.958
147660,North Central College,Naperville,IL,Great Lakes,City,Private nonprofit,1,0,3,4,2.0,0.7733,1213.0,570.0,560.0,25.0,2428.0,0.5136,0.5931,0.0651,0.1919,0.0383,45726.0,45726.0,57219.0,21044.0,9075.0,0.574,12.0,11500.0,0.2395,0.4798,0.2659660469,77267.0,0.7713,0.64,60123.0,24500.0,99.958
147679,North Park University,Chicago,IL,Great Lakes,City,Private nonprofit,1,0,3,4,2.0,0.6851,,516.0,510.0,23.0,1818.0,0.56,0.2838,0.1056,0.3493,0.0809,36710.0,36710.0,44172.0,16948.0,8245.0,1.0,12.0,9612.0,0.4434,0.5019,0.3698324022,45181.0,0.6166,0.5772,59572.0,25500.0,99.958
147697,Northern Baptist Theological Seminary,Lisle,IL,Great Lakes,Suburb,Private nonprofit,1,0,4,4,,,,,,,,,,,,,,,,,7583.0,0.7143,,5850.0,,,,,,,,,99.958
147703,Northern Illinois University,Dekalb,IL,Great Lakes,Suburb,Public,1,0,3,4,2.0,0.6979,,,,,11301.0,0.53,0.419,0.2104,0.2575,0.0642,13248.0,13248.0,28851.0,13391.0,11060.0,0.7516,15.0,14474.0,0.4732,0.4672,0.3832968636,39109.0,0.6962,0.4866,57808.0,22162.0,99.958
147767,Northwestern University,Evanston,IL,Great Lakes,City,Private nonprofit,1,0,3,4,2.0,0.0769,1533.0,745.0,775.0,35.0,9201.0,0.5432,0.3056,0.0838,0.1575,0.2122,68322.0,68322.0,91250.0,29167.0,20322.0,0.8297,6.0,48932.0,0.1855,0.1708,0.1515711645,58835.5,0.981,0.9513,89363.0,15000.0,99.958
147776,Northeastern Illinois University,Chicago,IL,Great Lakes,City,Public,1,0,3,4,2.0,0.746,,,,,3982.0,0.5731,0.1575,0.1205,0.5234,0.0773,12383.0,22726.0,26960.0,14109.0,9265.0,0.6811,9.0,18253.0,0.5567,0.192,0.5086887836,21900.0,0.5233,0.2165,52234.0,14600.0,99.958
147828,Olivet Nazarene University,Bourbonnais,IL,Great Lakes,Suburb,Private nonprofit,1,0,3,4,2.0,0.5586,1117.0,550.0,535.0,23.0,2603.0,0.5409,0.5924,0.0814,0.1322,0.0207,38900.0,38900.0,51981.0,20729.0,7582.0,0.4623,15.0,8761.0,0.3804,0.6324,0.2768395657,66010.5,0.7083,0.6084,53213.0,25000.0,99.958
148016,Principia College,Elsah,IL,Great Lakes,Rural,Private nonprofit,1,0,3,3,1.0,,,556.0,555.0,25.0,339.0,0.413,0.354,0.1062,0.0501,0.0088,34680.0,34680.0,,,9209.0,0.8148,6.0,32709.0,0.0,0.0,,,0.8313,0.7426,,,99.958
148131,Quincy University,Quincy,IL,Great Lakes,Town,Private nonprofit,1,0,3,4,2.0,0.5093,1098.0,570.0,580.0,24.0,1010.0,0.4119,0.6475,0.1059,0.0911,0.0139,37140.0,37140.0,50091.0,20359.0,6758.0,0.5041,12.0,6923.0,0.2973,0.5434,0.3300492611,50859.0,0.7003,0.4504,50369.0,24000.0,99.958
148405,Rockford University,Rockford,IL,Great Lakes,City,Private nonprofit,1,0,3,4,2.0,0.9291,956.0,505.0,495.0,21.0,972.0,0.5103,0.4187,0.177,0.2284,0.0298,37780.0,37780.0,49169.0,22436.0,6658.0,0.4595,10.0,9830.0,0.4835,0.5713,0.4183864916,38167.0,0.6526,0.472,54794.0,22274.0,99.958
148487,Roosevelt University,Chicago,IL,Great Lakes,City,Private nonprofit,1,0,3,4,2.0,0.9716,1011.0,505.0,485.0,24.0,2849.0,0.629,0.2727,0.2152,0.3471,0.0418,21315.0,21315.0,35332.0,20194.0,8563.0,0.3117,11.0,10228.0,0.5132,0.5374,0.3683794466,33434.0,0.6162,0.3514,48712.0,22000.0,99.958
148496,Dominican University,River Forest,IL,Great Lakes,Suburb,Private nonprofit,1,0,3,4,2.0,0.9032,1002.0,520.0,515.0,25.0,2561.0,0.695,0.182,0.0586,0.6923,0.0305,38978.0,38978.0,43891.0,11745.0,8029.0,0.3829,12.0,11343.0,0.5152,0.5002,0.5074626866,38451.0,0.7793,0.5526,60327.0,24411.0,99.958
148511,Rush University,Chicago,IL,Great Lakes,City,Private nonprofit,1,0,3,4,,,,,,,138.0,0.7464,0.2754,0.2174,0.3406,0.087,,,,,13687.0,0.6062,10.0,18507.0,0.3667,0.4667,0.472972973,30382.0,,,75194.0,21988.0,99.958
148575,Saint Francis Medical Center College of Nursing,Peoria,IL,Great Lakes,City,Private nonprofit,1,0,3,4,,,,,,,273.0,0.8462,0.8462,0.0476,0.0549,0.0293,,,,,9394.0,0.7826,8.0,15728.0,0.2285,0.2622,0.3684210526,36400.0,,,72850.0,15000.0,99.958
148584,University of St Francis,Joliet,IL,Great Lakes,Suburb,Private nonprofit,1,0,3,4,2.0,0.6529,1141.0,525.0,520.0,23.0,1223.0,0.6533,0.4473,0.1022,0.341,0.0294,38110.0,38110.0,46239.0,13006.0,8272.0,0.9655,15.0,6677.0,0.3934,0.7604,0.4237804878,57522.0,0.7876,0.6682,63926.0,21079.0,99.958
148593,St. John's College,Springfield,IL,Great Lakes,City,Private nonprofit,1,0,3,3,,,,,,,126.0,0.9048,0.6587,0.2063,0.0317,0.0238,,,,,6929.0,0.7647,11.0,31777.0,0.3026,0.7632,,45350.0,,,86331.0,18750.0,99.958
148627,Saint Xavier University,Chicago,IL,Great Lakes,City,Private nonprofit,1,0,3,4,2.0,0.843,,,,,3096.0,0.6111,0.2904,0.1166,0.5258,0.0194,37940.0,37940.0,43244.0,10970.0,8124.0,0.2932,16.0,7407.0,0.5887,0.8654,0.493877551,36398.5,0.7573,0.5661,58656.0,22223.0,99.958
148654,University of Illinois Springfield,Springfield,IL,Great Lakes,City,Public,1,0,3,4,2.0,0.8588,1102.0,575.0,545.0,24.0,2263.0,0.5625,0.6058,0.1383,0.1189,0.0398,12252.0,22017.0,25521.0,9833.0,9921.0,0.6038,13.0,9051.0,0.3736,0.3681,0.3624382208,31146.0,0.748,0.5321,57103.0,19128.0,99.958
148885,University of Saint Mary of the Lake,Mundelein,IL,Great Lakes,Suburb,Private nonprofit,1,0,4,4,,,,,,,,,,,,,,,,,8600.0,1.0,,37944.0,,,,,,,,,99.958
148982,Spertus College,Chicago,IL,Great Lakes,City,Private nonprofit,1,0,4,4,,,,,,,,,,,,,,,,,20167.0,0.0417,,41434.0,,,,,,,,,99.958
149028,Saint Anthony College of Nursing,Rockford,IL,Great Lakes,City,Private nonprofit,1,0,3,4,2.0,,,,,,172.0,0.9012,0.6221,0.0756,0.1977,0.0756,27811.0,27811.0,,,7940.0,0.549,6.0,16179.0,0.3882,0.5592,0.4375,35401.0,1.0,,77709.0,20000.0,99.958
149222,Southern Illinois University-Carbondale,Carbondale,IL,Great Lakes,Town,Public,1,0,3,4,2.0,0.8688,1055.0,535.0,510.0,24.0,8494.0,0.5213,0.6465,0.1733,0.103,0.0172,13334.0,13334.0,28329.0,13297.0,8501.0,0.7949,11.0,18042.0,0.3883,0.4465,0.3525195024,37454.0,0.668,0.6241,53390.0,21543.0,99.958
149231,Southern Illinois University Edwardsville,Edwardsville,IL,Great Lakes,Suburb,Public,1,0,3,4,2.0,0.975,1100.0,530.0,510.0,23.0,8750.0,0.5766,0.6497,0.152,0.0655,0.0241,12922.0,12922.0,28919.0,14889.0,9158.0,0.7204,15.0,14215.0,0.3266,0.3835,0.3068748645,49753.5,0.757,0.5697,56346.0,20500.0,99.958
149329,Telshe Yeshiva-Chicago,Chicago,IL,Great Lakes,City,Private nonprofit,1,0,3,4,2.0,1.0,,,,,78.0,0.0,1.0,0.0,0.0,0.0,15000.0,15000.0,23300.0,7626.0,4019.0,0.8889,15.0,22019.0,0.3462,0.0,,45448.5,0.8889,0.0,,,99.958
149505,Trinity Christian College,Palos Heights,IL,Great Lakes,Suburb,Private nonprofit,1,0,3,4,2.0,0.8492,1157.0,550.0,535.0,24.0,820.0,0.5695,0.5,0.1317,0.2207,0.0305,20605.0,20605.0,35012.0,19125.0,7524.0,0.472,10.0,12581.0,0.3458,0.555,0.3290909091,50000.0,0.8145,0.5752,55700.0,25009.0,99.958
149514,Trinity International University-Illinois,Deerfield,IL,Great Lakes,Suburb,Private nonprofit,1,0,3,4,2.0,1.0,,535.0,515.0,18.0,55.0,0.2727,0.2909,0.3636,0.2182,0.0364,12320.0,12320.0,16515.0,2835.0,6689.0,0.2844,3.0,14768.0,0.8929,0.6143,0.2960526316,38553.0,0.125,0.461,46989.0,26082.0,99.958
149639,VanderCook College of Music,Chicago,IL,Great Lakes,City,Private nonprofit,1,0,3,4,2.0,0.8947,,,,,76.0,0.4605,0.4211,0.0789,0.3684,0.0263,30910.0,30910.0,44613.0,19780.0,6945.0,0.1146,5.0,8984.0,0.2626,0.4242,,59619.0,0.8824,0.6667,47863.0,27000.0,99.958
149772,Western Illinois University,Macomb,IL,Great Lakes,Town,Public,1,0,3,4,2.0,0.7118,,,,,4410.0,0.5878,0.5785,0.1866,0.1193,0.0129,15264.0,15264.0,28254.0,12937.0,10238.0,0.8537,12.0,12650.0,0.2806,0.3174,0.3770755222,36222.0,0.6137,0.4522,54163.0,25251.0,99.958
149781,Wheaton College,Wheaton,IL,Great Lakes,Suburb,Private nonprofit,1,0,3,4,2.0,0.874,1380.0,660.0,680.0,30.0,2121.0,0.5427,0.6723,0.0325,0.0872,0.0882,45546.0,45546.0,59263.0,26975.0,10473.0,0.6297,10.0,18388.0,0.2171,0.4332,,89742.0,0.9259,0.8475,63756.0,23250.0,99.958
150066,Anderson University,Anderson,IN,Great Lakes,City,Private nonprofit,1,0,3,4,2.0,0.7934,1035.0,530.0,530.0,22.0,1057.0,0.4834,0.7143,0.1069,0.0662,0.0132,37240.0,37240.0,51585.0,25021.0,6746.0,0.9759,10.0,11586.0,0.3626,0.5826,0.2316513761,59206.0,0.5993,0.5379,48899.0,27000.0,93.329
150136,Ball State University,Muncie,IN,Great Lakes,City,Public,1,0,3,4,2.0,0.855,1160.0,560.0,550.0,24.0,13988.0,0.6082,0.7182,0.1074,0.0797,0.0182,11082.0,29630.0,26146.0,14940.0,8408.0,0.767,14.0,10844.0,0.3471,0.4262,0.2772175946,61975.0,0.777,0.6234,51833.0,23250.0,93.329
150145,Bethel University,Mishawaka,IN,Great Lakes,City,Private nonprofit,1,0,3,4,2.0,0.9766,1014.0,,,,1008.0,0.5615,0.6617,0.0575,0.1151,0.0129,34600.0,34600.0,43885.0,18610.0,6402.0,1.0,12.0,8969.0,0.3349,0.4578,0.3245125348,45226.0,0.724,0.5322,48860.0,25000.0,93.329
150163,Butler University,Indianapolis,IN,Great Lakes,City,Private nonprofit,1,0,3,4,2.0,0.8508,1274.0,625.0,620.0,28.0,4317.0,0.6002,0.7681,0.0521,0.0737,0.0405,47560.0,47560.0,65970.0,36041.0,9694.0,0.9975,11.0,14447.0,0.1505,0.4266,0.1295116773,109207.0,0.8749,0.8038,77235.0,26000.0,93.329
150172,Calumet College of Saint Joseph,Whiting,IN,Great Lakes,Suburb,Private nonprofit,1,0,3,4,1.0,,,,,,529.0,0.327,0.3233,0.2873,0.3346,0.0076,23850.0,23850.0,32968.0,22451.0,6093.0,0.2955,11.0,7751.0,0.5161,0.5429,0.5182926829,28978.5,0.4228,0.2286,46945.0,21534.0,93.329
150215,Christian Theological Seminary,Indianapolis,IN,Great Lakes,City,Private nonprofit,1,0,4,4,,,,,,,,,,,,,,,,,7146.0,1.0,,24788.0,,,,,,,,,93.329
150288,Concordia Theological Seminary,Fort Wayne,IN,Great Lakes,City,Private nonprofit,1,0,4,4,,,,,,,,,,,,,,,,,7516.0,0.8077,,13729.0,,,,,,,,,93.329
150400,DePauw University,Greencastle,IN,Great Lakes,Town,Private nonprofit,1,0,3,3,2.0,0.5719,1340.0,630.0,660.0,28.0,1905.0,0.5008,0.5664,0.0598,0.0829,0.0247,59070.0,59070.0,74320.0,22264.0,10094.0,0.8542,10.0,24399.0,0.1637,0.317,0.1635111876,82288.0,0.8858,0.7469,70527.0,27000.0,93.329
150455,Earlham College,Richmond,IN,Great Lakes,Town,Private nonprofit,1,0,3,4,2.0,0.7311,1219.0,615.0,605.0,28.0,670.0,0.5254,0.5925,0.0806,0.0612,0.0224,53930.0,53930.0,67684.0,24714.0,8169.0,0.9583,7.0,38316.0,0.2441,0.4331,0.2262569832,62075.0,0.7723,0.69,50797.0,23488.0,93.329
150534,University of Evansville,Evansville,IN,Great Lakes,City,Private nonprofit,1,0,3,4,2.0,0.776,,575.0,575.0,26.0,1539.0,0.6017,0.7251,0.0461,0.0624,0.0299,44172.0,44172.0,57451.0,18499.0,8723.0,0.9244,10.0,14219.0,0.2447,0.4124,0.2745901639,68453.0,0.8333,0.6446,53770.0,24606.0,93.329
150604,Franklin College,Franklin,IN,Great Lakes,Suburb,Private nonprofit,1,0,3,4,2.0,0.698,1145.0,535.0,535.0,23.0,900.0,0.4989,0.7711,0.0622,0.0544,0.0111,38710.0,38710.0,54178.0,22855.0,7146.0,0.729,12.0,10297.0,0.3644,0.5423,0.2937625755,74443.0,0.7294,0.603,55376.0,27000.0,93.329
150668,Goshen College,Goshen,IN,Great Lakes,City,Private nonprofit,1,0,3,4,2.0,0.8407,950.0,565.0,565.0,27.0,773.0,0.5821,0.4424,0.0608,0.2743,0.0181,38890.0,38890.0,48449.0,14493.0,6513.0,0.5804,9.0,14298.0,0.3583,0.4748,0.3689839572,55672.0,0.8013,0.65,51943.0,22974.0,93.329
150677,Grace College and Theological Seminary,Winona Lake,IN,Great Lakes,Town,Private nonprofit,1,0,3,4,2.0,0.8215,1119.0,560.0,545.0,23.0,1464.0,0.5943,0.8026,0.0307,0.0751,0.0137,31200.0,31200.0,41838.0,19932.0,7538.0,0.9848,23.0,7409.0,0.2906,0.4975,0.2814009662,62574.0,0.7737,0.6877,45411.0,19500.0,93.329
150756,Hanover College,Hanover,IN,Great Lakes,Town,Private nonprofit,1,0,3,4,2.0,0.837,1201.0,615.0,595.0,28.0,1031.0,0.5005,0.8021,0.0398,0.0407,0.0039,44638.0,44638.0,58821.0,21829.0,8708.0,1.0,11.0,21982.0,0.2583,0.5166,0.2532188841,76697.5,0.8182,0.6713,53957.0,25250.0,93.329
150774,Holy Cross College,Notre Dame,IN,Great Lakes,Suburb,Private nonprofit,1,0,3,3,2.0,0.7518,,615.0,600.0,31.0,639.0,0.3349,0.5039,0.0704,0.2707,0.0172,36600.0,36600.0,50881.0,26728.0,7176.0,0.4217,13.0,7260.0,0.2975,0.7065,0.2881944444,63590.5,0.7039,0.7289,50416.0,24000.0,93.329
150941,Huntington University,Huntington,IN,Great Lakes,Town,Private nonprofit,1,0,3,4,2.0,0.7564,1052.0,564.0,545.0,22.0,1082.0,0.6118,0.7634,0.0471,0.0684,0.012,31870.0,31870.0,42157.0,19310.0,6692.0,1.0,11.0,11842.0,0.2737,0.3904,0.3109452736,57815.0,0.8381,0.636,46672.0,25576.0,93.329
151102,Purdue University Fort Wayne,Fort Wayne,IN,Great Lakes,City,Public,1,0,3,4,2.0,0.8389,1100.0,555.0,550.0,23.0,5484.0,0.4785,0.6789,0.0731,0.1134,0.0562,9532.0,22887.0,22183.0,13171.0,8912.0,0.9755,13.0,10031.0,0.2477,0.2402,0.3519736842,46408.0,0.6657,0.3627,45872.0,21500.0,93.329
151111,Indiana University-Indianapolis,Indianapolis,IN,Great Lakes,City,Public,1,0,3,4,2.0,0.7637,1139.0,570.0,565.0,25.0,13830.0,0.6726,0.5587,0.1265,0.1561,0.0783,10762.0,34891.0,23316.0,11668.0,9620.0,0.5255,13.0,23466.0,0.373,0.3316,0.3508614903,45002.0,0.7219,0.5445,55198.0,20000.0,93.329
151263,University of Indianapolis,Indianapolis,IN,Great Lakes,City,Private nonprofit,1,0,3,4,2.0,0.665,,,,,3005.0,0.5884,0.5664,0.1491,0.1128,0.0419,37200.0,37200.0,52590.0,21602.0,8128.0,1.0,12.0,10874.0,0.3258,0.3816,0.3181126332,55676.0,0.7104,0.5582,53610.0,26864.0,93.329
151290,Indiana Institute of Technology,Fort Wayne,IN,Great Lakes,City,Private nonprofit,1,0,3,4,2.0,0.7039,,,,,1441.0,0.3963,0.4532,0.1409,0.0812,0.0201,31361.0,31361.0,45879.0,23206.0,9234.0,1.0,16.0,3202.0,0.3518,0.689,0.5330149502,14380.0,0.5941,0.4779,47327.0,26391.0,93.329
151306,University of Southern Indiana,Evansville,IN,Great Lakes,Suburb,Public,1,0,1,4,2.0,0.9581,1141.0,565.0,560.0,24.0,5292.0,0.63,0.8262,0.041,0.0525,0.0198,10066.0,22907.0,22383.0,12923.0,8089.0,1.0,15.0,9774.0,0.229,0.2579,0.354708798,54413.0,0.75,0.4818,47605.0,20105.0,93.329
151324,Indiana State University,Terre Haute,IN,Great Lakes,City,Public,1,0,3,4,2.0,0.8077,,,,,6188.0,0.557,0.6629,0.1718,0.0747,0.0155,10258.0,22322.0,24535.0,10873.0,8104.0,0.6774,16.0,11403.0,0.4156,0.2599,0.3619030325,39723.0,0.6585,0.4288,48387.0,24000.0,93.329
151333,Indiana University-Kokomo,Kokomo,IN,Great Lakes,City,Public,1,0,3,4,2.0,0.8648,1065.0,550.0,540.0,23.0,2352.0,0.6679,0.75,0.0536,0.1284,0.0153,8424.0,22811.0,11837.0,3968.0,7243.0,0.5551,15.0,6947.0,0.334,0.3007,0.4026243094,41864.5,0.6934,0.4561,49917.0,16961.0,93.329
151342,Indiana University-South Bend,South Bend,IN,Great Lakes,City,Public,1,0,3,4,2.0,0.8384,1081.0,550.0,535.0,21.0,3933.0,0.654,0.5807,0.0862,0.2298,0.0203,8424.0,22811.0,17364.0,8653.0,7053.0,0.6033,15.0,7700.0,0.4267,0.3494,0.4102216192,40867.5,0.6509,0.4009,44947.0,21355.0,93.329
151351,Indiana University-Bloomington,Bloomington,IN,Great Lakes,City,Public,1,0,3,4,2.0,0.7821,1313.0,630.0,640.0,29.0,37806.0,0.4993,0.6528,0.0442,0.0864,0.1078,12144.0,41891.0,28801.0,16264.0,12043.0,0.8341,18.0,15334.0,0.1676,0.2695,0.2211493718,75001.0,0.9106,0.8021,63742.0,19509.0,93.329
151360,Indiana University-Northwest,Gary,IN,Great Lakes,Suburb,Public,1,0,3,4,2.0,0.7339,1055.0,535.0,505.0,22.0,2661.0,0.7377,0.4216,0.1977,0.2961,0.0289,8424.0,22811.0,13989.0,5130.0,7562.0,0.4838,15.0,9136.0,0.4255,0.3366,0.4537660747,36436.0,0.7136,0.3738,43361.0,21710.0,93.329
151379,Indiana University-Southeast,New Albany,IN,Great Lakes,Suburb,Public,1,0,3,4,2.0,0.8446,1072.0,560.0,525.0,23.0,3170.0,0.6224,0.8022,0.0587,0.0618,0.0221,8424.0,22811.0,16411.0,7888.0,7962.0,0.5145,13.0,8868.0,0.3229,0.294,0.4091116173,36062.5,0.6377,0.3919,47596.0,19684.0,93.329
151388,Indiana University-East,Richmond,IN,Great Lakes,Town,Public,1,0,3,4,2.0,0.6722,1061.0,560.0,550.0,22.0,2589.0,0.6647,0.7269,0.0699,0.0738,0.0301,8424.0,22811.0,16954.0,8134.0,8046.0,0.4257,15.0,7603.0,0.3543,0.3361,0.4462962963,35515.0,0.6176,0.3958,47156.0,18000.0,93.329
151777,Manchester University,North Manchester,IN,Great Lakes,Town,Private nonprofit,1,0,3,4,2.0,0.7106,,,,,936.0,0.4786,0.5064,0.062,0.0769,0.0064,37135.0,37135.0,49993.0,18805.0,8154.0,0.7121,12.0,11801.0,0.447,0.7005,0.3366906475,63382.5,0.6632,0.4608,51504.0,26854.0,93.329
151786,Marian University,Indianapolis,IN,Great Lakes,City,Private nonprofit,1,0,3,4,2.0,0.9546,,,,,2266.0,0.5724,0.5622,0.1664,0.1456,0.0243,40664.0,40664.0,56258.0,24018.0,7727.0,0.3822,13.0,12128.0,0.2853,0.6609,0.2917647059,49554.0,0.7588,0.6722,58759.0,27000.0,93.329
151801,Indiana Wesleyan University-Marion,Marion,IN,Great Lakes,Town,Private nonprofit,1,0,3,4,2.0,0.8894,1082.0,555.0,540.0,23.0,1974.0,0.6018,0.8161,0.0552,0.0496,0.0233,32352.0,32352.0,44776.0,22866.0,8247.0,1.0,12.0,15953.0,0.2708,0.7124,0.4741139964,35007.0,0.829,0.6671,59986.0,24250.0,93.329
151865,Anabaptist Mennonite Biblical Seminary,Elkhart,IN,Great Lakes,City,Private nonprofit,1,0,4,4,,,,,,,,,,,,,,,,,6948.0,0.75,,17113.0,,,,,,,,,93.329
151962,Mid-America College of Funeral Service,Jeffersonville,IN,Great Lakes,Suburb,Private nonprofit,1,0,2,3,1.0,,,,,,279.0,0.7634,0.7527,0.172,0.0108,0.0,19000.0,19000.0,35453.0,30606.0,5073.0,0.3939,13.0,4048.0,0.5134,0.6677,,28486.0,,0.3214,44505.0,16666.0,93.329
152080,University of Notre Dame,Notre Dame,IN,Great Lakes,Suburb,Private nonprofit,1,0,3,4,2.0,0.1127,1520.0,730.0,750.0,34.0,8818.0,0.4873,0.5939,0.0472,0.1532,0.0572,65025.0,65025.0,83271.0,26780.0,16830.0,0.8813,8.0,38658.0,0.1374,0.2467,0.1023765996,112232.0,0.9908,0.9517,99980.0,19000.0,93.329
152099,Oakland City University,Oakland City,IN,Great Lakes,Rural,Private nonprofit,1,0,3,4,2.0,0.8251,,535.0,535.0,19.0,499.0,0.3808,0.503,0.1463,0.0561,0.008,27900.0,27900.0,42441.0,15210.0,6073.0,0.3718,13.0,8592.0,0.4071,0.424,0.4416058394,41786.0,0.7769,0.6552,43283.0,16758.0,93.329
152318,Rose-Hulman Institute of Technology,Terre Haute,IN,Great Lakes,City,Private nonprofit,1,0,3,4,2.0,0.7686,1427.0,665.0,710.0,31.0,2309.0,0.2443,0.6851,0.026,0.0507,0.0788,58649.0,58649.0,77890.0,42513.0,11761.0,0.9567,12.0,19963.0,0.1181,0.4143,0.1438016529,105358.0,0.9167,0.7816,101253.0,25000.0,93.329
152336,University of Saint Francis-Fort Wayne,Fort Wayne,IN,Great Lakes,City,Private nonprofit,1,0,3,4,2.0,0.9597,981.0,530.0,525.0,22.0,1567.0,0.6726,0.6509,0.1098,0.1276,0.0102,36460.0,36460.0,47223.0,18196.0,7265.0,0.9548,11.0,11311.0,0.4385,0.614,0.3594339623,52419.0,0.7072,0.5497,55362.0,25976.0,93.329
152381,Saint Mary-of-the-Woods College,Saint Mary of the Woods,IN,Great Lakes,Rural,Private nonprofit,1,0,3,4,2.0,0.7239,,535.0,513.0,20.0,853.0,0.6858,0.7972,0.1137,0.0352,0.0117,35270.0,35270.0,49512.0,31872.0,5652.0,0.2555,9.0,5714.0,0.4989,0.4833,0.3964646465,37057.0,0.6184,0.4663,43845.0,19512.0,93.329
152390,Saint Mary's College,Notre Dame,IN,Great Lakes,Suburb,Private nonprofit,1,0,3,4,2.0,0.7597,1246.0,588.0,573.0,26.0,1458.0,1.0,0.7428,0.0219,0.1639,0.0151,53230.0,53230.0,66478.0,25292.0,7935.0,0.6897,9.0,16031.0,0.2388,0.5604,0.1979865772,87888.0,0.881,0.6933,59354.0,27000.0,93.329
152451,Saint Meinrad School of Theology,St. Meinrad,IN,Great Lakes,Rural,Private nonprofit,1,0,4,4,,,,,,,,,,,,,,,,,9847.0,1.0,,13581.0,,,,,,,,,93.329
152530,Taylor University,Upland,IN,Great Lakes,Rural,Private nonprofit,1,0,3,4,2.0,0.7353,1220.0,,,,2025.0,0.5407,0.8064,0.0247,0.04,0.0301,40490.0,40490.0,53405.0,24865.0,7744.0,0.6449,14.0,11366.0,0.1349,0.2909,0.1456582633,73593.0,0.8929,0.7381,52198.0,20500.0,93.329
152567,Trine University,Angola,IN,Great Lakes,Town,Private nonprofit,1,0,3,4,2.0,0.8548,,560.0,575.0,25.0,2324.0,0.3903,0.8249,0.0491,0.0413,0.0138,36560.0,36560.0,51109.0,25355.0,8043.0,0.2222,16.0,7288.0,0.1556,0.3878,0.3215613383,56102.0,0.7994,0.6438,57165.0,25000.0,93.329
152600,Valparaiso University,Valparaiso,IN,Great Lakes,Suburb,Private nonprofit,1,0,3,4,2.0,0.8943,1178.0,,,,2083.0,0.5675,0.6639,0.0629,0.1378,0.037,48450.0,48450.0,58437.0,18578.0,8127.0,0.7044,10.0,11626.0,0.2732,0.5193,0.2881355932,70535.0,0.754,0.7037,63191.0,26942.0,93.329
152637,Vincennes University,Vincennes,IN,Great Lakes,Town,Public,1,0,1,3,1.0,,,,,,3657.0,0.475,0.7479,0.0834,0.0837,0.0142,7126.0,16858.0,21310.0,11225.0,6766.0,0.2185,27.0,7366.0,0.0882,0.0744,0.4161235819,31863.0,0.5,0.3892,41110.0,12000.0,93.329
152673,Wabash College,Crawfordsville,IN,Great Lakes,Town,Private nonprofit,1,0,3,3,2.0,0.633,1180.0,620.0,620.0,26.0,866.0,0.0,0.7055,0.0439,0.1351,0.0115,50800.0,50800.0,65144.0,24336.0,9533.0,0.9583,9.0,19824.0,0.2367,0.6178,,88462.0,0.9295,0.7701,69952.0,27000.0,93.329
152798,Allen College,Waterloo,IA,Plains,City,Private nonprofit,1,0,3,4,,,,,,,261.0,0.9234,0.7701,0.0115,0.0153,0.0115,,,,,8203.0,0.6133,8.0,10879.0,0.2401,0.6846,,56247.0,,,71261.0,18750.0,87.762
152992,Briar Cliff University,Sioux City,IA,Plains,City,Private nonprofit,1,0,3,4,1.0,,,,,,624.0,0.4599,0.5865,0.0737,0.149,0.008,36956.0,36956.0,51493.0,23907.0,6888.0,0.6263,10.0,10458.0,0.5318,0.4809,0.3641207815,44561.0,0.6424,0.4751,54475.0,23250.0,87.762
153001,Buena Vista University,Storm Lake,IA,Plains,Town,Private nonprofit,1,0,3,4,2.0,0.7761,1120.0,532.0,520.0,22.0,1366.0,0.6347,0.7811,0.0315,0.1259,0.0132,41798.0,41798.0,54222.0,18846.0,6912.0,0.3252,13.0,7966.0,0.4376,0.6706,0.352553542,40952.0,0.7604,0.6169,49156.0,25000.0,87.762
153108,Central College,Pella,IA,Plains,Town,Private nonprofit,1,0,3,3,2.0,0.8617,1147.0,565.0,565.0,22.0,1070.0,0.4514,0.8794,0.0196,0.0449,0.0037,20988.0,20988.0,37773.0,23377.0,7780.0,0.8108,11.0,13107.0,0.2228,0.7023,0.214801444,81191.5,0.7993,0.6619,54317.0,26984.0,87.762
153126,Clarke University,Dubuque,IA,Plains,City,Private nonprofit,1,0,3,4,2.0,0.7183,1054.0,505.0,505.0,21.0,742.0,0.4596,0.5216,0.1334,0.1173,0.0175,40910.0,40910.0,55782.0,24479.0,6842.0,0.6581,9.0,10352.0,0.3673,0.7384,0.2935064935,66479.0,0.6734,0.5612,55396.0,26717.0,87.762
153144,Coe College,Cedar Rapids,IA,Plains,City,Private nonprofit,1,0,3,3,2.0,0.6404,1223.0,,,,1164.0,0.4957,0.6366,0.1022,0.1375,0.0155,54666.0,54666.0,67372.0,18745.0,7291.0,1.0,11.0,10383.0,0.3584,0.6784,0.2352024922,73952.5,0.727,0.659,57125.0,27000.0,87.762
153162,Cornell College,Mount Vernon,IA,Plains,Town,Private nonprofit,1,0,3,3,2.0,0.799,1234.0,660.0,620.0,27.0,1086.0,0.4632,0.686,0.0829,0.1142,0.0368,52660.0,52660.0,66249.0,23634.0,7926.0,1.0,14.0,13213.0,0.3207,0.6534,0.195754717,80000.0,0.7953,0.6182,53460.0,27000.0,87.762
153241,Divine Word College,Epworth,IA,Plains,Rural,Private nonprofit,1,0,3,3,1.0,,,,,,64.0,0.4844,0.0781,0.0156,0.0313,0.1094,15600.0,15600.0,,,7261.0,0.6786,5.0,34808.0,0.0984,0.0,,1823.0,0.3333,1.0,,,87.762
153250,Dordt University,Sioux Center,IA,Plains,Town,Private nonprofit,1,0,3,4,2.0,0.6847,1221.0,580.0,590.0,25.0,1597.0,0.5041,0.8103,0.0063,0.0225,0.0094,37050.0,37050.0,51733.0,25807.0,7251.0,0.5934,14.0,11202.0,0.2018,0.4088,0.1224862888,83534.5,0.8465,0.7014,52559.0,21500.0,87.762
153269,Drake University,Des Moines,IA,Plains,City,Private nonprofit,1,0,3,4,2.0,0.6385,1292.0,655.0,645.0,28.0,2543.0,0.6079,0.6815,0.0779,0.0948,0.0464,52130.0,52130.0,64835.0,29127.0,10431.0,0.7226,11.0,13803.0,0.2169,0.4445,0.1530054645,89603.0,0.8409,0.7403,71901.0,23000.0,87.762
153278,University of Dubuque,Dubuque,IA,Plains,City,Private nonprofit,1,0,3,4,2.0,0.8863,1110.0,,,,1440.0,0.3938,0.7056,0.0896,0.0375,0.0139,42095.0,42095.0,53806.0,23386.0,7559.0,1.0,10.0,13822.0,0.3984,0.7019,0.3612204724,41836.5,0.7656,0.4008,51190.0,25750.0,87.762
153302,Emmaus Bible College,Dubuque,IA,Plains,City,Private nonprofit,1,0,1,3,2.0,0.5979,1161.0,615.0,555.0,22.0,224.0,0.4732,0.7188,0.0223,0.0491,0.0223,20800.0,20800.0,30971.0,13186.0,5171.0,0.641,8.0,8352.0,0.4315,0.269,,44972.0,0.8293,0.8298,42631.0,15750.0,87.762
153320,Faith Baptist Bible College and Theological Seminary,Ankeny,IA,Plains,Suburb,Private nonprofit,1,0,3,4,2.0,0.6752,1109.0,580.0,520.0,24.0,405.0,0.5407,0.8543,0.0198,0.037,0.0173,20270.0,20270.0,32722.0,16282.0,5909.0,0.4231,14.0,6214.0,0.3533,0.2085,,48044.0,0.7662,0.6753,40650.0,12971.0,87.762
153366,Graceland University-Lamoni,Lamoni,IA,Plains,Rural,Private nonprofit,1,0,3,4,2.0,0.8083,,495.0,505.0,20.0,798.0,0.4123,0.4486,0.2018,0.1441,0.0075,20950.0,20950.0,48294.0,18504.0,6885.0,1.0,12.0,11650.0,0.4923,0.7758,0.3758212878,49130.0,0.5504,0.4195,47361.0,21212.0,87.762
153375,Grand View University,Des Moines,IA,Plains,City,Private nonprofit,1,0,3,4,2.0,0.9909,,500.0,500.0,20.0,1486.0,0.5471,0.5384,0.0962,0.1272,0.0417,34762.0,34762.0,48522.0,21774.0,7384.0,0.411,12.0,7383.0,0.4504,0.7154,0.3602040816,50047.5,0.7015,0.5399,52824.0,22500.0,87.762
153384,Grinnell College,Grinnell,IA,Plains,Town,Private nonprofit,1,0,3,3,2.0,0.1451,1486.0,710.0,740.0,32.0,1729.0,0.5437,0.4841,0.0468,0.0873,0.0972,68106.0,68106.0,83440.0,17648.0,12576.0,0.8149,9.0,32882.0,0.1786,0.1273,0.1756097561,74915.5,0.9256,0.8812,62830.0,17500.0,87.762
153427,Orion Technical College,Davenport,IA,Plains,City,Private for-profit,1,0,1,3,1.0,,,,,,41.0,0.5854,0.4878,0.1951,0.2195,0.0,15600.0,15600.0,30641.0,26439.0,4148.0,,6.0,4986.0,0.3973,0.4247,0.4748603352,20621.0,,0.8065,37008.0,9500.0,87.762
153603,Iowa State University,Ames,IA,Plains,City,Public,1,0,3,4,2.0,0.8866,1204.0,595.0,612.0,25.0,25367.0,0.448,0.7492,0.0244,0.0704,0.0422,10787.0,28881.0,24018.0,18589.0,12702.0,0.843,18.0,12347.0,0.1877,0.4334,0.1991840151,76488.0,0.8757,0.7532,63386.0,22869.0,87.762
153658,University of Iowa,Iowa City,IA,Plains,City,Public,1,0,3,4,2.0,0.8362,1200.0,625.0,615.0,26.0,22264.0,0.5665,0.7441,0.0279,0.0889,0.0444,11283.0,33371.0,28596.0,22531.0,12922.0,0.8758,16.0,15714.0,0.1835,0.4185,0.2231285357,72993.0,0.9036,0.7463,64762.0,22500.0,87.762
153825,Loras College,Dubuque,IA,Plains,City,Private nonprofit,1,0,3,4,2.0,0.9986,,,,,1083.0,0.4146,0.7452,0.0416,0.0822,0.0111,39824.0,39824.0,50537.0,20716.0,7039.0,0.7398,12.0,8934.0,0.2336,0.5805,0.1727416799,85517.5,0.8228,0.676,58289.0,26000.0,87.762
153834,Luther College,Decorah,IA,Plains,Town,Private nonprofit,1,0,3,3,2.0,0.7154,1218.0,579.0,624.0,26.0,1379.0,0.5207,0.7078,0.0442,0.0638,0.0123,52120.0,52120.0,65461.0,23097.0,8115.0,0.8765,9.0,17234.0,0.2044,0.648,0.1284634761,92364.0,0.7699,0.7112,59850.0,27000.0,87.762
153861,Maharishi International University,Fairfield,IA,Plains,Town,Private nonprofit,1,0,3,4,2.0,0.957,,,,,922.0,0.7863,0.3861,0.0738,0.102,0.0141,16530.0,16530.0,27892.0,14956.0,4582.0,0.938,13.0,7694.0,0.5689,0.6525,0.3376623377,8040.0,0.6129,0.5,27981.0,24781.0,87.762
153977,Mercy College of Health Sciences,Des Moines,IA,Plains,City,Private nonprofit,1,0,3,4,2.0,0.9971,980.0,,,20.0,867.0,0.8731,0.6424,0.1223,0.1361,0.0623,17664.0,17664.0,34398.0,26924.0,6328.0,0.3864,7.0,9862.0,0.3392,0.6331,0.3460803059,41783.0,0.6923,0.6552,62234.0,14745.0,87.762
154004,Morningside University,Sioux City,IA,Plains,City,Private nonprofit,1,0,3,4,2.0,0.7104,,,,,1163.0,0.5116,0.5434,0.0361,0.1023,0.0095,39660.0,39660.0,52577.0,31320.0,7538.0,1.0,12.0,8726.0,0.3387,0.6604,0.2346153846,71161.5,0.7418,0.5014,55494.0,26028.0,87.762
154013,Mount Mercy University,Cedar Rapids,IA,Plains,City,Private nonprofit,1,0,3,4,2.0,0.8252,,,,,1107.0,0.5863,0.5592,0.0569,0.0768,0.0217,40878.0,40878.0,55054.0,20168.0,6815.0,1.0,14.0,7653.0,0.2667,0.5342,0.2881987578,50311.5,0.7277,0.5774,60787.0,23699.0,87.762
154022,The University of Arizona Global Campus,Chandler,AZ,Southwest,City,Public,1,0,3,4,1.0,,,,,,20152.0,0.6104,0.3695,0.2945,0.2148,0.0248,11960.0,11960.0,37594.0,31266.0,7113.0,0.0499,13.0,1727.0,0.3207,0.332,0.5429005315,17066.0,0.3473,0.1068,35404.0,31250.0,100.677
154095,University of Northern Iowa,Cedar Falls,IA,Plains,City,Public,1,0,3,4,2.0,0.9274,1122.0,535.0,550.0,23.0,7529.0,0.613,0.8303,0.0344,0.0623,0.017,9936.0,21712.0,22278.0,15901.0,8542.0,0.7037,18.0,11070.0,0.2739,0.4639,0.2248966691,70582.5,0.8166,0.6792,55177.0,19691.0,87.762
154101,Northwestern College,Orange City,IA,Plains,Town,Private nonprofit,1,0,3,4,2.0,0.8036,,545.0,545.0,24.0,1175.0,0.5234,0.8111,0.0162,0.0681,0.017,36710.0,36710.0,49783.0,25907.0,7580.0,0.9877,15.0,8295.0,0.247,0.5611,0.1347826087,81300.0,0.735,0.6605,49802.0,23249.0,87.762
154156,Des Moines University-Osteopathic Medical Center,West Des Moines,IA,Plains,Rural,Private nonprofit,1,0,4,4,,,,,,,,,,,,,,,,,9042.0,0.4545,,18793.0,,,,,,,,,87.762
154174,Palmer College of Chiropractic,Davenport,IA,Plains,City,Private nonprofit,1,0,3,4,,,,,,,43.0,0.3256,0.7907,0.0465,0.1163,0.0,,,,,6492.0,0.8943,9.0,11518.0,0.2128,0.6383,,17737.0,,,59483.0,,87.762
154235,Saint Ambrose University,Davenport,IA,Plains,City,Private nonprofit,1,0,3,4,2.0,0.7733,1093.0,550.0,560.0,24.0,1916.0,0.5308,0.6587,0.0835,0.1091,0.0177,36658.0,36658.0,51141.0,24691.0,7663.0,1.0,11.0,11705.0,0.3155,0.6443,0.284457478,69543.5,0.7577,0.6103,59531.0,25000.0,87.762
154262,St Luke's College,Sioux City,IA,Plains,City,Private nonprofit,1,0,2,3,2.0,0.8,980.0,,,,167.0,0.9222,0.6168,0.0898,0.1737,0.006,24175.0,24175.0,27647.0,19820.0,6529.0,0.6389,7.0,11281.0,0.5,0.7704,0.3603603604,37926.0,,1.0,61033.0,15000.0,87.762
154350,Simpson College,Indianola,IA,Plains,Town,Private nonprofit,1,0,3,4,2.0,0.8622,1440.0,525.0,560.0,24.0,1227.0,0.4955,0.7245,0.0424,0.1288,0.0187,47656.0,47656.0,61227.0,21936.0,6723.0,0.5161,12.0,12667.0,0.3456,0.7061,0.2335664336,72990.5,0.8129,0.6333,59274.0,26000.0,87.762
154493,Upper Iowa University,Fayette,IA,Plains,Rural,Private nonprofit,1,0,3,4,2.0,0.9646,1090.0,490.0,470.0,21.0,1994.0,0.5888,0.5918,0.1805,0.0933,0.015,19475.0,19475.0,34022.0,20942.0,6035.0,1.0,25.0,4027.0,0.3179,0.4046,0.4507973551,31130.0,0.6774,0.3389,52766.0,25000.0,87.762
154518,Waldorf University,Forest City,IA,Plains,Rural,Private nonprofit,1,0,3,4,2.0,0.7698,,,,,1827.0,0.3711,0.5731,0.1626,0.0361,0.0159,25978.0,25978.0,39675.0,19693.0,5766.0,0.3701,22.0,3138.0,0.3552,0.3934,0.4625735913,40142.0,0.4414,0.2114,51165.0,18752.0,87.762
154527,Wartburg College,Waverly,IA,Plains,Town,Private nonprofit,1,0,3,4,2.0,0.7584,1136.0,531.0,555.0,23.0,1452.0,0.4456,0.8058,0.0489,0.0427,0.0048,26250.0,26250.0,64359.0,32908.0,7194.0,1.0,13.0,10199.0,0.2212,0.6726,0.1735015773,83925.5,0.7571,0.643,56201.0,27000.0,87.762
154536,Wartburg Theological Seminary,Dubuque,IA,Plains,City,Private nonprofit,1,0,4,4,,,,,,,,,,,,,,,,,6938.0,1.0,,8916.0,,,,,,,,,87.762
154590,William Penn University,Oskaloosa,IA,Plains,Town,Private nonprofit,1,0,3,4,2.0,0.5188,984.0,475.0,455.0,19.0,1301.0,0.4673,0.5596,0.1822,0.0938,0.0023,29750.0,29750.0,42874.0,22601.0,6394.0,1.0,15.0,5781.0,0.4727,0.8772,0.3829516539,38157.0,0.5816,0.3262,48936.0,22415.0,87.762
154688,Baker University,Baldwin City,KS,Plains,Rural,Private nonprofit,1,0,3,4,2.0,0.9419,,510.0,540.0,21.0,1100.0,0.5264,0.6545,0.0973,0.1145,0.0136,35300.0,35300.0,50918.0,25301.0,6570.0,0.2315,13.0,8182.0,0.2574,0.4434,0.3628922237,55117.0,0.658,0.5779,63855.0,25000.0,90.068
154712,Benedictine College,Atchison,KS,Plains,Town,Private nonprofit,1,0,3,4,2.0,0.9812,1252.0,625.0,600.0,26.0,2272.0,0.4947,0.7434,0.026,0.1338,0.0154,36350.0,36350.0,52206.0,27891.0,8331.0,1.0,16.0,8346.0,0.1878,0.4906,0.1496062992,95543.0,0.8323,0.6158,53175.0,24599.0,90.068
154721,Bethany College,Lindsborg,KS,Plains,Rural,Private nonprofit,1,0,3,3,2.0,0.56,,458.0,455.0,20.0,569.0,0.3357,0.4692,0.1951,0.2566,0.0088,33000.0,33000.0,53738.0,27686.0,4596.0,1.0,12.0,6693.0,0.4819,0.7017,0.3325842697,45677.0,0.4253,0.3574,49694.0,23250.0,90.068
154749,Bethel College-North Newton,North Newton,KS,Plains,Town,Private nonprofit,1,0,3,3,2.0,0.935,,540.0,535.0,22.0,504.0,0.494,0.4722,0.2063,0.1825,0.0179,35014.0,35014.0,52193.0,32917.0,6033.0,0.5735,11.0,8421.0,0.4056,0.7058,0.3440514469,42987.5,0.6188,0.4112,49898.0,24000.0,90.068
154855,Central Christian College of Kansas,McPherson,KS,Plains,Town,Private nonprofit,1,0,3,4,2.0,0.5271,,,,,380.0,0.4368,0.4921,0.1526,0.2211,0.0105,21000.0,21000.0,33327.0,11404.0,4534.0,0.1967,15.0,3254.0,0.524,0.6979,0.4761029412,30263.0,0.45,0.2697,44468.0,27000.0,90.068
155007,Donnelly College,Kansas City,KS,Plains,City,Private nonprofit,1,0,2,3,1.0,,,,,,395.0,0.7924,0.119,0.4506,0.3468,0.043,10440.0,10440.0,21659.0,11476.0,4489.0,0.5,11.0,13361.0,0.6676,0.3524,0.60625,22484.5,0.5789,0.4583,35715.0,11842.0,90.068
155025,Emporia State University,Emporia,KS,Plains,Town,Public,1,0,3,4,2.0,0.9771,1120.0,,,,2239.0,0.6405,0.6833,0.0438,0.1277,0.0071,7106.0,15419.0,21967.0,16261.0,6918.0,0.913,16.0,8688.0,0.3449,0.59,0.3396099529,51017.0,0.7685,0.561,47601.0,19500.0,90.068
155061,Fort Hays State University,Hays,KS,Plains,Town,Public,1,0,3,4,2.0,0.9026,1089.0,,,,9733.0,0.6202,0.4957,0.0301,0.0694,0.0229,5923.0,17741.0,19909.0,12569.0,7997.0,0.5147,15.0,6655.0,0.2278,0.243,0.385026738,42453.5,0.7688,0.477,48928.0,21000.0,90.068
155070,Barclay College,Haviland,KS,Plains,Rural,Private nonprofit,1,0,3,4,2.0,0.5098,,,,,168.0,0.4643,0.4643,0.2143,0.2024,0.0179,24590.0,24590.0,42890.0,29290.0,6275.0,0.7692,8.0,7867.0,0.5148,0.5207,0.4031007752,37489.5,0.5238,0.3226,36355.0,27000.0,90.068
155089,Friends University,Wichita,KS,Plains,City,Private nonprofit,1,0,3,4,2.0,0.5522,1080.0,,506.0,21.0,1048.0,0.4981,0.5191,0.0992,0.208,0.0095,34192.0,34192.0,50482.0,27715.0,7013.0,0.3144,12.0,5033.0,0.3021,0.5788,0.3576271186,45678.0,0.6545,0.4335,52113.0,25000.0,90.068
155140,Haskell Indian Nations University,Lawrence,KS,Plains,City,Public,1,0,2,3,2.0,0.9036,,,,,978.0,0.5613,0.0,0.0,0.0,0.0,600.0,600.0,9581.0,3134.0,7191.0,,22.0,8071.0,0.6503,0.0,0.4005449591,22822.0,,0.1795,37043.0,,90.068
155177,Hesston College,Hesston,KS,Plains,Rural,Private nonprofit,1,0,2,3,1.0,,,,,,372.0,0.5108,0.4382,0.0887,0.207,0.0188,32936.0,32936.0,47450.0,26299.0,5585.0,0.6038,12.0,14848.0,0.3799,0.6623,0.2491909385,53079.5,0.7778,0.6061,47495.0,12000.0,90.068
155283,Concorde Career College-Kansas City,Kansas City,MO,Plains,City,Private for-profit,1,0,1,3,2.0,0.9633,,,,,198.0,0.899,0.1818,0.2626,0.2374,0.0051,,,,29500.0,7432.0,0.6548,22.0,10943.0,0.6817,0.708,0.5297580118,17899.0,,0.5286,35242.0,9500.0,90.817
155308,Kansas Christian College,Overland Park,KS,Plains,City,Private nonprofit,1,0,3,4,1.0,,,,,,143.0,0.2308,0.2867,0.2727,0.1888,0.035,11720.0,11720.0,20997.0,15313.0,2555.0,0.5,10.0,5673.0,0.6294,0.6014,0.4693877551,22180.0,0.4545,0.098,,,90.068
155317,University of Kansas,Lawrence,KS,Plains,City,Public,1,0,3,4,2.0,0.9348,1190.0,605.0,605.0,25.0,21217.0,0.5357,0.6932,0.0429,0.1083,0.0599,12102.0,30432.0,26751.0,18059.0,11338.0,0.7787,18.0,22979.0,0.2047,0.3735,0.2222402072,64240.5,0.8649,0.6881,61945.0,21000.0,90.068
155335,Newman University,Wichita,KS,Plains,City,Private nonprofit,1,0,3,4,2.0,0.7398,,,,21.0,851.0,0.6486,0.4771,0.0494,0.2938,0.0247,35500.0,35500.0,46489.0,19971.0,6512.0,1.0,16.0,5539.0,0.1226,0.1668,0.394,42909.0,0.6887,0.5281,55041.0,20801.0,90.068
155399,Kansas State University,Manhattan,KS,Plains,City,Public,1,0,3,4,2.0,0.8169,1151.0,,,,15142.0,0.5126,0.7885,0.0291,0.0968,0.0194,11221.0,28568.0,27402.0,19406.0,10853.0,0.9014,19.0,12603.0,0.2071,0.3629,0.2247913769,67000.0,0.8559,0.7108,57262.0,21250.0,90.068
155414,Kansas Wesleyan University,Salina,KS,Plains,Town,Private nonprofit,1,0,3,4,2.0,0.719,,,,,956.0,0.432,0.568,0.1151,0.1778,0.0084,34630.0,34630.0,47437.0,22671.0,6316.0,1.0,16.0,5144.0,0.3915,0.7086,0.3304904051,49181.0,0.6008,0.4863,51152.0,23250.0,90.068
155496,Manhattan Christian College,Manhattan,KS,Plains,City,Private nonprofit,1,0,3,3,2.0,1.0,1020.0,,,22.0,146.0,0.5,0.7603,0.1164,0.0685,0.0137,19126.0,19126.0,34466.0,24213.0,5504.0,0.36,10.0,5608.0,0.4681,0.5674,0.2689655172,49684.0,0.7667,0.4429,48860.0,24250.0,90.068
155511,McPherson College,McPherson,KS,Plains,Town,Private nonprofit,1,0,3,4,2.0,0.7676,1058.0,,,,872.0,0.3268,0.5241,0.1353,0.1445,0.0195,37310.0,37310.0,50611.0,26441.0,7375.0,0.9245,16.0,10231.0,0.3794,0.6371,0.3056234719,57117.0,0.6515,0.3392,52084.0,25242.0,90.068
155520,MidAmerica Nazarene University,Olathe,KS,Plains,Suburb,Private nonprofit,1,0,3,4,2.0,0.788,1048.0,438.0,468.0,20.0,983.0,0.5168,0.5931,0.1424,0.0946,0.0142,37174.0,37174.0,57355.0,32165.0,6477.0,0.1897,11.0,6776.0,0.3122,0.5232,0.322496749,45283.0,0.6986,0.5361,62972.0,15000.0,90.068
155627,Ottawa University-Ottawa,Ottawa,KS,Plains,Town,Private nonprofit,1,0,3,4,2.0,0.8296,1000.0,500.0,480.0,18.0,870.0,0.3816,0.5023,0.1494,0.1885,0.0103,35880.0,35880.0,51856.0,27963.0,6778.0,0.9429,12.0,2407.0,0.3675,0.7553,0.4008683068,37231.5,0.583,0.279,55552.0,21500.0,90.068
155636,Ottawa University-Kansas City,Overland Park,KS,Plains,City,Private nonprofit,0,0,3,4,,,,,,,219.0,0.8128,0.6804,0.1233,0.1142,0.0274,,,,,7181.0,0.9375,6.0,1679.0,0.4912,0.6372,0.4008683068,37231.5,,,55552.0,21500.0,90.068
155681,Pittsburg State University,Pittsburg,KS,Plains,Town,Public,1,0,3,4,2.0,0.8942,1050.0,,,21.0,4210.0,0.5069,0.7765,0.0323,0.0803,0.0088,8400.0,19744.0,22099.0,15784.0,8130.0,0.6612,14.0,9572.0,0.3046,0.4148,0.3232231779,49467.0,0.7719,0.5659,50579.0,18969.0,90.068
155812,University of Saint Mary,Leavenworth,KS,Plains,Town,Private nonprofit,1,0,3,4,2.0,0.8663,1029.0,,,,925.0,0.4497,0.4519,0.1568,0.2432,0.0173,35380.0,35380.0,48728.0,22519.0,6758.0,0.4807,11.0,8885.0,0.3815,0.6946,0.3571428571,55329.0,0.65,0.4776,59483.0,22018.0,90.068
155900,Southwestern College,Winfield,KS,Plains,Town,Private nonprofit,1,0,3,4,2.0,0.7555,,510.0,505.0,19.0,924.0,0.3366,0.4264,0.1786,0.1634,0.0238,39822.0,39822.0,58432.0,29824.0,6799.0,1.0,10.0,6496.0,0.4085,0.4855,0.3984251969,39347.0,0.559,0.3568,55646.0,25000.0,90.068
155937,Sterling College,Sterling,KS,Plains,Rural,Private nonprofit,1,0,3,4,2.0,0.4817,,536.0,546.0,22.0,538.0,0.4164,0.5204,0.0967,0.1747,0.0056,33700.0,33700.0,47185.0,22371.0,4904.0,0.6234,8.0,6665.0,0.3706,0.4882,0.340974212,45058.0,0.5035,0.4129,45846.0,24625.0,90.068
155973,Tabor College,Hillsboro,KS,Plains,Rural,Private nonprofit,1,0,3,4,2.0,0.6458,,,,,494.0,0.3947,0.5911,0.087,0.1498,0.002,36200.0,36200.0,50350.0,20205.0,6159.0,0.6604,15.0,8066.0,0.3804,0.5938,0.3139841689,49304.5,0.5271,0.3374,54058.0,23887.0,90.068
156082,Washburn University,Topeka,KS,Plains,City,Public,1,0,3,4,1.0,,,,,,4562.0,0.6613,0.5905,0.0866,0.1618,0.0105,9945.0,20949.0,21512.0,15280.0,8816.0,0.6172,15.0,10422.0,0.3359,0.3103,0.3781033781,36446.0,0.6803,0.5296,49774.0,18127.0,90.068
156125,Wichita State University,Wichita,KS,Plains,City,Public,1,0,3,4,2.0,0.9395,1092.0,552.0,550.0,23.0,10780.0,0.562,0.5427,0.0709,0.1814,0.0781,9684.0,19869.0,21780.0,13194.0,9205.0,0.6419,19.0,9179.0,0.3055,0.3172,0.3633893281,43391.0,0.693,0.5103,51532.0,20500.0,90.068
156189,Alice Lloyd College,Pippa Passes,KY,Southeast,Rural,Private nonprofit,1,0,3,3,2.0,0.7523,1015.0,505.0,445.0,20.0,558.0,0.5054,0.914,0.0341,0.0197,0.0018,13960.0,13960.0,31200.0,18600.0,5404.0,0.7692,15.0,6694.0,0.5829,0.4385,0.4678899083,39463.0,0.5657,0.3892,40573.0,19599.0,90.159
156213,Asbury University,Wilmore,KY,Southeast,Town,Private nonprofit,1,0,3,4,2.0,0.634,,,,,1420.0,0.6155,0.757,0.0366,0.0655,0.0169,33640.0,33640.0,47459.0,21401.0,7374.0,0.4574,13.0,10617.0,0.2767,0.4078,0.2362318841,55322.0,0.8333,0.6498,42368.0,24028.0,90.159
156222,Asbury Theological Seminary,Wilmore,KY,Southeast,Town,Private nonprofit,1,0,4,4,,,,,,,,,,,,,,,,,9023.0,0.9792,,10916.0,,,,13154.5,,,,,90.159
156286,Bellarmine University,Louisville,KY,Southeast,City,Private nonprofit,1,0,3,4,2.0,0.8611,1210.0,595.0,600.0,24.0,2161.0,0.6099,0.6738,0.106,0.1004,0.031,48770.0,48770.0,61691.0,21499.0,8508.0,0.4876,12.0,11447.0,0.3071,0.4892,0.2726480836,68249.0,0.7512,0.6436,62069.0,25000.0,90.159
156295,Berea College,Berea,KY,Southeast,Town,Private nonprofit,1,0,3,3,2.0,0.1934,1249.0,598.0,596.0,26.0,1513.0,0.5902,0.4184,0.1963,0.1758,0.037,51658.0,51658.0,60718.0,6106.0,9259.0,0.8684,9.0,23470.0,0.8373,0.076,0.4057771664,22742.0,0.7918,0.5822,43150.0,3591.0,90.159
156356,Brescia University,Owensboro,KY,Southeast,City,Private nonprofit,1,0,3,4,2.0,0.3524,,525.0,530.0,22.0,545.0,0.5541,0.5761,0.1266,0.0624,0.0257,31550.0,31550.0,44328.0,8709.0,6182.0,0.6,13.0,8749.0,0.4265,0.5191,0.4521072797,34373.0,0.6741,0.5371,45500.0,29430.0,90.159
156365,Campbellsville University,Campbellsville,KY,Southeast,Town,Private nonprofit,1,0,3,4,2.0,0.7974,,,,,2840.0,0.6067,0.6542,0.1394,0.0394,0.0095,27998.0,27998.0,42603.0,19341.0,6787.0,0.4102,19.0,5539.0,0.2005,0.1847,0.4664842681,34000.0,0.645,0.4201,41583.0,17156.0,90.159
156408,Centre College,Danville,KY,Southeast,Town,Private nonprofit,1,0,3,3,2.0,0.5436,1352.0,650.0,700.0,30.0,1400.0,0.52,0.7236,0.0643,0.0736,0.0486,52820.0,52820.0,67787.0,20781.0,9723.0,0.9241,10.0,24174.0,0.2264,0.4867,0.2025641026,84855.5,0.875,0.8067,66240.0,27000.0,90.159
156417,Clear Creek Baptist Bible College,Pineville,KY,Southeast,Rural,Private nonprofit,1,0,3,4,1.0,,,,,,159.0,0.1195,0.9182,0.0314,0.0,0.0063,10720.0,10720.0,21040.0,10949.0,4702.0,0.6667,12.0,5453.0,0.4485,0.0,,29081.0,0.875,0.3846,41623.0,,90.159
156471,Galen College of Nursing-Louisville,Louisville,KY,Southeast,City,Private for-profit,1,0,3,4,1.0,,,,,,4801.0,0.8911,0.4893,0.1408,0.0646,0.0315,,,,18540.0,6905.0,0.4066,12.0,3793.0,0.2461,0.3487,0.4930104843,32673.5,0.7959,0.6146,61480.0,24166.0,90.159
156541,University of the Cumberlands,Williamsburg,KY,Southeast,Town,Private nonprofit,1,0,3,4,2.0,0.9881,,525.0,545.0,21.0,6941.0,0.6809,0.8123,0.0542,0.0333,0.0066,9875.0,9875.0,25567.0,14107.0,6548.0,0.2269,23.0,2932.0,0.5338,0.6788,0.3976608187,38747.0,0.743,0.5043,45036.0,14911.0,90.159
156620,Eastern Kentucky University,Richmond,KY,Southeast,Town,Public,1,0,3,4,2.0,0.7761,1149.0,535.0,530.0,21.0,12318.0,0.5968,0.797,0.0686,0.0564,0.0105,10320.0,21230.0,23735.0,11040.0,7826.0,0.5596,17.0,9026.0,0.411,0.4071,0.3995334888,39224.5,0.7693,0.5004,45795.0,22500.0,90.159
156727,Frontier Nursing University,Versailles,KY,Southeast,Rural,Private nonprofit,1,0,4,4,,,,,,,,,,,,,,,,,8428.0,1.0,,12658.0,,,,,,,,,90.159
156745,Georgetown College,Georgetown,KY,Southeast,Town,Private nonprofit,1,0,3,4,2.0,0.9106,1138.0,,,,1097.0,0.4722,0.7429,0.0902,0.0611,0.0091,42840.0,42840.0,56886.0,14095.0,6502.0,0.5538,13.0,4574.0,0.3533,0.4825,0.3308550186,59301.0,0.6906,0.4885,52074.0,25200.0,90.159
157021,American National University-Louisville,Louisville,KY,Southeast,Town,Private for-profit,1,0,2,4,1.0,,,,,,347.0,0.9395,0.5821,0.2478,0.0893,0.0029,12456.0,12456.0,25356.0,17010.0,4608.0,,26.0,10221.0,0.7708,0.8292,0.5985507246,12639.0,,0.5,28188.0,23618.0,90.159
157030,Kentucky Mountain Bible College,Jackson,KY,Southeast,Rural,Private nonprofit,1,0,3,3,2.0,1.0,1080.0,,,23.0,69.0,0.3913,0.8551,0.029,0.029,0.0,10360.0,10360.0,16603.0,9337.0,1050.0,0.6923,9.0,7797.0,0.5402,0.2414,,30229.0,0.7,0.6429,21256.0,,90.159
157058,Kentucky State University,Frankfort,KY,Southeast,Town,Public,1,1,3,4,2.0,0.9608,870.0,,,,1309.0,0.5821,0.0779,0.7876,0.0237,0.0031,9387.0,13658.0,21727.0,8040.0,7036.0,0.5568,10.0,6140.0,0.5834,0.5608,0.4003215434,27492.0,0.6369,0.319,36382.0,25938.0,90.159
157076,Kentucky Wesleyan College,Owensboro,KY,Southeast,City,Private nonprofit,1,0,3,3,2.0,0.716,1044.0,508.0,523.0,22.0,842.0,0.4988,0.5724,0.1568,0.0309,0.0261,34673.0,34673.0,46203.0,17131.0,6353.0,0.4255,15.0,5847.0,0.4952,0.6103,0.3781094527,47139.5,0.5256,0.468,46747.0,23250.0,90.159
157085,University of Kentucky,Lexington,KY,Southeast,City,Public,1,0,3,4,2.0,0.9294,1215.0,602.0,605.0,26.0,24763.0,0.5838,0.7622,0.0629,0.0678,0.0367,13502.0,34140.0,34391.0,18851.0,11984.0,0.8239,18.0,13191.0,0.2252,0.3366,0.2336008857,61931.5,0.8684,0.7142,59025.0,22500.0,90.159
157100,Kentucky Christian University,Grayson,KY,Southeast,Town,Private nonprofit,1,0,3,4,2.0,0.6091,1090.0,465.0,450.0,19.0,429.0,0.31,0.6364,0.1772,0.0862,0.0,26625.0,26625.0,40168.0,24038.0,4770.0,0.4516,12.0,7212.0,0.4314,0.6163,0.2957746479,42846.0,0.8608,0.3667,42375.0,22250.0,90.159
157207,Lexington Theological Seminary,Lexington,KY,Southeast,City,Private nonprofit,1,0,4,4,,,,,,,,,,,,,,,,,6478.0,0.1628,,55141.0,,,,,,,,,90.159
157216,Lindsey Wilson University,Columbia,KY,Southeast,Town,Private nonprofit,1,0,3,4,1.0,,,,,,1585.0,0.5666,0.6543,0.1224,0.0013,0.0044,27808.0,27808.0,40879.0,15070.0,6512.0,0.6368,16.0,3762.0,0.5244,0.5014,0.4585365854,25540.5,0.63,0.4406,41129.0,16784.0,90.159
157289,University of Louisville,Louisville,KY,Southeast,City,Public,1,0,3,4,2.0,0.7941,1150.0,580.0,580.0,24.0,14727.0,0.5645,0.6095,0.1615,0.0895,0.0564,13136.0,29482.0,32941.0,17988.0,9671.0,0.5928,14.0,17552.0,0.306,0.2813,0.3043478261,47376.0,0.8149,0.6123,53899.0,20500.0,90.159
157298,Louisville Presbyterian Theological Seminary,Louisville,KY,Southeast,City,Private nonprofit,1,0,4,4,,,,,,,,,,,,,,,,,7667.0,1.0,,30421.0,,,,,,,,,90.159
157377,Midway University,Midway,KY,Southeast,Rural,Private nonprofit,1,0,3,4,2.0,0.9514,1122.0,535.0,495.0,22.0,1262.0,0.6331,0.6989,0.1204,0.0658,0.0127,27220.0,27220.0,48805.0,29579.0,7349.0,0.2611,15.0,5606.0,0.3195,0.4446,0.4345637584,31774.0,0.6759,0.4069,44246.0,21301.0,90.159
157386,Morehead State University,Morehead,KY,Southeast,Town,Public,1,0,3,4,2.0,0.7721,,,,,4578.0,0.6088,0.837,0.0308,0.0321,0.0076,10024.0,14980.0,21961.0,9793.0,7788.0,0.8041,16.0,10768.0,0.2955,0.3352,0.4141706924,35407.0,0.6501,0.5219,43197.0,22250.0,90.159
157401,Murray State University,Murray,KY,Southeast,Town,Public,1,0,3,4,2.0,0.8568,1133.0,550.0,530.0,24.0,6688.0,0.6054,0.7839,0.0607,0.035,0.0079,9900.0,19836.0,23485.0,9096.0,7855.0,0.8179,17.0,10232.0,0.3332,0.3535,0.3395573997,46064.0,0.7565,0.6132,44737.0,20500.0,90.159
157447,Northern Kentucky University,Highland Heights,KY,Southeast,Suburb,Public,1,0,3,4,2.0,0.6765,1087.0,535.0,562.0,23.0,8246.0,0.5862,0.7461,0.0809,0.0506,0.0193,11088.0,21912.0,19725.0,8191.0,8693.0,0.5482,19.0,9637.0,0.2523,0.3095,0.3813186813,48195.0,0.7551,0.5224,50220.0,23000.0,90.159
157535,University of Pikeville,Pikeville,KY,Southeast,Town,Private nonprofit,1,0,3,4,1.0,,,,,,1135.0,0.5181,0.8167,0.0714,0.0097,0.0106,24850.0,24850.0,33420.0,20311.0,7086.0,0.5952,14.0,11189.0,0.3803,0.6573,0.4481830417,23445.0,0.6873,0.4167,48231.0,20679.0,90.159
157748,The Southern Baptist Theological Seminary,Louisville,KY,Southeast,City,Private nonprofit,1,0,3,4,2.0,0.5587,1120.0,590.0,555.0,23.0,848.0,0.4363,0.8998,0.0189,0.0035,0.0283,11046.0,11046.0,,,8442.0,1.0,16.0,5040.0,0.0,0.0,,,0.7857,0.4025,,,90.159
157757,Spalding University,Louisville,KY,Southeast,City,Private nonprofit,1,0,3,4,2.0,0.9945,977.0,515.0,500.0,20.0,583.0,0.6106,0.6038,0.235,0.0823,0.0137,29200.0,29200.0,45530.0,25491.0,8066.0,0.5479,9.0,11748.0,0.3583,0.5899,0.3500837521,33885.5,0.6404,0.5167,49438.0,25250.0,90.159
157793,Sullivan University,Louisville,KY,Southeast,City,Private for-profit,1,0,2,4,1.0,,,,,,2026.0,0.7493,0.4664,0.2897,0.0484,0.0148,15480.0,15480.0,31766.0,25532.0,7490.0,0.6043,13.0,11426.0,0.5602,0.6225,0.4940607127,22309.0,,0.7099,38008.0,20000.0,90.159
157809,Thomas More University,Crestview Hills,KY,Southeast,Suburb,Private nonprofit,1,0,3,4,2.0,0.9035,1180.0,,,,1293.0,0.4934,0.734,0.0882,0.0449,0.0124,39800.0,39800.0,49452.0,21835.0,6727.0,0.5174,14.0,7094.0,0.2305,0.5313,0.368221942,59077.0,0.6675,0.405,59384.0,26236.0,90.159
157818,Transylvania University,Lexington,KY,Southeast,City,Private nonprofit,1,0,3,3,2.0,0.8655,1287.0,600.0,590.0,27.0,1005.0,0.5721,0.804,0.0507,0.0507,0.0219,46870.0,46870.0,60993.0,21913.0,10145.0,0.6466,10.0,12370.0,0.2625,0.4691,0.1636363636,84264.5,0.8705,0.7148,54705.0,27000.0,90.159
157863,Union Commonwealth University,Barbourville,KY,Southeast,Town,Private nonprofit,1,0,3,4,2.0,0.6315,980.0,517.0,535.0,19.0,746.0,0.3887,0.4933,0.1836,0.0375,0.0054,30946.0,30946.0,44322.0,21311.0,5687.0,1.0,14.0,5205.0,0.527,0.6054,0.4072727273,36523.0,0.6378,0.3213,42002.0,24250.0,90.159
157951,Western Kentucky University,Bowling Green,KY,Southeast,City,Public,1,0,3,4,2.0,0.9387,971.0,,,,12155.0,0.6124,0.7427,0.0898,0.0654,0.0348,11652.0,27000.0,24188.0,10990.0,8169.0,0.6739,19.0,9271.0,0.3048,0.3467,0.3570372803,41838.0,0.7831,0.5556,43889.0,22095.0,90.159
158477,Centenary College of Louisiana,Shreveport,LA,Southeast,City,Private nonprofit,1,0,3,4,2.0,0.5574,1144.0,575.0,560.0,25.0,685.0,0.5036,0.5241,0.2642,0.1168,0.0248,41200.0,41200.0,60620.0,23624.0,7808.0,0.3672,8.0,11660.0,0.4484,0.6935,0.2183406114,62373.0,0.702,0.5621,50330.0,27000.0,88.207
158802,Dillard University,New Orleans,LA,Southeast,City,Private nonprofit,1,1,3,4,2.0,0.4186,1050.0,523.0,518.0,21.0,1063.0,0.7234,0.0066,0.8777,0.0113,0.0009,23918.0,23918.0,39202.0,22094.0,7271.0,0.963,14.0,7241.0,0.6965,0.7932,0.3528528529,23449.0,0.7805,0.4328,39196.0,31000.0,88.207
159009,Grambling State University,Grambling,LA,Southeast,Town,Public,1,1,3,4,2.0,0.4486,943.0,471.0,460.0,17.0,4164.0,0.6107,0.0046,0.8706,0.0175,0.001,7683.0,16706.0,25367.0,19809.0,6296.0,0.8813,25.0,4469.0,0.7497,0.7782,0.3945178659,19680.0,0.6608,0.3616,41109.0,36500.0,88.207
159373,Louisiana State University Health Sciences Center-New Orleans,New Orleans,LA,Southeast,City,Public,1,0,3,4,,,,,,,862.0,0.8677,0.5429,0.2135,0.1102,0.0824,,,,,9656.0,0.72,3.0,85766.0,0.3511,0.548,0.3626666667,33813.0,,,78495.0,19500.0,88.207
159382,Louisiana State University at Alexandria,Alexandria,LA,Southeast,Rural,Public,1,0,3,3,2.0,0.9208,1022.0,565.0,525.0,20.0,5632.0,0.7305,0.5563,0.2166,0.0078,0.0208,7050.0,14650.0,15550.0,7065.0,7220.0,0.604,33.0,5430.0,0.3538,0.364,0.4488721805,32073.0,0.6952,0.3422,42205.0,19000.0,88.207
159391,Louisiana State University and Agricultural & Mechanical College,Baton Rouge,LA,Southeast,City,Public,1,0,3,4,2.0,0.7333,1285.0,620.0,605.0,26.0,30594.0,0.5663,0.5746,0.2065,0.1069,0.0463,11954.0,28631.0,34705.0,19151.0,11474.0,0.8825,21.0,10884.0,0.2655,0.299,0.2664919852,55214.0,0.8474,0.6881,61251.0,20500.0,88.207
159416,Louisiana State University-Shreveport,Shreveport,LA,Southeast,City,Public,1,0,3,4,2.0,0.5055,1090.0,440.0,530.0,23.0,2153.0,0.5643,0.5485,0.2712,0.0037,0.019,7518.0,7518.0,19461.0,7022.0,9562.0,0.7,30.0,8387.0,0.3862,0.2932,0.4027149321,25731.0,0.8315,0.3754,47477.0,22500.0,88.207
159568,Louisiana Christian University,Pineville,LA,Southeast,Suburb,Private nonprofit,1,0,3,4,2.0,0.7719,,490.0,520.0,21.0,672.0,0.4077,0.5685,0.2753,0.0357,0.003,20266.0,20266.0,33791.0,13113.0,6137.0,0.6064,10.0,9557.0,0.4309,0.5866,0.3684210526,32431.0,0.5243,0.4387,51700.0,21875.0,88.207
159647,Louisiana Tech University,Ruston,LA,Southeast,Town,Public,1,0,3,4,2.0,0.864,1191.0,580.0,595.0,25.0,8312.0,0.4362,0.7252,0.1153,0.0472,0.0168,10125.0,16866.0,24280.0,11864.0,9177.0,0.6605,21.0,7357.0,0.2168,0.2726,0.3118584071,45709.5,0.822,0.6382,52279.0,22135.0,88.207
159656,Loyola University New Orleans,New Orleans,LA,Southeast,City,Private nonprofit,1,0,3,4,2.0,0.9305,,,,,2812.0,0.6433,0.4424,0.2102,0.2105,0.0302,49440.0,49440.0,64157.0,23696.0,8990.0,0.6272,12.0,12068.0,0.3732,0.5314,0.1928071928,62000.0,0.8006,0.5903,52927.0,26000.0,88.207
159717,McNeese State University,Lake Charles,LA,Southeast,City,Public,1,0,3,4,2.0,0.7827,1087.0,525.0,555.0,22.0,5005.0,0.6166,0.6088,0.1912,0.0501,0.018,8489.0,9989.0,22810.0,12493.0,7591.0,1.0,20.0,5647.0,0.3459,0.3212,0.3848015489,35341.5,0.6844,0.4704,46453.0,23000.0,88.207
159939,University of New Orleans,New Orleans,LA,Southeast,City,Public,1,0,3,4,2.0,0.7431,1052.0,580.0,565.0,21.0,4638.0,0.4834,0.3911,0.2443,0.1626,0.0878,9172.0,14008.0,23431.0,12384.0,9208.0,0.626,19.0,7315.0,0.3912,0.2763,0.406360424,29218.0,0.6679,0.3799,47872.0,18750.0,88.207
159948,New Orleans Baptist Theological Seminary,New Orleans,LA,Southeast,City,Private nonprofit,1,0,3,4,1.0,,,,,,865.0,0.3699,0.5977,0.1561,0.0566,0.0173,12468.0,12468.0,21660.0,10829.0,6759.0,1.0,19.0,12047.0,0.0857,0.0,,,0.92,0.7391,,,88.207
159966,Nicholls State University,Thibodaux,LA,Southeast,City,Public,1,0,3,4,2.0,0.908,1090.0,563.0,571.0,23.0,4737.0,0.6105,0.639,0.1839,0.0657,0.0133,8149.0,9242.0,23481.0,12947.0,6998.0,1.0,19.0,5948.0,0.3407,0.3826,0.4583710407,36747.0,0.766,0.538,45454.0,22675.0,88.207
159993,University of Louisiana at Monroe,Monroe,LA,Southeast,City,Public,1,0,3,4,2.0,0.8475,1116.0,535.0,630.0,22.0,5022.0,0.6438,0.55,0.2419,0.0368,0.0096,9190.0,21290.0,24932.0,13466.0,7719.0,0.741,18.0,7459.0,0.3477,0.3469,0.3800852383,33055.0,0.7275,0.542,46769.0,21500.0,88.207
160038,Northwestern State University of Louisiana,Natchitoches,LA,Southeast,Town,Public,1,0,3,4,2.0,0.9254,1088.0,530.0,490.0,19.0,5519.0,0.7144,0.5332,0.287,0.0638,0.0105,8864.0,19652.0,25431.0,13606.0,7129.0,0.6613,16.0,6994.0,0.3524,0.3512,0.424301676,30223.0,0.7087,0.432,47021.0,25000.0,88.207
160065,University of Holy Cross,New Orleans,LA,Southeast,City,Private nonprofit,1,0,3,4,2.0,0.7366,,,,19.0,471.0,0.8471,0.397,0.293,0.1401,0.034,16576.0,16576.0,27541.0,15635.0,7708.0,0.3904,7.0,10673.0,0.2753,0.3391,0.4898876404,26489.5,0.7097,0.4857,49316.0,26995.0,88.207
160074,Franciscan Missionaries of Our Lady University,Baton Rouge,LA,Southeast,City,Private nonprofit,1,0,3,4,2.0,0.987,,,,21.0,821.0,0.8685,0.6431,0.218,0.0694,0.0305,18310.0,18310.0,28490.0,18552.0,8122.0,1.0,14.0,14155.0,0.3121,0.4872,0.4736024845,36926.0,0.6393,0.4545,59419.0,27672.0,88.207
160409,Saint Joseph Seminary College,St. Benedict,LA,Southeast,Rural,Private nonprofit,1,0,3,3,1.0,,,,,,93.0,0.0,0.5914,0.0108,0.2258,0.0538,28025.0,28025.0,49944.0,45460.0,5877.0,1.0,6.0,32262.0,0.101,0.0303,,37732.0,0.7143,0.4783,38366.0,,88.207
160612,Southeastern Louisiana University,Hammond,LA,Southeast,City,Public,1,0,3,4,2.0,0.9931,1090.0,,,,9514.0,0.6148,0.6513,0.2014,0.0658,0.0108,8373.0,20851.0,23604.0,13154.0,7315.0,0.8023,20.0,6646.0,0.3326,0.3242,0.3990835697,34942.0,0.7253,0.4541,46482.0,22113.0,88.207
160621,Southern University and A & M College,Baton Rouge,LA,Southeast,City,Public,1,1,3,4,2.0,0.3512,942.0,473.0,455.0,17.0,5519.0,0.6735,0.0069,0.9424,0.0127,0.0016,9922.0,17272.0,26341.0,20077.0,7735.0,0.9908,21.0,5687.0,0.6814,0.7178,0.3966005666,23466.0,0.6031,0.2709,43371.0,29251.0,88.207
160630,Southern University at New Orleans,New Orleans,LA,Southeast,City,Public,1,1,3,4,2.0,0.789,944.0,,,,1055.0,0.7081,0.0237,0.8967,0.0294,0.0009,8054.0,16954.0,23905.0,14810.0,6898.0,1.0,13.0,5792.0,0.4174,0.3909,0.496009122,16552.0,0.52,0.1311,34042.0,31000.0,88.207
160658,University of Louisiana at Lafayette,Lafayette,LA,Southeast,City,Public,1,0,3,4,2.0,0.8701,1219.0,560.0,551.0,22.0,12428.0,0.5878,0.5709,0.2728,0.0563,0.0213,10418.0,24146.0,24884.0,13530.0,8889.0,0.7057,18.0,9241.0,0.4151,0.4372,0.3848580442,41647.5,0.7428,0.5263,47089.0,22902.0,88.207
160755,Tulane University of Louisiana,New Orleans,LA,Southeast,City,Private nonprofit,1,0,3,4,2.0,0.1398,1448.0,710.0,725.0,32.0,7767.0,0.6198,0.6431,0.0726,0.1125,0.0559,68678.0,68678.0,87004.0,39949.0,13243.0,0.6867,7.0,37362.0,0.0976,0.209,0.1800116891,64959.0,0.9255,0.8614,63268.0,20500.0,88.207
160904,Xavier University of Louisiana,New Orleans,LA,Southeast,City,Private nonprofit,1,1,3,4,2.0,0.6904,1080.0,540.0,530.0,23.0,2628.0,0.7534,0.0099,0.8596,0.0403,0.0247,28733.0,28733.0,40434.0,17127.0,9918.0,0.793,11.0,9547.0,0.5419,0.5623,0.2657232704,33111.5,0.7168,0.4855,52184.0,24053.0,88.207
160959,College of the Atlantic,Bar Harbor,ME,New England,Rural,Private nonprofit,1,0,3,4,2.0,0.7017,1370.0,,,,353.0,0.7224,0.6856,0.0057,0.0425,0.0113,47997.0,47997.0,58266.0,25184.0,9002.0,1.0,9.0,18162.0,0.2806,0.5306,,57786.0,0.85,0.6829,40264.0,25050.0,97.05
160977,Bates College,Lewiston,ME,New England,City,Private nonprofit,1,0,3,3,2.0,0.1332,1468.0,,,,1760.0,0.5182,0.6023,0.0449,0.0972,0.0659,66590.0,66590.0,83532.0,29351.0,11886.0,0.9522,9.0,27338.0,0.1152,0.138,0.150877193,86734.0,0.9129,0.8969,69498.0,14275.0,97.05
160995,Beal University,Bangor,ME,New England,City,Private for-profit,1,0,2,4,1.0,,,,,,484.0,0.7665,0.7707,0.0661,0.031,0.0145,,,,40109.0,5909.0,,14.0,4994.0,0.5412,0.65,0.5411764706,20463.0,0.25,0.36,35639.0,19500.0,97.05
161004,Bowdoin College,Brunswick,ME,New England,Town,Private nonprofit,1,0,3,3,2.0,0.0713,1520.0,,,,1873.0,0.5206,0.527,0.0539,0.1452,0.1116,67832.0,67832.0,85100.0,14398.0,14216.0,0.8893,9.0,42365.0,0.1735,0.0838,0.1883561644,61622.5,0.9683,0.9528,82735.0,18500.0,97.05
161022,Maine College of Health Professions,Lewiston,ME,New England,City,Private nonprofit,1,0,2,3,2.0,0.7143,,,,,239.0,0.9163,0.8075,0.0544,0.0251,0.0167,20952.0,20952.0,26827.0,26312.0,6102.0,0.7273,11.0,7517.0,0.5175,0.8991,0.4927536232,38473.5,,0.6667,79840.0,15250.0,97.05
161086,Colby College,Waterville,ME,New England,Town,Private nonprofit,1,0,3,3,2.0,0.0709,1501.0,720.0,745.0,33.0,2407.0,0.5118,0.5488,0.0478,0.0839,0.1022,69600.0,69600.0,85420.0,17180.0,13207.0,0.931,9.0,27972.0,0.1432,0.0854,0.108974359,94859.0,0.9365,0.8879,80490.0,19157.0,97.05
161217,University of Maine at Augusta,Augusta,ME,New England,Town,Public,1,0,3,4,1.0,,,,,,2659.0,0.6713,0.7883,0.0417,0.0527,0.0102,8888.0,22178.0,19052.0,10924.0,8060.0,0.4103,16.0,9925.0,0.3296,0.2598,0.5086009174,23539.0,0.6,0.2698,40342.0,22734.0,97.05
161226,University of Maine at Farmington,Farmington,ME,New England,Rural,Public,1,0,3,4,2.0,0.9672,1130.0,,,,1140.0,0.6447,0.8623,0.0246,0.0614,0.0061,11308.0,23878.0,25822.0,16857.0,8643.0,0.681,13.0,14803.0,0.3016,0.39,0.3243823845,53596.0,0.7277,0.5154,44433.0,24499.0,97.05
161235,University of Maine at Fort Kent,Fort Kent,ME,New England,Rural,Public,1,0,3,4,2.0,0.9792,,,,,599.0,0.7295,0.6761,0.0785,0.0334,0.015,9420.0,14880.0,18703.0,7482.0,8219.0,0.52,21.0,9029.0,0.1496,0.1754,0.4291187739,36734.0,0.8929,0.3944,51077.0,20160.0,97.05
161253,University of Maine,Orono,ME,New England,Suburb,Public,1,0,3,4,2.0,0.9664,,595.0,575.0,26.0,8496.0,0.4785,0.8246,0.0201,0.0491,0.016,13326.0,36756.0,27328.0,17510.0,11425.0,0.6971,15.0,12786.0,0.2327,0.4201,0.2340534979,65562.0,0.8336,0.5494,48653.0,25000.0,97.05
161299,Maine Maritime Academy,Castine,ME,New England,Rural,Public,1,0,3,4,2.0,0.5414,1166.0,,,,942.0,0.1996,0.8079,0.0297,0.0584,0.0127,15158.0,31102.0,31046.0,23414.0,,0.7745,10.0,12658.0,0.2463,0.5816,0.206741573,87728.0,0.8166,0.5818,89964.0,27000.0,97.05
161341,University of Maine at Presque Isle,Presque Isle,ME,New England,Rural,Public,1,0,3,4,2.0,0.9987,,,,,1913.0,0.5698,0.5248,0.1302,0.1129,0.0282,9402.0,14862.0,19113.0,7035.0,7782.0,0.481,30.0,5285.0,0.2435,0.2314,0.3671171171,33445.5,0.5842,0.5155,40956.0,16000.0,97.05
161457,University of New England,Biddeford,ME,New England,Suburb,Private nonprofit,1,0,3,4,2.0,0.9163,,,,,2135.0,0.6806,0.8454,0.0206,0.0431,0.0244,44210.0,44210.0,63245.0,38107.0,9669.0,0.5419,11.0,12819.0,0.1178,0.4093,0.2207307979,84109.0,0.7942,0.6835,55921.0,25250.0,97.05
161509,Maine College of Art & Design,Portland,ME,New England,City,Private nonprofit,1,0,3,4,2.0,0.7606,,,,,415.0,0.7807,0.7759,0.0072,0.0723,0.0241,42942.0,42942.0,60128.0,38338.0,7529.0,0.3191,8.0,15840.0,0.2857,0.6949,0.2388059701,56585.5,0.7167,0.5155,40778.0,27000.0,97.05
161518,Saint Joseph's College of Maine,Standish,ME,New England,Rural,Private nonprofit,1,0,3,4,2.0,0.8351,1040.0,560.0,565.0,,964.0,0.6317,0.6992,0.0799,0.0643,0.0135,44420.0,44420.0,59782.0,27555.0,6294.0,1.0,10.0,7460.0,0.2361,0.5958,0.3053097345,71346.0,0.7457,0.6574,59045.0,27000.0,97.05
161554,University of Southern Maine,Portland,ME,New England,City,Public,1,0,3,4,2.0,0.7923,1116.0,570.0,543.0,22.0,4222.0,0.5867,0.752,0.0855,0.0448,0.0282,11284.0,27944.0,23717.0,13596.0,10420.0,0.3985,14.0,10101.0,0.2828,0.3473,0.328369906,35814.5,0.7394,0.4035,49958.0,19060.0,97.05
161563,Thomas College,Waterville,ME,New England,Town,Private nonprofit,1,0,3,4,2.0,0.963,,,,,647.0,0.4637,0.6816,0.0417,0.017,0.0093,31824.0,31824.0,47198.0,18885.0,7625.0,0.5065,20.0,4491.0,0.1815,0.3283,0.3786764706,51444.5,0.7749,0.5369,44991.0,24250.0,97.05
161572,Unity Environmental University,New Gloucester,ME,New England,Rural,Private nonprofit,1,0,3,4,1.0,,,,,,6483.0,0.7671,0.7037,0.068,0.1249,0.0063,12640.0,12640.0,21931.0,19104.0,5415.0,0.047,36.0,1999.0,0.6391,0.858,0.3211009174,66806.5,0.3611,0.2867,37852.0,25000.0,97.05
161873,University of Baltimore,Baltimore,MD,Mid East,City,Public,1,0,3,4,2.0,0.7874,940.0,540.0,505.0,19.0,1133.0,0.6019,0.2551,0.5119,0.0521,0.0371,9992.0,23984.0,26406.0,13868.0,13975.0,0.5638,10.0,16754.0,0.4489,0.38,0.3990024938,28800.0,0.6,0.3816,61335.0,23250.0,104.959
162007,Bowie State University,Bowie,MD,Mid East,Suburb,Public,1,1,3,4,2.0,0.7241,,475.0,455.0,19.0,5043.0,0.6024,0.0268,0.8144,0.0569,0.0093,9218.0,19938.0,25220.0,19298.0,11118.0,0.455,15.0,10087.0,0.4435,0.4404,0.3552006905,36428.5,0.6819,0.382,54537.0,22985.0,104.959
162061,Capitol Technology University,Laurel,MD,Mid East,Suburb,Private nonprofit,1,0,3,4,2.0,0.7435,,,,,315.0,0.181,0.2921,0.4349,0.0476,0.0698,27592.0,27592.0,42471.0,22102.0,5625.0,1.0,9.0,7131.0,0.3918,0.4701,0.356097561,41100.0,0.7681,0.4268,85035.0,20264.0,104.959
162210,Washington Adventist University,Takoma Park,MD,Mid East,Suburb,Private nonprofit,1,0,3,4,2.0,0.4618,980.0,,,,452.0,0.5553,0.0686,0.3673,0.2389,0.0177,26604.0,26604.0,34309.0,18526.0,6208.0,0.2612,9.0,18786.0,0.3719,0.4479,0.3518518519,34060.5,0.6408,0.2865,64249.0,30500.0,104.959
162283,Coppin State University,Baltimore,MD,Mid East,City,Public,1,1,3,4,2.0,0.4583,975.0,470.0,450.0,,1844.0,0.7446,0.0114,0.8509,0.0466,0.007,7100.0,14024.0,23748.0,9977.0,10091.0,0.5556,12.0,16220.0,0.5392,0.3619,0.472,26331.0,0.6622,0.2622,46490.0,25000.0,104.959
162584,Frostburg State University,Frostburg,MD,Mid East,Town,Public,1,0,3,4,2.0,0.8918,,555.0,535.0,21.0,2909.0,0.5421,0.5724,0.2289,0.0691,0.0127,10220.0,25814.0,27056.0,16715.0,9386.0,0.7129,13.0,12116.0,0.3221,0.3768,0.3599803825,49589.0,0.6928,0.4966,55493.0,21105.0,104.959
162654,Goucher College,Baltimore,MD,Mid East,City,Private nonprofit,1,0,3,4,2.0,0.7771,1248.0,624.0,599.0,28.0,964.0,0.639,0.4595,0.3174,0.0249,0.0488,53350.0,53350.0,70544.0,22470.0,8359.0,0.5628,9.0,17884.0,0.3521,0.5298,0.1759729272,71417.0,0.786,0.5734,53023.0,26000.0,104.959
162760,Hood College,Frederick,MD,Mid East,City,Private nonprofit,1,0,3,4,2.0,0.7777,,,,,1194.0,0.6549,0.4958,0.1759,0.1667,0.0318,47700.0,47700.0,61219.0,20873.0,8361.0,0.4104,10.0,11518.0,0.3706,0.6782,0.3111111111,52820.0,0.6799,0.569,57089.0,25000.0,104.959
162928,Johns Hopkins University,Baltimore,MD,Mid East,City,Private nonprofit,1,0,3,4,2.0,0.0644,1553.0,,,,5693.0,0.5494,0.195,0.0833,0.1867,0.2937,65230.0,65230.0,85947.0,18809.0,18971.0,0.9434,6.0,101214.0,0.1949,0.0931,0.1312714777,79479.5,0.9809,0.9378,87555.0,10250.0,104.959
163046,Loyola University Maryland,Baltimore,MD,Mid East,City,Private nonprofit,1,0,3,4,2.0,0.7549,1290.0,,,,3869.0,0.5609,0.6115,0.1176,0.1499,0.0383,57150.0,57150.0,74055.0,30574.0,9706.0,0.9971,12.0,13478.0,0.2037,0.5247,0.1349453978,109587.5,0.8711,0.7919,82652.0,27000.0,104.959
163204,University of Maryland Global Campus,Adelphi,MD,Mid East,Suburb,Public,1,0,3,4,1.0,,,,,,49664.0,0.4554,0.2984,0.2706,0.1784,0.0495,8136.0,12336.0,25400.0,22063.0,9948.0,0.0422,21.0,2560.0,0.2938,0.1747,0.4647196604,30322.5,0.5538,0.3333,65287.0,21000.0,104.959
163259,University of Maryland Baltimore,Baltimore,MD,Mid East,City,Public,1,0,3,4,,,,,,,958.0,0.8299,0.2526,0.3246,0.1305,0.1837,,,,,14577.0,0.3915,5.0,35424.0,0.1462,0.2045,0.3789473684,38652.0,,,88174.0,15000.0,104.959
163268,University of Maryland-Baltimore County,Baltimore,MD,Mid East,Suburb,Public,1,0,3,4,2.0,0.7243,1323.0,655.0,660.0,28.0,10701.0,0.4559,0.2842,0.2467,0.1005,0.2401,13256.0,31275.0,28576.0,16467.0,13145.0,0.6651,17.0,14455.0,0.3004,0.2829,0.2740181269,46405.0,0.8505,0.7001,69960.0,19500.0,104.959
163286,University of Maryland-College Park,College Park,MD,Mid East,Suburb,Public,1,0,3,4,2.0,0.4479,1473.0,690.0,730.0,32.0,30760.0,0.4931,0.3876,0.1301,0.1117,0.2388,11809.0,41186.0,29299.0,15678.0,17205.0,0.8258,17.0,20217.0,0.1939,0.2152,0.2242705763,67353.0,0.962,0.8859,82860.0,19000.0,104.959
163295,Maryland Institute College of Art,Baltimore,MD,Mid East,City,Private nonprofit,1,0,3,4,2.0,0.7679,1258.0,,,,1189.0,0.7628,0.3196,0.1093,0.1169,0.0934,56800.0,56800.0,76860.0,42729.0,9574.0,0.1669,9.0,19211.0,0.2311,0.4124,0.1738197425,73007.0,0.8339,0.7224,45212.0,26500.0,104.959
163338,University of Maryland Eastern Shore,Princess Anne,MD,Mid East,Town,Public,1,1,3,4,2.0,0.9641,,,,,2391.0,0.542,0.0753,0.7641,0.0355,0.0121,9076.0,20122.0,25941.0,13338.0,10872.0,0.7199,11.0,23374.0,0.5571,0.5213,0.3575063613,34148.0,0.6179,0.3533,47697.0,27000.0,104.959
163453,Morgan State University,Baltimore,MD,Mid East,City,Public,1,1,3,4,2.0,0.8223,971.0,470.0,500.0,18.0,9019.0,0.6136,0.0071,0.7641,0.0577,0.0029,8229.0,19124.0,25413.0,14985.0,11634.0,0.5952,18.0,9759.0,0.5655,0.654,0.3310118804,36276.5,0.7334,0.4087,50698.0,27250.0,104.959
163462,Mount St. Mary's University,Emmitsburg,MD,Mid East,Rural,Private nonprofit,1,0,3,4,2.0,0.7381,1176.0,,,,1768.0,0.5028,0.4712,0.2048,0.1663,0.0288,48630.0,48630.0,63731.0,22655.0,7399.0,1.0,13.0,10126.0,0.3113,0.5109,0.232712766,82573.5,0.7077,0.6539,64072.0,25391.0,104.959
163532,Ner Israel Rabbinical College,Pikesville,MD,Mid East,Suburb,Private nonprofit,1,0,3,4,2.0,0.6566,,,,,280.0,0.0,0.875,0.0,0.0,0.0,10600.0,10600.0,26750.0,13572.0,7711.0,1.0,20.0,12077.0,0.161,0.0,,36173.0,0.8049,0.2353,66330.0,,104.959
163578,Notre Dame of Maryland University,Baltimore,MD,Mid East,City,Private nonprofit,1,0,3,4,2.0,0.8216,,,,,709.0,0.787,0.2849,0.3667,0.1312,0.0451,43360.0,43360.0,59320.0,19169.0,7645.0,0.4444,9.0,14980.0,0.3644,0.4927,0.4094292804,45320.0,0.7277,0.5,65344.0,22666.0,104.959
163851,Salisbury University,Salisbury,MD,Mid East,Suburb,Public,1,0,3,4,2.0,0.8747,1252.0,,,,6057.0,0.5651,0.6962,0.1263,0.0771,0.0264,11084.0,22174.0,28310.0,17743.0,10679.0,0.6841,14.0,11356.0,0.2586,0.3904,0.2917236662,69454.0,0.7766,0.6815,61515.0,21000.0,104.959
163912,St. Mary's College of Maryland,St. Mary's City,MD,Mid East,Rural,Public,1,0,3,4,2.0,0.6863,1261.0,638.0,600.0,29.0,1603.0,0.5989,0.6875,0.1135,0.0923,0.0268,15298.0,31374.0,31865.0,18441.0,9044.0,0.702,10.0,13110.0,0.2112,0.4274,0.2328244275,85000.0,0.8575,0.6995,60110.0,21000.0,104.959
163976,St. John's College,Annapolis,MD,Mid East,Suburb,Private nonprofit,1,0,3,4,2.0,0.5524,1372.0,705.0,680.0,29.0,471.0,0.4926,0.6285,0.0127,0.0892,0.0318,40684.0,40684.0,55540.0,45597.0,8919.0,1.0,8.0,15316.0,0.2008,0.4611,,80000.0,0.8271,0.7143,51584.0,27000.0,104.959
164076,Towson University,Towson,MD,Mid East,City,Public,1,0,3,4,2.0,0.8197,1095.0,570.0,560.0,24.0,16136.0,0.5864,0.3779,0.3568,0.115,0.0666,11728.0,29820.0,28535.0,17413.0,9975.0,0.5713,14.0,10084.0,0.3579,0.4163,0.2895995218,59362.0,0.8277,0.6946,64390.0,18718.0,104.959
164155,United States Naval Academy,Annapolis,MD,US Service Schools,Suburb,Public,1,0,3,3,2.0,0.0927,1307.0,650.0,660.0,29.0,4474.0,0.2959,0.5581,0.0655,0.1484,0.1048,,,,,14161.0,0.9951,8.0,39042.0,,,,,0.9732,0.9294,,,104.959
164173,Stevenson University,Owings Mills,MD,Mid East,Suburb,Private nonprofit,1,0,3,4,2.0,0.7891,,,,,3102.0,0.6099,0.4616,0.3224,0.1022,0.029,40560.0,40560.0,58394.0,26505.0,8822.0,0.2958,15.0,10867.0,0.3088,0.6978,0.3069435432,63596.0,0.7879,0.6849,62079.0,26000.0,104.959
164216,Washington College,Chestertown,MD,Mid East,Town,Private nonprofit,1,0,3,3,2.0,0.5689,1280.0,,,,891.0,0.5612,0.6835,0.0909,0.1044,0.0281,55326.0,55326.0,73314.0,27898.0,6768.0,0.8,8.0,26477.0,0.226,0.4716,0.1603773585,88294.5,0.8391,0.6537,65518.0,26956.0,104.959
164270,McDaniel College,Westminster,MD,Mid East,Town,Private nonprofit,1,0,3,4,2.0,0.7793,,,,,1617.0,0.5584,0.5349,0.2369,0.1051,0.021,52081.0,52081.0,65294.0,21916.0,8473.0,0.2524,13.0,10258.0,0.361,0.5838,0.2636363636,70197.0,0.7602,0.6329,60663.0,25000.0,104.959
164368,Hult International Business School,Cambridge,MA,New England,City,Private nonprofit,1,0,3,4,2.0,0.6048,,,,,618.0,0.3981,0.0453,0.0243,0.0744,0.0194,57160.0,57160.0,79075.0,45447.0,11791.0,0.3519,10.0,9400.0,0.0735,0.085,,26412.0,0.8025,0.6667,,,105.757
164447,American International College,Springfield,MA,New England,City,Private nonprofit,1,0,3,4,2.0,0.9957,,513.0,513.0,,1017.0,0.4553,0.2911,0.2606,0.2743,0.0187,44230.0,44230.0,59270.0,23274.0,7628.0,0.2209,16.0,6626.0,0.448,0.6728,0.4057377049,38891.0,0.5673,0.4591,53124.0,27000.0,105.757
164465,Amherst College,Amherst,MA,New England,City,Private nonprofit,1,0,3,3,2.0,0.0901,1533.0,720.0,740.0,33.0,1911.0,0.5495,0.3642,0.089,0.1381,0.1648,70480.0,70480.0,87640.0,23367.0,15606.0,0.9673,6.0,36411.0,0.1984,0.0838,0.2084592145,42053.0,0.9734,0.939,77644.0,13740.0,105.757
164492,Anna Maria College,Paxton,MA,New England,Rural,Private nonprofit,1,0,3,4,2.0,0.503,,,,,906.0,0.3687,0.468,0.1733,0.1545,0.0121,44571.0,44571.0,61888.0,28333.0,7264.0,0.3049,12.0,7851.0,0.3429,0.6541,0.3969335605,53085.0,0.6032,0.4623,46651.0,25000.0,105.757
164562,Assumption University,Worcester,MA,New England,City,Private nonprofit,1,0,3,4,2.0,0.8298,,,,,1669.0,0.5446,0.7082,0.0629,0.1396,0.0198,51356.0,51356.0,65551.0,29498.0,9808.0,0.5112,11.0,13143.0,0.2198,0.8365,0.1752903907,103301.0,0.8392,0.7523,74895.0,27000.0,105.757
164580,Babson College,Wellesley,MA,New England,Suburb,Private nonprofit,1,0,3,4,2.0,0.1709,1457.0,675.0,730.0,32.0,2728.0,0.4399,0.2749,0.0506,0.1708,0.1276,57152.0,57152.0,80192.0,40514.0,20620.0,1.0,15.0,15660.0,0.1628,0.2707,0.1487603306,91204.0,0.9457,0.9312,123938.0,20000.0,105.757
164614,Boston Baptist College,Boston,MA,New England,City,Private nonprofit,1,0,3,3,2.0,0.9091,,,,,19.0,0.3158,0.7368,0.1053,0.1579,0.0,14304.0,14304.0,23370.0,17933.0,1556.0,,6.0,4310.0,0.5455,0.4242,,53774.0,0.3333,0.1429,34159.0,,105.757
164632,Bay Path University,Longmeadow,MA,New England,Suburb,Private nonprofit,1,0,3,4,2.0,0.852,1120.0,589.0,523.0,,1108.0,0.9991,0.4666,0.13,0.2681,0.0199,38302.0,38302.0,47308.0,14271.0,9202.0,0.1041,8.0,8605.0,0.6377,0.7825,0.4970662196,32289.0,0.728,0.4394,55383.0,24901.0,105.757
164739,Bentley University,Waltham,MA,New England,City,Private nonprofit,1,0,3,4,2.0,0.4505,1352.0,650.0,677.0,30.0,4474.0,0.3938,0.525,0.0447,0.1426,0.0999,61000.0,61000.0,79548.0,37930.0,15847.0,0.6667,12.0,16265.0,0.1607,0.4317,0.1555367709,106565.5,0.9268,0.8679,120959.0,25023.0,105.757
164748,Berklee College of Music,Boston,MA,New England,City,Private nonprofit,1,0,3,4,2.0,0.4353,,,,,7468.0,0.4503,0.3709,0.0615,0.1277,0.057,52040.0,52040.0,72700.0,49465.0,10837.0,0.3449,9.0,20700.0,0.1618,0.3392,0.2123362445,50454.0,0.8857,0.6731,33647.0,25000.0,105.757
164872,Boston Architectural College,Boston,MA,New England,City,Private nonprofit,1,0,1,4,1.0,,,,,,280.0,0.6143,0.3536,0.075,0.2429,0.075,27470.0,27470.0,40343.0,25865.0,7127.0,0.1123,9.0,6321.0,0.2876,0.4477,,24033.0,0.75,0.3158,62123.0,37250.0,105.757
164915,Boston Graduate School of Psychoanalysis Inc,Brookline,MA,New England,Suburb,Private nonprofit,1,0,4,4,,,,,,,,,,,,,,,,,4225.0,,,4313.0,,,,,,,,,105.757
164924,Boston College,Chestnut Hill,MA,New England,City,Private nonprofit,1,0,3,4,2.0,0.1643,1507.0,725.0,750.0,34.0,10085.0,0.5224,0.5665,0.0528,0.1295,0.1114,70702.0,70702.0,89493.0,41704.0,18131.0,0.6087,10.0,27008.0,0.1291,0.2996,0.1318956871,103007.0,0.9602,0.9083,103937.0,19000.0,105.757
164988,Boston University,Boston,MA,New England,City,Private nonprofit,1,0,3,4,2.0,0.1111,1480.0,700.0,740.0,33.0,18248.0,0.5813,0.3222,0.0592,0.1145,0.2055,68102.0,68102.0,86285.0,24402.0,16623.0,0.6986,10.0,35988.0,0.1915,0.2292,0.169382716,81244.0,0.9472,0.8866,83238.0,23250.0,105.757
165015,Brandeis University,Waltham,MA,New England,City,Private nonprofit,1,0,3,4,2.0,0.405,1462.0,710.0,740.0,33.0,3618.0,0.571,0.4143,0.0583,0.0901,0.1774,68080.0,68080.0,86448.0,35736.0,14570.0,0.7434,10.0,21670.0,0.1497,0.2822,0.1630695444,72611.5,0.8702,0.8603,77231.0,25648.0,105.757
165024,Bridgewater State University,Bridgewater,MA,New England,Suburb,Public,1,0,3,4,2.0,0.8781,1180.0,560.0,545.0,24.0,7829.0,0.5726,0.6739,0.1059,0.1098,0.0235,11808.0,17948.0,26160.0,16383.0,11130.0,1.0,17.0,11273.0,0.3194,0.7498,0.3414215686,57864.0,0.7512,0.5341,57466.0,24286.0,105.757
165167,Cambridge College,Boston,MA,New England,City,Private nonprofit,1,0,3,4,1.0,,,,,,532.0,0.8064,0.3195,0.297,0.2876,0.0357,18378.0,18378.0,34072.0,31072.0,8333.0,0.0043,12.0,5549.0,0.2999,0.3933,0.509383378,27349.0,1.0,0.1111,45998.0,21791.0,105.757
165264,Laboure College of Healthcare,Milton,MA,New England,Suburb,Private nonprofit,1,0,2,3,2.0,0.5,,,,,525.0,0.8705,0.3162,0.4419,0.1333,0.021,30618.0,30618.0,36863.0,36863.0,7275.0,0.2447,9.0,23476.0,0.3543,0.6778,0.4510779436,33464.0,,1.0,62200.0,25250.0,105.757
165334,Clark University,Worcester,MA,New England,City,Private nonprofit,1,0,3,4,2.0,0.3954,1370.0,666.0,645.0,29.0,2214.0,0.5655,0.6201,0.0547,0.1301,0.0691,58867.0,58867.0,68432.0,28714.0,12471.0,1.0,8.0,19052.0,0.2313,0.5775,0.1629526462,77506.0,0.8617,0.7694,62381.0,26759.0,105.757
165495,Conway School of Landscape Design,Northampton,MA,New England,City,Private nonprofit,1,0,4,4,,,,,,,,,,,,,,,,,6056.0,,,25153.0,,,,,,,,,105.757
165529,Curry College,Milton,MA,New England,Suburb,Private nonprofit,1,0,3,4,2.0,0.8765,1125.0,575.0,550.0,,1780.0,0.573,0.5584,0.1534,0.1399,0.0247,47970.0,47970.0,64020.0,29207.0,11385.0,0.363,12.0,15345.0,0.3091,0.709,0.3001567398,64734.5,0.6616,0.5112,54400.0,25000.0,105.757
165574,Dean College,Franklin,MA,New England,Suburb,Private nonprofit,1,0,3,3,2.0,0.7371,,,,,1089.0,0.5078,0.6272,0.1129,0.123,0.0165,46526.0,46526.0,64889.0,30684.0,7401.0,0.2348,15.0,8116.0,0.3371,0.715,0.3168187744,51545.0,0.6835,0.5359,38109.0,25000.0,105.757
165662,Emerson College,Boston,MA,New England,City,Private nonprofit,1,0,3,4,2.0,0.5131,1358.0,665.0,635.0,30.0,3870.0,0.6574,0.5481,0.0605,0.115,0.0574,57056.0,57056.0,80399.0,49180.0,11853.0,0.3214,14.0,13023.0,0.1551,0.4295,0.1315577078,93112.0,0.8736,0.7711,62832.0,23000.0,105.757
165671,Emmanuel College,Boston,MA,New England,City,Private nonprofit,1,0,3,4,2.0,0.7565,1250.0,630.0,585.0,29.0,1854.0,0.7643,0.6273,0.0782,0.1828,0.0491,48550.0,48550.0,65252.0,26706.0,10788.0,0.5192,13.0,11725.0,0.2235,0.6092,0.2073684211,86708.0,0.7858,0.6751,68245.0,27000.0,105.757
165699,Endicott College,Beverly,MA,New England,Suburb,Private nonprofit,1,0,3,4,2.0,0.7121,1274.0,,,,3125.0,0.6589,0.8448,0.0144,0.0643,0.0128,40650.0,40650.0,59328.0,40654.0,11416.0,0.2453,13.0,13624.0,0.13,0.627,0.1894818252,98646.0,0.8436,0.7556,58336.0,27000.0,105.757
165802,Fisher College,Boston,MA,New England,City,Private nonprofit,1,0,3,4,2.0,0.7068,,475.0,460.0,20.0,1167.0,0.5236,0.2571,0.1191,0.2219,0.0249,35689.0,35689.0,53921.0,26649.0,7855.0,0.28,14.0,7055.0,0.3967,0.6113,0.4677419355,29242.0,0.5459,0.2775,49669.0,25000.0,105.757
165820,Fitchburg State University,Fitchburg,MA,New England,Suburb,Public,1,0,3,4,2.0,0.8693,1150.0,540.0,540.0,22.0,2752.0,0.5265,0.5828,0.1414,0.1773,0.0302,11346.0,17426.0,25555.0,14262.0,10973.0,0.4947,11.0,11112.0,0.3279,0.4676,0.3591470258,56249.0,0.6947,0.5512,53874.0,24239.0,105.757
165866,Framingham State University,Framingham,MA,New England,City,Public,1,0,3,4,2.0,0.8361,1180.0,548.0,535.0,29.0,2566.0,0.5421,0.4988,0.1726,0.2292,0.0382,11920.0,18000.0,27413.0,16114.0,11240.0,0.6034,12.0,9230.0,0.3688,0.5083,0.3225071225,55277.0,0.7099,0.478,52349.0,25000.0,105.757
165884,Benjamin Franklin Cummings Institute of Technology,Boston,MA,New England,City,Private nonprofit,1,0,1,3,1.0,,,,,,483.0,0.1056,0.1014,0.2919,0.3934,0.0663,18906.0,18906.0,30406.0,15488.0,8025.0,0.4648,10.0,7317.0,0.3966,0.3678,0.487804878,22015.0,0.5,0.4577,57556.0,12000.0,105.757
165936,Gordon College,Wenham,MA,New England,Rural,Private nonprofit,1,0,3,4,2.0,0.6923,1265.0,644.0,618.0,27.0,1278.0,0.5751,0.6041,0.0462,0.1103,0.0313,30700.0,30700.0,42446.0,24883.0,7927.0,0.5155,10.0,11030.0,0.208,0.5259,0.1691542289,82787.0,0.8442,0.6854,52119.0,26250.0,105.757
165945,Gordon-Conwell Theological Seminary,South Hamilton,MA,New England,Suburb,Private nonprofit,1,0,4,4,,,,,,,,,,,,,,,,,6381.0,0.9667,,11077.0,,,,,,,,,105.757
166018,Hampshire College,Amherst,MA,New England,Rural,Private nonprofit,1,0,3,3,2.0,0.7528,,,,,839.0,0.6246,0.6222,0.0727,0.1299,0.0215,58896.0,58896.0,74195.0,24034.0,10085.0,0.8103,13.0,12599.0,0.3933,0.6165,0.1390374332,60321.5,0.7838,0.5426,46938.0,26893.0,105.757
166027,Harvard University,Cambridge,MA,New England,City,Private nonprofit,1,0,3,4,2.0,0.0365,1553.0,755.0,775.0,35.0,7601.0,0.5377,0.3085,0.0887,0.1187,0.224,61676.0,61676.0,85540.0,19066.0,25048.0,0.8676,7.0,51780.0,0.1643,0.0444,0.25708061,33066.0,0.983,0.9758,101817.0,14000.0,105.757
166045,Hebrew College,Newton,MA,New England,City,Private nonprofit,1,0,4,4,,,,,,,0.0,0.0,0.0,0.0,0.0,0.0,,,,,8988.0,0.2778,28.0,43982.0,,,,,,,,,105.757
166054,Hellenic College-Holy Cross Greek Orthodox School of Theology,Brookline,MA,New England,Suburb,Private nonprofit,1,0,3,4,2.0,0.7963,,,,,64.0,0.2188,0.6719,0.0156,0.0156,0.0,22490.0,22490.0,41282.0,25203.0,7542.0,0.4063,7.0,15021.0,0.2424,0.3788,,71319.0,0.7143,0.4444,51724.0,21500.0,105.757
166124,College of the Holy Cross,Worcester,MA,New England,City,Private nonprofit,1,0,3,3,2.0,0.1761,1353.0,670.0,660.0,30.0,3106.0,0.5399,0.6829,0.047,0.1285,0.0319,64500.0,64500.0,80334.0,38782.0,12363.0,0.893,9.0,24933.0,0.148,0.3768,0.1662531017,106778.0,0.9478,0.8733,90543.0,27000.0,105.757
166391,Lasell University,Newton,MA,New England,City,Private nonprofit,1,0,3,4,2.0,0.8122,1100.0,638.0,565.0,27.0,1226.0,0.6468,0.6101,0.106,0.1517,0.0228,27040.0,27040.0,42434.0,27511.0,8850.0,0.3208,12.0,10067.0,0.3128,0.7168,0.2880952381,73146.5,0.7038,0.5864,49705.0,26000.0,105.757
166452,Lesley University,Cambridge,MA,New England,City,Private nonprofit,1,0,3,4,2.0,0.9687,,,,,1122.0,0.7077,0.4635,0.0865,0.1889,0.0588,34256.0,34256.0,51538.0,31152.0,8813.0,0.2746,10.0,14953.0,0.3055,0.5387,0.2874251497,51995.0,0.7228,0.5802,51173.0,21000.0,105.757
166489,Longy School of Music of Bard College,Cambridge,MA,New England,City,Private nonprofit,0,0,1,4,2.0,,,,,,10.0,0.4,0.2,0.0,0.0,0.1,55275.0,55275.0,72450.0,38530.0,5720.0,0.0698,4.0,11479.0,0.0588,0.1176,0.1217105263,62890.0,0.8571,0.7778,46543.0,24254.0,105.757
166513,University of Massachusetts-Lowell,Lowell,MA,New England,Suburb,Public,1,0,3,4,2.0,0.8304,1285.0,620.0,635.0,29.0,11434.0,0.4235,0.494,0.1034,0.1718,0.1394,16966.0,36264.0,30786.0,17163.0,14275.0,0.604,17.0,15274.0,0.3,0.5302,0.3176614881,53801.0,0.8399,0.6482,64874.0,23704.0,105.757
166629,University of Massachusetts-Amherst,Amherst,MA,New England,City,Public,1,0,3,4,2.0,0.5973,1423.0,665.0,690.0,31.0,23671.0,0.5227,0.5715,0.0455,0.0913,0.1374,17772.0,40449.0,34549.0,22383.0,14663.0,0.8123,17.0,20843.0,0.1994,0.4662,0.2155418251,74291.0,0.9191,0.8326,71631.0,22763.0,105.757
166638,University of Massachusetts-Boston,Boston,MA,New England,City,Public,1,0,3,4,2.0,0.8378,1194.0,585.0,585.0,27.0,11512.0,0.5545,0.2979,0.1822,0.2123,0.1635,15908.0,38125.0,30544.0,17707.0,12724.0,0.5988,15.0,19582.0,0.4155,0.506,0.4305429864,31247.0,0.7041,0.4941,65865.0,21974.0,105.757
166656,Massachusetts College of Pharmacy and Health Sciences,Boston,MA,New England,City,Private nonprofit,1,0,3,4,2.0,0.8521,1269.0,605.0,635.0,27.0,3451.0,0.7717,0.2938,0.1281,0.1617,0.2031,40530.0,40530.0,65022.0,39545.0,11769.0,0.3299,9.0,14199.0,0.3006,0.6658,0.3048780488,50594.0,0.7396,0.6202,125557.0,25000.0,105.757
166674,Massachusetts College of Art and Design,Boston,MA,New England,City,Public,1,0,3,4,2.0,0.7627,,,,,1831.0,0.7531,0.5456,0.0448,0.1551,0.059,15400.0,43400.0,34239.0,24100.0,10690.0,0.9921,9.0,16343.0,0.2953,0.5117,0.2251552795,68352.0,0.891,0.6887,43582.0,25755.0,105.757
166683,Massachusetts Institute of Technology,Cambridge,MA,New England,City,Private nonprofit,1,0,3,4,2.0,0.0455,1560.0,,,,4535.0,0.4816,0.2126,0.077,0.1409,0.3517,62396.0,62396.0,82730.0,20111.0,24177.0,0.9898,3.0,99057.0,0.1932,0.0669,0.2585139319,53870.0,0.9908,0.9641,143372.0,14768.0,105.757
166692,Massachusetts Maritime Academy,Buzzards Bay,MA,New England,Suburb,Public,1,0,3,4,2.0,0.947,,,,,1395.0,0.1462,0.7978,0.0143,0.0602,0.0108,11420.0,23722.0,31367.0,21582.0,10073.0,0.5346,13.0,16741.0,0.1896,0.8072,0.211062591,108367.0,0.868,0.7406,82392.0,25000.0,105.757
166708,University of Massachusetts Chan Medical School,Worcester,MA,New England,City,Public,1,0,4,4,,,,,,,,,,,,,,,,,11904.0,0.2959,,72843.0,,,,30811.5,,,,,105.757
166717,William James College,Newton,MA,New England,City,Private nonprofit,1,0,3,4,,,,,,,39.0,0.8462,0.4103,0.1795,0.2564,0.0513,,,,,9598.0,0.6275,3.0,19128.0,0.5556,0.6667,,,,,,,105.757
166850,Merrimack College,North Andover,MA,New England,Suburb,Private nonprofit,1,0,3,4,2.0,0.7002,,,,,3916.0,0.536,0.7451,0.0403,0.1185,0.0194,53962.0,53962.0,70038.0,37927.0,12316.0,0.4365,13.0,8809.0,0.1558,0.5999,0.2067881835,102956.5,0.7927,0.7005,75584.0,27000.0,105.757
166869,MGH Institute of Health Professions,Boston,MA,New England,City,Private nonprofit,1,0,3,4,,,,,,,164.0,0.9085,0.6341,0.122,0.1402,0.061,,,,,10516.0,0.7662,10.0,22475.0,0.0,0.2315,0.2829268293,31881.0,,,87130.0,24961.0,105.757
166911,Montserrat College of Art,Beverly,MA,New England,Suburb,Private nonprofit,1,0,3,3,1.0,,,,,,226.0,0.7212,0.6947,0.0487,0.1283,0.031,40690.0,40690.0,58616.0,33216.0,6551.0,0.4667,8.0,9898.0,0.35,0.7538,0.3275862069,52409.0,0.9091,0.5347,33022.0,27000.0,105.757
166939,Mount Holyoke College,South Hadley,MA,New England,Suburb,Private nonprofit,1,0,3,4,2.0,0.3603,1463.0,705.0,700.0,33.0,2169.0,1.0,0.5187,0.053,0.1024,0.0673,67018.0,67018.0,84926.0,26441.0,13140.0,0.9122,9.0,29177.0,0.2189,0.4351,0.1895652174,68909.0,0.8859,0.8439,58418.0,22902.0,105.757
167057,The New England Conservatory of Music,Boston,MA,New England,City,Private nonprofit,1,0,3,4,2.0,0.411,,,,,393.0,0.4478,0.3282,0.0153,0.0611,0.0916,60750.0,60750.0,81277.0,46754.0,7937.0,0.3037,5.0,46533.0,0.0738,0.2341,,90092.0,0.8842,0.7339,34483.0,27000.0,105.757
167093,New England College of Optometry,Boston,MA,New England,City,Private nonprofit,1,0,3,4,,,,,,,,,,,,,,,,,11078.0,0.375,,26255.0,,,,,,,,,105.757
167215,New England Law-Boston,Boston,MA,New England,City,Private nonprofit,1,0,4,4,,,,,,,,,,,,,,,,,12017.0,0.2013,,6314.0,,,,,,,,,105.757
167260,Nichols College,Dudley,MA,New England,Suburb,Private nonprofit,1,0,3,4,2.0,0.8084,1140.0,525.0,540.0,23.0,1163.0,0.3414,0.73,0.0774,0.104,0.0129,42705.0,42705.0,58310.0,33036.0,9714.0,0.3525,15.0,6461.0,0.2552,0.6866,0.3157099698,68677.0,0.7246,0.6261,58063.0,27000.0,105.757
167288,Massachusetts College of Liberal Arts,North Adams,MA,New England,Town,Public,1,0,3,4,2.0,0.8974,,,,,713.0,0.554,0.7279,0.087,0.0673,0.0168,12436.0,21381.0,26026.0,16068.0,10457.0,0.6378,8.0,22306.0,0.4127,0.6077,0.3300699301,45534.0,0.7566,0.5564,48102.0,23750.0,105.757
167358,Northeastern University,Boston,MA,New England,City,Private nonprofit,1,0,3,4,2.0,0.0522,1497.0,730.0,760.0,34.0,17326.0,0.5657,0.3986,0.0497,0.1042,0.2232,66162.0,66162.0,84641.0,30915.0,16218.0,0.7023,16.0,21813.0,0.1234,0.2732,0.1851581509,80224.5,0.969,0.9054,92538.0,24250.0,105.757
167394,College of Our Lady of the Elms,Chicopee,MA,New England,Suburb,Private nonprofit,1,0,3,4,2.0,0.8526,,568.0,555.0,,949.0,0.7292,0.4521,0.1286,0.2835,0.0232,43325.0,43325.0,54027.0,17545.0,7693.0,0.3229,11.0,9941.0,0.4509,0.7052,0.3516642547,35491.0,0.7602,0.6809,51540.0,25000.0,105.757
167525,Quincy College,Quincy,MA,New England,Suburb,Public,1,0,2,3,1.0,,,,,,2300.0,0.6096,0.4117,0.2413,0.1048,0.0622,8938.0,8938.0,22528.0,17126.0,9390.0,0.8537,22.0,3496.0,0.331,0.2167,0.480050399,24935.5,0.6,0.1509,52506.0,13874.0,105.757
167598,Regis College,Weston,MA,New England,Suburb,Private nonprofit,1,0,3,4,2.0,0.6978,,,,,956.0,0.7835,0.4226,0.1119,0.2134,0.0387,49680.0,49680.0,65546.0,27477.0,9009.0,0.3529,9.0,12340.0,0.3101,0.6546,0.3487972509,53979.0,0.7895,0.7217,52873.0,25500.0,105.757
167677,Saint John's Seminary,Brighton,MA,New England,City,Private nonprofit,1,0,3,4,,,,,,,7.0,0.0,0.4286,0.0,0.1429,0.0,,,,,6108.0,0.6875,4.0,32269.0,0.0,0.0,,,,,,,105.757
167729,Salem State University,Salem,MA,New England,Suburb,Public,1,0,3,4,2.0,0.9588,,,,,4291.0,0.636,0.5202,0.0876,0.2498,0.0303,12338.0,19531.0,28291.0,15996.0,10694.0,1.0,12.0,10571.0,0.3538,0.491,0.4025974026,43677.0,0.7525,0.4977,56662.0,25000.0,105.757
167783,Simmons University,Boston,MA,New England,City,Private nonprofit,1,0,3,4,2.0,0.6998,1316.0,650.0,600.0,29.0,1670.0,1.0,0.4629,0.124,0.1659,0.1018,46874.0,46874.0,63460.0,25265.0,8463.0,0.3026,9.0,16715.0,0.3318,0.6341,0.2039397451,62454.0,0.8481,0.7234,63494.0,24840.0,105.757
167792,Simon's Rock at Bard College,Barrytown,NY,Mid East,Rural,Private nonprofit,0,0,2,3,2.0,0.9589,,,,,225.0,0.5644,0.3733,0.0667,0.0622,0.0578,68780.0,68780.0,85262.0,31625.0,8318.0,0.6618,6.0,24017.0,0.1699,0.3301,0.1217105263,62890.0,0.7745,0.6828,46543.0,24254.0,107.921
167835,Smith College,Northampton,MA,New England,City,Private nonprofit,1,0,3,4,2.0,0.21,1500.0,725.0,725.0,33.0,2544.0,0.9996,0.5039,0.0515,0.1215,0.092,65178.0,65178.0,86030.0,27579.0,13076.0,0.8697,8.0,31466.0,0.1788,0.1409,0.1850828729,70695.0,0.943,0.8905,64027.0,17550.0,105.757
167899,Springfield College,Springfield,MA,New England,City,Private nonprofit,1,0,3,4,2.0,0.7189,1275.0,605.0,610.0,27.0,1751.0,0.4849,0.7184,0.0691,0.1074,0.0331,45174.0,45174.0,60729.0,30587.0,8245.0,1.0,11.0,14653.0,0.2236,0.7212,0.3138871275,46944.5,0.8067,0.7419,48036.0,26250.0,105.757
167987,University of Massachusetts-Dartmouth,North Dartmouth,MA,New England,Suburb,Public,1,0,3,4,2.0,0.9064,1182.0,570.0,575.0,23.0,5221.0,0.5214,0.5512,0.185,0.1377,0.0347,15612.0,32567.0,33485.0,20927.0,12795.0,0.6792,16.0,16600.0,0.3702,0.6433,0.3518893387,49153.5,0.636,0.5207,68804.0,25000.0,105.757
167996,Stonehill College,Easton,MA,New England,Suburb,Private nonprofit,1,0,3,4,2.0,0.6628,,,,,2528.0,0.5427,0.7583,0.0562,0.0779,0.0265,57490.0,57490.0,72714.0,33016.0,10720.0,0.5819,12.0,15436.0,0.1706,0.6242,0.1639004149,111481.0,0.8396,0.76,77745.0,25000.0,105.757
168005,Suffolk University,Boston,MA,New England,City,Private nonprofit,1,0,3,4,2.0,0.8233,1216.0,600.0,580.0,26.0,4268.0,0.6432,0.4941,0.097,0.1593,0.0806,47550.0,47550.0,65281.0,29618.0,12891.0,0.5615,15.0,11805.0,0.2995,0.5477,0.2965027876,62281.0,0.7543,0.6088,67506.0,26889.0,105.757
168148,Tufts University,Medford,MA,New England,Suburb,Private nonprofit,1,0,3,4,2.0,0.1149,1513.0,735.0,760.0,34.0,7061.0,0.5654,0.4063,0.0606,0.1011,0.1684,70704.0,70704.0,88300.0,39998.0,14205.0,0.6422,10.0,28034.0,0.1204,0.1886,0.1529548088,85929.5,0.955,0.9351,83214.0,16250.0,105.757
168218,Wellesley College,Wellesley,MA,New England,Suburb,Private nonprofit,1,0,3,3,2.0,0.1405,1520.0,735.0,735.0,33.0,2300.0,0.9987,0.2983,0.0843,0.1439,0.257,67176.0,67176.0,86290.0,25496.0,14120.0,0.8005,7.0,39815.0,0.2113,0.1613,0.1717791411,59989.5,0.965,0.9153,84803.0,10000.0,105.757
168227,Wentworth Institute of Technology,Boston,MA,New England,City,Private nonprofit,1,0,3,4,2.0,0.9121,1229.0,610.0,625.0,28.0,3747.0,0.2647,0.5677,0.0873,0.1481,0.0859,42884.0,42884.0,61096.0,34170.0,11150.0,0.4752,17.0,14597.0,0.2311,0.5468,0.24718398,82446.0,0.8376,0.6824,82721.0,25028.0,105.757
168254,Western New England University,Springfield,MA,New England,City,Private nonprofit,1,0,3,4,2.0,0.8348,1192.0,600.0,604.0,28.0,2603.0,0.4357,0.6573,0.0584,0.1206,0.0311,47820.0,47820.0,60262.0,27290.0,10676.0,0.6068,12.0,12651.0,0.2446,0.7794,0.2454954955,83848.5,0.7397,0.6398,73157.0,25500.0,105.757
168263,Westfield State University,Westfield,MA,New England,Suburb,Public,1,0,3,4,2.0,0.8141,,545.0,540.0,20.0,3615.0,0.553,0.6819,0.068,0.1552,0.0241,12179.0,18259.0,27649.0,16721.0,11555.0,0.5867,17.0,12928.0,0.3295,0.5055,0.3050716221,63176.0,0.739,0.5441,57346.0,22457.0,105.757
168281,Wheaton College (Massachusetts),Norton,MA,New England,Suburb,Private nonprofit,1,0,3,3,2.0,0.6773,1308.0,640.0,620.0,30.0,1773.0,0.6543,0.7016,0.0519,0.0801,0.035,63960.0,63960.0,79311.0,29822.0,8150.0,0.7394,11.0,17319.0,0.2217,0.7754,0.147107438,84390.0,0.8218,0.7282,67725.0,26000.0,105.757
168342,Williams College,Williamstown,MA,New England,Town,Private nonprofit,1,0,3,4,2.0,0.0825,1533.0,,,,2076.0,0.5246,0.4663,0.0607,0.1411,0.1248,68560.0,68560.0,84860.0,17716.0,15317.0,0.8771,6.0,51880.0,0.1761,0.0483,0.215496368,52356.0,0.9685,0.9361,88665.0,12761.0,105.757
168421,Worcester Polytechnic Institute,Worcester,MA,New England,City,Private nonprofit,1,0,3,4,2.0,0.6016,,,,,5447.0,0.3255,0.6422,0.027,0.0852,0.1263,60965.0,60965.0,78679.0,43071.0,13376.0,0.8285,13.0,21636.0,0.1188,0.5173,0.1337719298,114021.0,0.9366,0.8971,103470.0,27000.0,105.757
168430,Worcester State University,Worcester,MA,New England,City,Public,1,0,3,4,2.0,0.8799,1150.0,555.0,557.0,24.0,3930.0,0.6043,0.5855,0.0985,0.1921,0.0552,11786.0,17866.0,22874.0,13381.0,10308.0,0.4659,16.0,9709.0,0.3,0.4421,0.3564493759,54212.0,0.7814,0.6145,60624.0,19500.0,105.757
168528,Adrian College,Adrian,MI,Great Lakes,Town,Private nonprofit,1,0,3,4,2.0,0.7253,1034.0,530.0,515.0,22.0,1604.0,0.4258,0.596,0.0636,0.0623,0.0037,41684.0,41684.0,56003.0,25368.0,6614.0,0.4438,16.0,8132.0,0.3081,0.7074,0.3100529101,68386.0,0.6542,0.4842,55504.0,27000.0,96.217
168546,Albion College,Albion,MI,Great Lakes,Town,Private nonprofit,1,0,3,3,2.0,0.807,,,,,1300.0,0.5323,0.5408,0.1554,0.1269,0.0138,56950.0,56950.0,69986.0,14301.0,7469.0,0.8824,11.0,18176.0,0.4749,0.6366,0.2797619048,54587.5,0.708,0.6159,58799.0,27000.0,96.217
168591,Alma College,Alma,MI,Great Lakes,Town,Private nonprofit,1,0,3,4,2.0,0.5703,,,,,1148.0,0.5253,0.7735,0.0601,0.0357,0.0087,49552.0,49552.0,63650.0,20694.0,7879.0,0.6232,14.0,14519.0,0.2704,0.566,0.2410714286,70073.0,0.8497,0.6287,54742.0,27000.0,96.217
168607,Alpena Community College,Alpena,MI,Great Lakes,Town,Public,1,0,2,3,1.0,,,,,,732.0,0.5137,0.8648,0.0219,0.0423,0.0068,5250.0,8010.0,12246.0,3320.0,9860.0,0.5176,15.0,9220.0,0.217,0.0987,0.4283646889,25707.0,0.5,0.515,36442.0,9024.0,96.217
168740,Andrews University,Berrien Springs,MI,Great Lakes,Town,Private nonprofit,1,0,3,4,2.0,0.8185,1150.0,595.0,580.0,24.0,1224.0,0.518,0.2149,0.1716,0.2198,0.1127,35056.0,35056.0,45218.0,12547.0,7256.0,0.6677,10.0,14063.0,0.2471,0.306,0.1721311475,55290.0,0.8321,0.7153,53187.0,26000.0,96.217
168786,Aquinas College,Grand Rapids,MI,Great Lakes,City,Private nonprofit,1,0,3,4,2.0,0.8988,1025.0,555.0,530.0,23.0,1083.0,0.5245,0.7359,0.0268,0.0933,0.0157,40218.0,40218.0,51652.0,16626.0,6660.0,0.5068,10.0,8672.0,0.239,0.6882,0.2191780822,65630.0,0.7831,0.6536,49584.0,23000.0,96.217
168847,Baker College,Owosso,MI,Great Lakes,Town,Private nonprofit,1,0,3,4,2.0,0.8187,1080.0,,,,3026.0,0.7865,0.7336,0.1147,0.0621,0.0175,13000.0,13000.0,24526.0,13157.0,6382.0,0.1843,9.0,10207.0,0.3768,0.4507,0.4714151828,23085.0,0.661,0.3583,35833.0,25000.0,96.217
169080,Calvin University,Grand Rapids,MI,Great Lakes,City,Private nonprofit,1,0,3,4,2.0,0.7091,1233.0,615.0,615.0,27.0,3193.0,0.4995,0.6799,0.0529,0.0435,0.0407,39350.0,39350.0,54222.0,22992.0,9559.0,1.0,13.0,13491.0,0.1743,0.3344,0.1322525597,82351.0,0.8676,0.7406,58375.0,23250.0,96.217
169099,Calvin Theological Seminary,Grand Rapids,MI,Great Lakes,City,Private nonprofit,1,0,4,4,,,,,,,,,,,,,,,,,8917.0,0.8,,9881.0,,,,,,,,,96.217
169220,Michigan School of Psychology,Farmington Hills,MI,Great Lakes,City,Private nonprofit,1,0,4,4,,,,,,,,,,,,,,,,,9163.0,0.4242,,12931.0,,,,,,,,,96.217
169248,Central Michigan University,Mount Pleasant,MI,Great Lakes,Town,Public,1,0,3,4,2.0,0.8982,1091.0,565.0,550.0,23.0,10035.0,0.6164,0.7608,0.0821,0.0576,0.0146,14760.0,14760.0,30681.0,17597.0,10682.0,0.7527,16.0,8718.0,0.3143,0.6872,0.2932980354,57838.0,0.7536,0.5872,55874.0,27000.0,96.217
169327,Cleary University,Howell,MI,Great Lakes,Suburb,Private nonprofit,1,0,3,4,2.0,0.6754,,530.0,530.0,19.0,738.0,0.393,0.5827,0.2358,0.0312,0.0176,26102.0,26102.0,39718.0,22143.0,4499.0,0.0441,18.0,3298.0,0.2988,0.5358,0.4229249012,46773.5,0.6585,0.4146,54186.0,19500.0,96.217
169363,Concordia University Ann Arbor,Ann Arbor,MI,Great Lakes,City,Private nonprofit,0,0,3,4,2.0,0.6925,,,,21.0,702.0,0.5014,0.6752,0.0997,0.0627,0.01,35410.0,35410.0,51853.0,32811.0,6511.0,1.0,21.0,8791.0,0.2414,0.6073,0.3183879093,58748.0,0.4464,0.4764,56075.0,25750.0,96.217
169424,Cranbrook Academy of Art,Bloomfield Hills,MI,Great Lakes,Suburb,Private nonprofit,1,0,4,4,,,,,,,,,,,,,,,,,10131.0,0.8462,,44834.0,,,,,,,,,96.217
169442,College for Creative Studies,Detroit,MI,Great Lakes,City,Private nonprofit,1,0,3,4,2.0,0.9194,,,,,1230.0,0.6805,0.5049,0.1276,0.0585,0.0512,53350.0,53350.0,66014.0,34617.0,10972.0,1.0,10.0,15709.0,0.3002,0.5247,0.2283609576,61518.5,0.8217,0.7061,44860.0,26000.0,96.217
169479,Davenport University,Grand Rapids,MI,Great Lakes,Suburb,Private nonprofit,1,0,3,4,2.0,0.9784,,,,,3134.0,0.5635,0.6181,0.141,0.0865,0.0287,24466.0,24466.0,37319.0,17707.0,7047.0,0.293,18.0,6091.0,0.338,0.4577,0.3986062718,34920.5,0.8205,0.5659,45099.0,26000.0,96.217
169716,University of Detroit Mercy,Detroit,MI,Great Lakes,City,Private nonprofit,1,0,3,4,2.0,0.7542,1134.0,575.0,580.0,26.0,2438.0,0.6411,0.58,0.1107,0.087,0.0726,32946.0,32946.0,42211.0,15232.0,10733.0,1.0,12.0,14925.0,0.2634,0.2595,0.2871198569,43983.0,0.8349,0.672,71030.0,23250.0,96.217
169798,Eastern Michigan University,Ypsilanti,MI,Great Lakes,Suburb,Public,1,0,3,4,2.0,0.7964,1066.0,535.0,520.0,22.0,10055.0,0.5868,0.5601,0.1744,0.1034,0.0334,16240.0,16240.0,29640.0,15407.0,10472.0,0.9856,14.0,8921.0,0.3664,0.429,0.3441964286,36983.0,0.6875,0.4644,51793.0,25000.0,96.217
169910,Ferris State University,Big Rapids,MI,Great Lakes,Town,Public,1,0,3,4,2.0,0.9139,1012.0,525.0,515.0,23.0,8106.0,0.5424,0.7269,0.1036,0.0713,0.0168,14778.0,14778.0,27048.0,8624.0,10752.0,0.7097,15.0,9659.0,0.3423,0.4336,0.352963101,41668.5,0.7762,0.4687,54735.0,21000.0,96.217
169983,Kettering University,Flint,MI,Great Lakes,City,Private nonprofit,1,0,3,4,2.0,0.7867,1251.0,615.0,625.0,28.0,1205.0,0.2025,0.7344,0.0531,0.044,0.0705,48470.0,48470.0,61250.0,34660.0,9222.0,1.0,11.0,13932.0,0.1698,0.4527,0.1818181818,88308.0,0.943,0.708,94823.0,27000.0,96.217
170000,Grace Christian University,Wyoming,MI,Great Lakes,City,Private nonprofit,1,0,3,4,2.0,0.9916,,,,,716.0,0.5405,0.5154,0.2374,0.1117,0.0182,18690.0,18690.0,26166.0,12404.0,5647.0,1.0,15.0,5132.0,0.4691,0.5432,0.517053206,25000.0,0.6522,0.5104,41663.0,24375.0,96.217
170037,Cornerstone University,Grand Rapids,MI,Great Lakes,City,Private nonprofit,1,0,3,4,2.0,0.7777,,555.0,540.0,23.0,1298.0,0.5863,0.7034,0.0663,0.0624,0.0162,23000.0,23000.0,42043.0,20301.0,7119.0,1.0,15.0,4718.0,0.3276,0.5229,0.3476744186,49808.0,0.7828,0.6187,47314.0,25000.0,96.217
170082,Grand Valley State University,Allendale,MI,Great Lakes,Town,Public,1,0,3,4,2.0,0.8302,1074.0,,,,18854.0,0.6041,0.7464,0.0796,0.0857,0.0286,15140.0,21548.0,28367.0,16317.0,10156.0,0.6562,15.0,10704.0,0.2923,0.5013,0.2732988166,63788.0,0.7632,0.6701,56118.0,24500.0,96.217
170091,Great Lakes Christian College,Lansing,MI,Great Lakes,Suburb,Private nonprofit,1,0,3,3,1.0,,,,,,197.0,0.3909,0.533,0.3147,0.0406,0.0203,19520.0,19520.0,30311.0,15524.0,4828.0,0.2727,14.0,5162.0,0.5314,0.5086,0.2903225806,33970.0,0.4894,0.36,31053.0,18779.0,96.217
170240,Henry Ford College,Dearborn,MI,Great Lakes,City,Public,1,0,1,3,1.0,,,,,,8643.0,0.5706,0.5269,0.1741,0.0381,0.0292,3568.0,7816.0,11784.0,660.0,11423.0,1.0,25.0,7801.0,0.4554,0.1704,0.5072463768,16847.0,,0.1723,34795.0,14250.0,96.217
170286,Hillsdale College,Hillsdale,MI,Great Lakes,Town,Private nonprofit,1,0,3,4,2.0,0.2072,1415.0,720.0,705.0,32.0,1573.0,0.5092,0.0,0.0,0.0,0.0,33189.0,33189.0,,,8424.0,1.0,8.0,40494.0,0.0,0.0,,,0.9656,0.8971,,,96.217
170301,Hope College,Holland,MI,Great Lakes,City,Private nonprofit,1,0,3,3,2.0,0.7924,1249.0,610.0,605.0,28.0,3288.0,0.6019,0.7734,0.0392,0.0824,0.0246,41970.0,41970.0,55646.0,27182.0,8709.0,0.6866,9.0,13039.0,0.1648,0.4418,0.1491317671,92618.0,0.8837,0.7995,58427.0,26800.0,96.217
170532,Kalamazoo College,Kalamazoo,MI,Great Lakes,City,Private nonprofit,1,0,3,3,2.0,0.7532,1280.0,640.0,630.0,27.0,1149.0,0.5527,0.6205,0.0566,0.1723,0.0331,61050.0,61050.0,74208.0,19072.0,8916.0,0.848,10.0,20681.0,0.2575,0.4498,0.1369509044,80869.0,0.8455,0.7598,65590.0,26077.0,96.217
170639,Lake Superior State University,Sault Ste Marie,MI,Great Lakes,Town,Public,1,0,3,3,1.0,,,535.0,520.0,23.0,1325.0,0.5426,0.6996,0.0302,0.0189,0.0075,14890.0,14890.0,27154.0,12822.0,8000.0,0.9175,13.0,11551.0,0.2654,0.3703,0.3303167421,49053.0,0.788,0.5098,49045.0,23250.0,96.217
170675,Lawrence Technological University,Southfield,MI,Great Lakes,City,Private nonprofit,1,0,3,4,2.0,0.559,,,,,1668.0,0.3387,0.6283,0.1157,0.0462,0.0306,44760.0,44760.0,58166.0,32918.0,9215.0,0.3654,11.0,12614.0,0.155,0.346,0.2227722772,63637.0,0.7836,0.6058,69151.0,27000.0,96.217
170806,Madonna University,Livonia,MI,Great Lakes,City,Private nonprofit,1,0,3,4,2.0,0.6339,980.0,510.0,505.0,23.0,1632.0,0.6422,0.6103,0.1636,0.0502,0.038,28440.0,28440.0,41038.0,17755.0,7541.0,0.3744,11.0,11643.0,0.304,0.5454,0.4176755448,30676.5,0.7154,0.6,59058.0,23000.0,96.217
170967,Rochester Christian University,Rochester Hills,MI,Great Lakes,Suburb,Private nonprofit,1,0,3,4,2.0,0.9765,,,,,792.0,0.6035,0.6275,0.1654,0.0417,0.0164,29196.0,29196.0,41787.0,21456.0,6476.0,0.9487,13.0,8275.0,0.309,0.4991,0.4059233449,32020.0,0.5957,0.4412,48707.0,24475.0,96.217
170976,University of Michigan-Ann Arbor,Ann Arbor,MI,Great Lakes,City,Public,1,0,3,4,2.0,0.1564,1465.0,,,,34177.0,0.539,0.4671,0.0523,0.1169,0.1845,17736.0,60946.0,34654.0,13138.0,13384.0,0.8168,11.0,29014.0,0.1813,0.237,0.2057218455,65045.0,0.9747,0.932,83648.0,19500.0,96.217
171100,Michigan State University,East Lansing,MI,Great Lakes,City,Public,1,0,3,4,2.0,0.848,1269.0,600.0,610.0,26.0,40922.0,0.5165,0.6723,0.066,0.0672,0.0789,16458.0,43842.0,32198.0,19680.0,13468.0,0.8591,17.0,19397.0,0.2009,0.3363,0.2095218963,70982.0,0.9005,0.8072,67253.0,23250.0,96.217
171128,Michigan Technological University,Houghton,MI,Great Lakes,Town,Public,1,0,3,4,2.0,0.9243,1258.0,610.0,623.0,28.0,5955.0,0.2903,0.8207,0.0099,0.0309,0.0176,19123.0,42988.0,34152.0,14182.0,11858.0,0.8658,13.0,12828.0,0.2023,0.4555,0.1853785901,77439.0,0.8882,0.6806,78198.0,24990.0,96.217
171137,University of Michigan-Dearborn,Dearborn,MI,Great Lakes,City,Public,1,0,3,4,2.0,0.5561,1115.0,580.0,595.0,25.0,5952.0,0.4805,0.6344,0.0815,0.0677,0.1074,15640.0,32896.0,24040.0,9492.0,11247.0,0.6877,16.0,12893.0,0.4624,0.3634,0.3818103818,25334.0,0.8249,0.5798,59649.0,22500.0,96.217
171146,University of Michigan-Flint,Flint,MI,Great Lakes,City,Public,1,0,3,4,2.0,0.7046,1102.0,578.0,555.0,25.0,4411.0,0.6364,0.6629,0.1544,0.0603,0.0283,14704.0,28320.0,20915.0,7007.0,10504.0,0.5723,14.0,11896.0,0.386,0.4288,0.3679401993,32758.0,0.7778,0.4031,53230.0,25000.0,96.217
171456,Northern Michigan University,Marquette,MI,Great Lakes,Town,Public,1,0,3,4,2.0,0.8402,,,,,6556.0,0.6074,0.8359,0.0198,0.0441,0.0049,14277.0,19773.0,27841.0,14085.0,9306.0,0.7103,18.0,8369.0,0.2795,0.4552,0.2846975089,55241.5,0.7796,0.5214,47107.0,21474.0,96.217
171483,Northwestern Michigan College,Traverse City,MI,Great Lakes,City,Public,1,0,2,3,1.0,,,,,,2813.0,0.5027,0.7679,0.0164,0.054,0.0135,5860.0,13476.0,13753.0,6231.0,10057.0,0.4252,13.0,12899.0,0.3001,0.2139,0.3807138384,30828.0,0.8438,0.2484,38167.0,12500.0,96.217
171492,Northwood University,Midland,MI,Great Lakes,City,Private nonprofit,1,0,3,4,2.0,0.6451,,,,,1974.0,0.3744,0.7224,0.0876,0.0765,0.0111,34400.0,34400.0,48780.0,27232.0,8840.0,0.22,14.0,7560.0,0.2569,0.448,0.397157816,42219.0,0.7862,0.6332,63075.0,20842.0,96.217
171571,Oakland University,Rochester Hills,MI,Great Lakes,Suburb,Public,1,0,3,4,2.0,0.8784,1120.0,555.0,545.0,25.0,12351.0,0.5719,0.6906,0.1022,0.0613,0.0598,15262.0,23188.0,25182.0,9120.0,10527.0,0.5415,17.0,10989.0,0.3198,0.3739,0.3242526092,45384.5,0.7794,0.5756,58612.0,22750.0,96.217
171599,The University of Olivet,Olivet,MI,Great Lakes,Rural,Private nonprofit,1,0,3,4,2.0,0.8325,,510.0,505.0,21.0,892.0,0.426,0.6581,0.1794,0.074,0.0056,34068.0,34068.0,47069.0,21393.0,6387.0,1.0,17.0,9409.0,0.4947,0.7825,0.3344103393,48628.0,0.6138,0.3527,47907.0,27000.0,96.217
171881,Kuyper College,Grand Rapids,MI,Great Lakes,Suburb,Private nonprofit,1,0,3,3,2.0,0.691,,,,,145.0,0.3103,0.4345,0.2966,0.1034,0.0414,27660.0,27660.0,38366.0,15644.0,5553.0,0.2927,9.0,11903.0,0.4314,0.4706,,63801.0,0.5897,0.5,41066.0,21389.0,96.217
172033,Sacred Heart Major Seminary,Detroit,MI,Great Lakes,City,Private nonprofit,1,0,1,4,2.0,1.0,,,,,178.0,0.427,0.5393,0.0056,0.118,0.0281,24120.0,24120.0,41915.0,11916.0,7389.0,0.6087,7.0,16084.0,0.0695,0.016,,21622.0,1.0,0.6667,49295.0,,96.217
172051,Saginaw Valley State University,University Center,MI,Great Lakes,Suburb,Public,1,0,3,4,2.0,0.7207,1052.0,545.0,520.0,22.0,5989.0,0.6348,0.7551,0.0848,0.0601,0.0132,12930.0,30450.0,24936.0,10775.0,9515.0,0.4235,16.0,9060.0,0.3517,0.5039,0.3286713287,52670.5,0.7757,0.4825,51955.0,25000.0,96.217
172200,Schoolcraft Community College District,Livonia,MI,Great Lakes,City,Public,1,0,2,3,1.0,,,,,,7511.0,0.587,0.5585,0.1944,0.0734,0.0413,4736.0,8142.0,12048.0,2260.0,11755.0,0.2704,27.0,8021.0,0.2807,0.0752,0.4256217738,21237.0,,0.1836,42722.0,10500.0,96.217
172264,Siena Heights University,Adrian,MI,Great Lakes,Town,Private nonprofit,1,0,3,4,2.0,0.689,954.0,,,,1495.0,0.5445,0.6361,0.1385,0.1017,0.014,30778.0,30778.0,44449.0,17124.0,6749.0,1.0,14.0,6331.0,0.3419,0.6779,0.4433634468,38665.0,0.7,0.3862,57529.0,18750.0,96.217
172334,Spring Arbor University,Spring Arbor,MI,Great Lakes,Rural,Private nonprofit,1,0,3,4,2.0,0.5152,1170.0,,,,1010.0,0.6475,0.6911,0.0663,0.0505,0.0119,34014.0,34014.0,44703.0,19353.0,6316.0,0.2727,12.0,5867.0,0.2869,0.5536,0.351659751,52494.0,0.7707,0.6354,51732.0,26375.0,96.217
172477,Thomas M Cooley Law School,Lansing,MI,Great Lakes,City,Private nonprofit,1,0,4,4,,,,,,,,,,,,,,,,,12684.0,0.4667,,21342.0,,,,,,,63450.0,,96.217
172608,Walsh College,Troy,MI,Great Lakes,City,Private nonprofit,1,0,3,4,,,,,,,445.0,0.4787,0.7101,0.0854,0.0157,0.0404,,,,,11435.0,0.1495,12.0,12049.0,0.3474,0.4921,0.481865285,28076.0,,,72081.0,16217.0,96.217
172644,Wayne State University,Detroit,MI,Great Lakes,City,Public,1,0,3,4,2.0,0.8116,1156.0,575.0,570.0,25.0,15587.0,0.5875,0.5276,0.1787,0.0778,0.1415,15190.0,32037.0,27350.0,12766.0,12166.0,0.5813,14.0,14651.0,0.4569,0.3779,0.3760200879,28605.5,0.8265,0.5844,53493.0,21250.0,96.217
172699,Western Michigan University,Kalamazoo,MI,Great Lakes,City,Public,1,0,3,4,2.0,0.846,,565.0,545.0,24.0,12568.0,0.5161,0.681,0.082,0.0926,0.029,15252.0,19034.0,29237.0,15273.0,10830.0,0.6315,16.0,13167.0,0.2675,0.471,0.2931240658,51033.5,0.8112,0.5757,53562.0,26188.0,96.217
172705,Western Theological Seminary,Holland,MI,Great Lakes,City,Private nonprofit,1,0,4,4,,,,,,,,,,,,,,,,,8996.0,0.9583,,14925.0,,,,,,,,,96.217
172866,Academy College,Bloomington,MN,Plains,City,Private for-profit,1,0,3,3,1.0,,,,,,56.0,0.1429,0.4643,0.0714,0.0893,0.0357,18680.0,18680.0,33874.0,29093.0,2708.0,1.0,8.0,5344.0,0.2571,0.4857,0.3260869565,24907.0,0.0,0.36,48300.0,29500.0,98.621
173045,Augsburg University,Minneapolis,MN,Plains,City,Private nonprofit,1,0,3,4,2.0,0.8198,,592.0,691.0,21.0,2494.0,0.5481,0.2995,0.2951,0.1431,0.1115,45452.0,45452.0,62303.0,23873.0,8416.0,0.5163,14.0,12043.0,0.5614,0.766,0.2890120037,41360.0,0.7233,0.5167,58829.0,25347.0,98.621
173124,Bemidji State University,Bemidji,MN,Plains,Town,Public,1,0,3,4,2.0,0.5598,1090.0,,,22.0,3139.0,0.6101,0.7729,0.0347,0.0443,0.0172,10237.0,10237.0,22744.0,15261.0,10427.0,0.6531,18.0,9867.0,0.2832,0.4217,0.2725245317,57931.0,0.7267,0.4787,53755.0,19750.0,98.621
173142,Bethany Lutheran College,Mankato,MN,Plains,City,Private nonprofit,1,0,3,4,2.0,0.3897,1150.0,,,,669.0,0.5172,0.6607,0.0314,0.0583,0.012,31360.0,31360.0,41013.0,20148.0,7253.0,0.5059,12.0,10719.0,0.2247,0.4376,,70558.0,0.7196,0.5486,46110.0,23000.0,98.621
173160,Bethel University,Saint Paul,MN,Plains,Suburb,Private nonprofit,1,0,3,4,2.0,0.878,1249.0,627.0,607.0,24.0,1871.0,0.551,0.7664,0.0625,0.0722,0.0497,44226.0,44226.0,58569.0,28556.0,8331.0,0.3559,14.0,9737.0,0.1852,0.4386,0.1858254105,77425.5,0.8571,0.7138,63764.0,21500.0,98.621
173258,Carleton College,Northfield,MN,Plains,Town,Private nonprofit,1,0,3,3,2.0,0.2041,1517.0,729.0,750.0,33.0,2086.0,0.5034,0.5096,0.059,0.1007,0.1026,68892.0,68892.0,84893.0,25407.0,13960.0,0.8733,8.0,40626.0,0.1653,0.434,0.1568123393,78779.0,0.9647,0.896,75525.0,16750.0,98.621
173300,Concordia College at Moorhead,Moorhead,MN,Plains,Suburb,Private nonprofit,1,0,3,4,2.0,0.6265,1190.0,595.0,554.0,23.0,1829.0,0.5314,0.7523,0.0459,0.0498,0.0295,31170.0,31170.0,45942.0,24902.0,7714.0,0.7236,12.0,12965.0,0.1907,0.5309,0.1268844221,87417.0,0.8356,0.6107,59317.0,26847.0,98.621
173328,Concordia University-Saint Paul,Saint Paul,MN,Plains,City,Private nonprofit,1,0,3,4,2.0,0.7887,,,,,3018.0,0.6746,0.4579,0.2177,0.117,0.1213,25600.0,25600.0,37239.0,18462.0,7654.0,0.2245,16.0,3921.0,0.3522,0.5248,0.3356692362,42756.0,0.6739,0.459,59871.0,17832.0,98.621
173452,Martin Luther College,New Ulm,MN,Plains,Town,Private nonprofit,1,0,3,4,2.0,0.8717,1090.0,590.0,575.0,24.0,725.0,0.5366,0.9007,0.0152,0.0166,0.0083,18120.0,18120.0,29250.0,18463.0,5088.0,0.7959,10.0,11791.0,0.2705,0.6797,,60923.5,0.8467,0.715,47491.0,20177.0,98.621
173647,Gustavus Adolphus College,Saint Peter,MN,Plains,Town,Private nonprofit,1,0,3,3,2.0,0.6099,1290.0,,,29.0,1878.0,0.5309,0.7897,0.0224,0.0618,0.024,56076.0,56076.0,67613.0,22900.0,8374.0,0.9274,12.0,18862.0,0.207,0.54,0.1465838509,78419.5,0.8798,0.7665,65607.0,26774.0,98.621
173665,Hamline University,Saint Paul,MN,Plains,City,Private nonprofit,1,0,3,4,2.0,0.8763,1160.0,640.0,585.0,23.0,1776.0,0.6396,0.5541,0.1244,0.103,0.0968,50004.0,50004.0,58110.0,20744.0,8221.0,0.4878,14.0,9881.0,0.407,0.5795,0.2320162107,60017.0,0.7823,0.6045,61106.0,23770.0,98.621
173683,Hazelden Betty Ford Graduate School,Center City,MN,Plains,Rural,Private nonprofit,1,0,4,4,,,,,,,,,,,,,,,,,7908.0,1.0,,8138.0,,,,,,,,,98.621
173896,Luther Seminary,Saint Paul,MN,Plains,City,Private nonprofit,1,0,4,4,,,,,,,,,,,,,,,,,7297.0,1.0,,32158.0,,,,,,,,,98.621
173902,Macalester College,Saint Paul,MN,Plains,City,Private nonprofit,1,0,3,3,2.0,0.2852,1440.0,715.0,713.0,31.0,2131.0,0.5659,0.5007,0.0624,0.1089,0.0793,68104.0,68104.0,82991.0,32149.0,11951.0,0.8417,10.0,25033.0,0.1723,0.3557,0.128256513,88991.5,0.9228,0.871,63878.0,23000.0,98.621
173920,Minnesota State University-Mankato,Mankato,MN,Plains,City,Public,1,0,3,4,2.0,0.8844,1150.0,,,22.0,11703.0,0.547,0.7079,0.0624,0.0616,0.0316,9572.0,18942.0,23995.0,19139.0,11257.0,0.7244,21.0,9227.0,0.2096,0.4038,0.2421159715,68513.0,0.8025,0.5395,56922.0,21106.0,98.621
173957,Mayo Clinic College of Medicine and Science,Rochester,MN,Plains,City,Private nonprofit,1,0,1,4,2.0,0.3901,,,,,309.0,0.7896,0.7217,0.0647,0.1003,0.0744,3257.0,3257.0,,,,,4.0,30656.0,0.0203,0.1085,,37211.0,,,79652.0,10500.0,98.621
174020,Metropolitan State University,Saint Paul,MN,Plains,City,Public,1,0,3,4,2.0,0.9871,1020.0,,,,5616.0,0.5689,0.3332,0.3519,0.0819,0.1581,9840.0,9840.0,25172.0,16863.0,11336.0,0.3532,15.0,7600.0,0.4755,0.3107,0.371321408,28315.0,0.6754,0.4357,64705.0,17100.0,98.621
174066,University of Minnesota-Twin Cities,Minneapolis,MN,Plains,City,Public,1,0,3,4,2.0,0.7975,1362.0,685.0,715.0,30.0,31855.0,0.5399,0.568,0.0994,0.0653,0.134,17214.0,38362.0,30061.0,16778.0,13662.0,0.8064,17.0,18312.0,0.1765,0.283,0.1865601991,76028.5,0.9112,0.8528,69020.0,19500.0,98.621
174075,University of Minnesota-Crookston,Crookston,MN,Plains,Town,Public,1,0,3,3,2.0,0.8786,,,,,1729.0,0.5778,0.701,0.0659,0.0769,0.0416,13288.0,13288.0,26068.0,12212.0,9241.0,1.0,18.0,7692.0,0.2025,0.2617,0.2903981265,51028.0,0.8,0.4976,58056.0,20500.0,98.621
174127,Minneapolis College of Art and Design,Minneapolis,MN,Plains,City,Private nonprofit,1,0,3,4,2.0,0.4848,1161.0,,,,705.0,0.6993,0.644,0.0582,0.1234,0.0638,45484.0,45484.0,59972.0,29926.0,8513.0,0.2782,12.0,14118.0,0.4211,0.7468,0.2083333333,52219.0,0.7456,0.5116,40873.0,27000.0,98.621
174154,Herzing University-Minneapolis,St. Louis Park,MN,Plains,City,Private nonprofit,0,0,3,4,2.0,0.9375,,,,,740.0,0.8932,0.3797,0.3297,0.0703,0.1243,13450.0,13450.0,26163.0,16670.0,7450.0,0.1271,15.0,6105.0,0.5668,0.7901,0.5209032652,18321.0,0.6957,0.4667,36909.0,21500.0,98.621
174233,University of Minnesota-Duluth,Duluth,MN,Plains,City,Public,1,0,3,4,2.0,0.8875,1251.0,610.0,605.0,25.0,7336.0,0.4881,0.8348,0.0224,0.0443,0.0256,14610.0,20130.0,27680.0,18743.0,9267.0,0.8494,16.0,8746.0,0.1879,0.4391,0.1834061135,83308.5,0.8114,0.6472,62616.0,22024.0,98.621
174251,University of Minnesota-Morris,Morris,MN,Plains,Town,Public,1,0,3,3,2.0,0.7493,1150.0,,,,936.0,0.5203,0.5011,0.0246,0.0759,0.0118,14526.0,16710.0,27039.0,8837.0,8211.0,0.939,9.0,16176.0,0.3255,0.3627,0.2025518341,60191.0,0.739,0.625,50919.0,18995.0,98.621
174358,Minnesota State University Moorhead,Moorhead,MN,Plains,Suburb,Public,1,0,3,4,2.0,0.5876,1090.0,545.0,565.0,22.0,3072.0,0.6299,0.7611,0.055,0.055,0.016,10428.0,10428.0,25197.0,17997.0,10729.0,0.6633,17.0,9492.0,0.2795,0.4846,0.2013854527,64366.0,0.7496,0.5732,50527.0,20000.0,98.621
174437,North Central University,Minneapolis,MN,Plains,City,Private nonprofit,1,0,3,4,2.0,0.9898,,,,,709.0,0.5458,0.6107,0.1255,0.1509,0.031,32220.0,32220.0,44475.0,25817.0,6701.0,0.1406,14.0,9490.0,0.4256,0.5862,0.2210300429,59157.0,0.8221,0.6634,45064.0,23200.0,98.621
174491,University of Northwestern-St Paul,Saint Paul,MN,Plains,Suburb,Private nonprofit,1,0,3,4,2.0,0.9347,1173.0,,,,1442.0,0.5583,0.7774,0.0534,0.0652,0.0354,37920.0,37920.0,51325.0,27705.0,6608.0,1.0,16.0,8516.0,0.1573,0.2714,0.164277839,69363.0,0.8287,0.6813,50755.0,21325.0,98.621
174507,Northwestern Health Sciences University,Bloomington,MN,Plains,City,Private nonprofit,1,0,2,4,1.0,,,,,,271.0,0.7786,0.4576,0.1144,0.0701,0.0849,12015.0,12015.0,39863.0,35887.0,7686.0,0.5517,6.0,10111.0,0.2772,0.3723,0.2486772487,28697.0,,0.0,48666.0,7500.0,98.621
174525,Oak Hills Christian College,Bemidji,MN,Plains,Rural,Private nonprofit,1,0,3,3,1.0,,,,,,75.0,0.3867,0.84,0.0133,0.04,0.0267,19440.0,19440.0,33958.0,20227.0,4138.0,0.625,10.0,6511.0,0.4701,0.6838,,32609.5,0.45,0.2273,35983.0,20980.0,98.621
174747,College of Saint Benedict,Saint Joseph,MN,Plains,Suburb,Private nonprofit,1,0,3,4,2.0,0.9152,1151.0,595.0,570.0,24.0,1370.0,1.0,0.7547,0.0226,0.1044,0.0314,55756.0,55756.0,68453.0,26640.0,9135.0,0.8855,11.0,15030.0,0.1986,0.622,0.214084507,86620.5,0.8628,0.7712,63260.0,26944.0,98.621
174783,Saint Cloud State University,Saint Cloud,MN,Plains,City,Public,1,0,3,4,2.0,0.948,1092.0,,,21.0,5088.0,0.5377,0.5853,0.1293,0.0531,0.0415,10245.0,10245.0,21116.0,13529.0,11863.0,0.6422,18.0,9755.0,0.2167,0.2351,0.2676623992,51641.0,0.7065,0.4032,55813.0,21058.0,98.621
174792,Saint Johns University,Collegeville,MN,Plains,Rural,Private nonprofit,1,0,3,4,2.0,0.9062,1183.0,580.0,583.0,25.0,1395.0,0.0,0.7577,0.0416,0.076,0.0366,55816.0,55816.0,68521.0,25672.0,8973.0,0.8271,12.0,16277.0,0.1803,0.5476,0.1752738654,98568.0,0.8575,0.7538,76786.0,27000.0,98.621
174817,Saint Mary's University of Minnesota,Winona,MN,Plains,Town,Private nonprofit,1,0,3,4,2.0,0.9278,,,,,1073.0,0.5536,0.5797,0.0913,0.0876,0.0336,45080.0,45080.0,57380.0,11704.0,7511.0,0.2722,18.0,7094.0,0.2452,0.4591,0.2615384615,54772.5,0.7463,0.6601,58170.0,21500.0,98.621
174844,St Olaf College,Northfield,MN,Plains,Town,Private nonprofit,1,0,3,3,2.0,0.4832,1380.0,670.0,665.0,31.0,3093.0,0.5842,0.667,0.0314,0.0967,0.0491,59760.0,59760.0,71843.0,23874.0,9218.0,0.7551,11.0,19698.0,0.2121,0.4196,0.1287356322,90436.0,0.9223,0.84,65543.0,26000.0,98.621
174862,Crown College,Saint Bonifacius,MN,Plains,Rural,Private nonprofit,1,0,3,4,2.0,0.2278,,,,,796.0,0.4837,0.6633,0.0829,0.0967,0.0327,31410.0,31410.0,46598.0,26672.0,5375.0,0.1732,15.0,3358.0,0.2444,0.388,0.265625,50787.0,0.6984,0.4539,48057.0,22500.0,98.621
174899,The College of Saint Scholastica,Duluth,MN,Plains,City,Private nonprofit,1,0,3,4,2.0,0.9296,1120.0,603.0,608.0,25.0,1765.0,0.6516,0.7331,0.0499,0.0448,0.021,41778.0,41778.0,55103.0,27846.0,7589.0,0.5097,12.0,9660.0,0.2484,0.5328,0.2849673203,58385.0,0.8184,0.7053,65934.0,20000.0,98.621
174914,University of St Thomas,Saint Paul,MN,Plains,City,Private nonprofit,1,0,3,4,2.0,0.8536,1296.0,620.0,630.0,25.0,6245.0,0.4983,0.6245,0.0868,0.1131,0.0552,54398.0,54398.0,66116.0,29155.0,11771.0,0.4897,14.0,15681.0,0.2177,0.4401,0.137745975,94928.5,0.8845,0.7638,73739.0,23250.0,98.621
175005,St Catherine University,Saint Paul,MN,Plains,City,Private nonprofit,1,0,3,4,2.0,0.9185,1147.0,555.0,495.0,23.0,2473.0,0.9579,0.4687,0.182,0.1431,0.1173,51454.0,51454.0,60476.0,19764.0,7616.0,0.5307,9.0,12414.0,0.4007,0.5886,0.2880771881,41238.0,0.8034,0.6125,59282.0,24181.0,98.621
175014,Rasmussen University-Minnesota,St. Cloud,MN,Plains,City,Private for-profit,1,0,1,4,1.0,,,,,,8617.0,0.8541,0.3958,0.3095,0.1165,0.0291,11490.0,11490.0,25221.0,17962.0,6523.0,0.0948,16.0,3112.0,0.5957,0.6938,0.4757427831,25123.5,1.0,0.5349,39080.0,20899.0,98.621
175078,Southwest Minnesota State University,Marshall,MN,Plains,Town,Public,1,0,3,4,2.0,0.6218,1050.0,,,,2315.0,0.6713,0.6942,0.0864,0.086,0.0268,10361.0,10361.0,24757.0,15291.0,10672.0,0.518,16.0,7153.0,0.1207,0.1541,0.2689463956,51571.5,0.7371,0.451,51342.0,20500.0,98.621
175139,United Theological Seminary of the Twin Cities,St. Paul,MN,Plains,City,Private nonprofit,1,0,4,4,,,,,,,,,,,,,,,,,6175.0,1.0,,8178.0,,,,,,,,,98.621
175227,Dunwoody College of Technology,Minneapolis,MN,Plains,City,Private nonprofit,1,0,2,3,2.0,0.9887,1120.0,,,,1533.0,0.2127,0.5962,0.0698,0.0744,0.0535,27836.0,27836.0,36587.0,26939.0,7599.0,0.5238,12.0,15813.0,0.3167,0.5471,0.2821948488,34196.5,0.7619,0.6606,61511.0,16000.0,98.621
175272,Winona State University,Winona,MN,Plains,Town,Public,1,0,3,4,2.0,0.7549,,550.0,575.0,22.0,5144.0,0.6866,0.8091,0.0352,0.0533,0.0325,10576.0,17308.0,23683.0,17503.0,10946.0,0.6917,14.0,11017.0,0.2422,0.4865,0.2117455139,74955.0,0.7904,0.5694,58532.0,21500.0,98.621
175281,Mitchell Hamline School of Law,Saint Paul,MN,Plains,City,Private nonprofit,1,0,4,4,,,,,,,,,,,,,,,,,9992.0,0.9375,,16059.0,,,,,,,,,98.621
175342,Alcorn State University,Alcorn State,MS,Southeast,Rural,Public,1,1,3,4,2.0,0.4533,904.0,486.0,478.0,22.0,2363.0,0.6661,0.0161,0.9657,0.0055,0.0008,8785.0,8785.0,23751.0,13265.0,7235.0,0.6063,16.0,8729.0,0.6978,0.6669,0.3451053284,18951.0,0.7665,0.5736,36421.0,27000.0,86.953
175421,Belhaven University,Jackson,MS,Southeast,City,Private nonprofit,1,0,3,4,2.0,0.4975,1124.0,575.0,545.0,22.0,1471.0,0.6343,0.3576,0.4684,0.0394,0.0068,30250.0,30250.0,39793.0,15676.0,5643.0,0.1618,12.0,4351.0,0.4865,0.6788,0.3951187335,26444.0,0.6781,0.4854,46440.0,26333.0,86.953
175430,Blue Mountain Christian University,Blue Mountain,MS,Southeast,Rural,Private nonprofit,1,0,3,4,2.0,0.8895,1090.0,535.0,565.0,21.0,498.0,0.492,0.6606,0.1546,0.0884,0.012,20180.0,20180.0,33197.0,24016.0,6439.0,0.7544,13.0,10172.0,0.2877,0.5011,0.3695652174,36485.0,0.6792,0.5476,40421.0,18534.0,86.953
175616,Delta State University,Cleveland,MS,Southeast,Town,Public,1,0,3,4,2.0,1.0,1050.0,535.0,535.0,19.0,1620.0,0.5302,0.4821,0.3963,0.0284,0.0062,8605.0,8605.0,22445.0,13540.0,7517.0,0.5571,12.0,10994.0,0.4175,0.4435,0.3227158424,25245.0,0.6667,0.4806,41991.0,20390.0,86.953
175856,Jackson State University,Jackson,MS,Southeast,City,Public,1,1,3,4,2.0,0.9315,965.0,430.0,530.0,18.0,4600.0,0.6317,0.0235,0.943,0.002,0.0013,8965.0,11965.0,32415.0,23836.0,7988.0,0.5953,14.0,10884.0,0.7232,0.8222,0.3197217181,21266.0,0.6235,0.5091,39060.0,30470.0,86.953
175980,Millsaps College,Jackson,MS,Southeast,City,Private nonprofit,1,0,3,4,2.0,0.4312,1181.0,655.0,590.0,25.0,549.0,0.4536,0.5829,0.2295,0.0619,0.0346,44680.0,44680.0,60061.0,26034.0,8256.0,0.79,9.0,19734.0,0.3694,0.5911,0.1671732523,65694.5,0.5802,0.5714,53848.0,27000.0,86.953
176017,University of Mississippi,University,MS,Southeast,Town,Public,1,0,3,4,2.0,0.9658,1184.0,568.0,558.0,25.0,21473.0,0.5723,0.7765,0.0954,0.0584,0.0191,9772.0,28600.0,28660.0,13314.0,10330.0,0.8555,18.0,15881.0,0.2173,0.3717,0.2350269179,47087.0,0.8721,0.7174,50994.0,20000.0,86.953
176035,Mississippi University for Women,Columbus,MS,Southeast,Town,Public,1,0,3,4,2.0,0.9031,1090.0,525.0,490.0,21.0,1605.0,0.7988,0.5327,0.4112,0.015,0.0087,8492.0,8492.0,22225.0,12411.0,6855.0,0.6828,10.0,10301.0,0.403,0.407,0.3704600484,28585.0,0.6731,0.4677,46128.0,15000.0,86.953
176044,Mississippi Valley State University,Itta Bena,MS,Southeast,Rural,Public,1,1,3,4,2.0,0.9238,870.0,,,16.0,1439.0,0.5038,0.0327,0.9138,0.0181,0.0069,7692.0,7692.0,21154.0,9686.0,6733.0,0.6234,13.0,11446.0,0.5636,0.4938,0.4262626263,16762.0,0.6975,0.2676,31919.0,28413.0,86.953
176053,Mississippi Christian University,Clinton,MS,Southeast,Suburb,Private nonprofit,1,0,3,4,2.0,0.2911,1090.0,,,24.0,2518.0,0.5766,0.699,0.1612,0.0369,0.0234,23500.0,23500.0,41214.0,27712.0,7995.0,0.5234,14.0,8389.0,0.2964,0.3544,0.2567237164,39014.5,0.7776,0.5934,47485.0,22500.0,86.953
176080,Mississippi State University,Mississippi State,MS,Southeast,Town,Public,1,0,3,4,2.0,0.7764,1219.0,580.0,575.0,26.0,18397.0,0.5081,0.7254,0.1585,0.0463,0.0166,10202.0,27637.0,29267.0,17595.0,10100.0,0.8323,16.0,8632.0,0.2933,0.3869,0.248577142,38988.0,0.825,0.6667,51513.0,22142.0,86.953
176318,Rust College,Holly Springs,MS,Southeast,Town,Private nonprofit,1,1,3,3,2.0,0.4867,,,,,467.0,0.5225,0.0064,0.9165,0.0193,0.0043,13265.0,13265.0,23107.0,12587.0,5096.0,0.8571,10.0,8780.0,0.7146,0.6961,0.4599659284,15801.0,0.8438,0.1179,32275.0,26159.0,86.953
176336,Southeastern Baptist College,Laurel,MS,Southeast,Town,Private nonprofit,1,0,2,3,2.0,1.0,,,,,93.0,0.2366,0.6452,0.2688,0.0108,0.0,7425.0,7425.0,13325.0,8138.0,,,7.0,711.0,0.5476,0.0,,21980.0,0.65,0.8,26946.0,,86.953
176372,University of Southern Mississippi,Hattiesburg,MS,Southeast,City,Public,1,0,3,4,2.0,0.9912,1190.0,,,23.0,10075.0,0.6247,0.5622,0.2714,0.0493,0.0143,9998.0,11998.0,26566.0,21708.0,8697.0,1.0,18.0,8263.0,0.4628,0.4775,0.3259689197,27959.0,0.7209,0.4906,44140.0,22500.0,86.953
176406,Tougaloo College,Tougaloo,MS,Southeast,City,Private nonprofit,1,1,3,4,2.0,0.5985,,465.0,475.0,19.0,639.0,0.5806,0.0,0.867,0.0156,0.0016,12407.0,12407.0,24239.0,17043.0,4012.0,0.9535,9.0,5291.0,0.6273,0.602,0.2978208232,19454.5,0.832,0.3311,34724.0,30046.0,86.953
176451,Wesley Biblical Seminary,Ridgeland,MS,Southeast,Suburb,Private nonprofit,1,0,3,4,2.0,,,,,,24.0,0.375,0.5833,0.25,0.0833,0.0,7500.0,7500.0,,,6597.0,,8.0,7832.0,,,,,,,,,86.953
176479,William Carey University,Hattiesburg,MS,Southeast,City,Private nonprofit,1,0,3,4,2.0,0.6029,1122.0,605.0,545.0,25.0,2201.0,0.6942,0.5602,0.3135,0.0286,0.0104,15480.0,15480.0,29651.0,14258.0,8123.0,0.5729,14.0,12293.0,0.2711,0.2486,0.3590163934,24691.0,0.7794,0.5978,43087.0,20832.0,86.953
176600,Aquinas Institute of Theology,Saint Louis,MO,Plains,City,Private nonprofit,1,0,4,4,,,,,,,,,,,,,,,,,4551.0,0.2759,,33041.0,,,,,,,,,90.817
176628,Avila University,Kansas City,MO,Plains,City,Private nonprofit,1,0,3,4,2.0,0.878,972.0,525.0,522.0,20.0,1312.0,0.6433,0.4383,0.2492,0.1646,0.0259,42000.0,42000.0,50096.0,16053.0,6779.0,0.2273,19.0,6863.0,0.5635,0.6087,0.3674698795,38722.0,0.7053,0.5238,52773.0,25000.0,90.817
176664,Mission University,Springfield,MO,Plains,City,Private nonprofit,1,0,3,4,1.0,,,,,,381.0,0.3622,0.7585,0.063,0.084,0.0079,16950.0,16950.0,28448.0,21383.0,4474.0,0.4516,7.0,3499.0,0.5585,0.6784,,51313.0,0.5941,0.4444,38641.0,26168.0,90.817
176770,Cox College,Springfield,MO,Plains,City,Private nonprofit,1,0,2,4,2.0,1.0,,,,,540.0,0.8519,0.8333,0.013,0.0556,0.0204,14822.0,14822.0,,,8024.0,0.9804,8.0,12834.0,0.3579,0.5761,0.4103194103,38003.5,0.0,1.0,56867.0,20000.0,90.817
176789,Calvary University,Kansas City,MO,Plains,City,Private nonprofit,1,0,3,4,2.0,0.7174,1050.0,550.0,570.0,20.0,154.0,0.5519,0.7662,0.0649,0.0974,0.0195,14094.0,14094.0,23938.0,16334.0,4019.0,0.4773,7.0,8558.0,0.3131,0.2374,0.3461538462,37276.0,0.5455,0.5217,45421.0,20839.0,90.817
176910,Central Christian College of the Bible,Moberly,MO,Plains,Town,Private nonprofit,1,0,3,4,1.0,,,,,,154.0,0.3117,0.6299,0.1364,0.0974,0.039,12200.0,12200.0,24748.0,14356.0,4557.0,1.0,10.0,9460.0,0.461,0.4091,0.3125,36336.0,0.6875,0.2195,34675.0,17500.0,90.817
176947,Central Methodist University-College of Liberal Arts and Sciences,Fayette,MO,Plains,Rural,Private nonprofit,1,0,3,3,2.0,0.5687,1048.0,501.0,513.0,21.0,1040.0,0.5125,0.6077,0.1452,0.0779,0.0067,28260.0,28260.0,43635.0,22766.0,6712.0,1.0,12.0,13771.0,0.4028,0.611,0.4372781065,38484.0,0.6184,0.5123,48991.0,17619.0,90.817
176965,University of Central Missouri,Warrensburg,MO,Plains,Town,Public,1,0,3,4,2.0,0.638,1050.0,,,,5648.0,0.5266,0.7401,0.0933,0.0719,0.0129,10050.0,18600.0,22947.0,14462.0,9188.0,1.0,18.0,9606.0,0.2678,0.3238,0.3339464004,48556.0,0.7363,0.5408,49560.0,21000.0,90.817
177038,Cleveland University-Kansas City,Overland Park,KS,Plains,City,Private nonprofit,1,0,3,4,2.0,0.6923,,,,,95.0,0.6737,0.5053,0.0632,0.1579,0.0316,14400.0,14400.0,40764.0,35764.0,5918.0,0.507,6.0,13348.0,0.5349,0.9302,,18219.0,0.5,1.0,52304.0,12500.0,90.068
177065,Columbia College,Columbia,MO,Plains,City,Private nonprofit,1,0,3,4,1.0,,,,,,4950.0,0.5945,0.5303,0.2109,0.12,0.0194,25826.0,25826.0,37207.0,22715.0,8205.0,1.0,20.0,8042.0,0.4465,0.4099,0.4855916616,25623.0,0.7509,0.4219,45378.0,23879.0,90.817
177083,Conception Seminary College,Conception,MO,Plains,Rural,Private nonprofit,1,0,3,3,2.0,0.3182,,,,21.0,40.0,0.0,0.65,0.05,0.275,0.0,26206.0,26206.0,42698.0,24558.0,5187.0,,4.0,16283.0,0.1951,0.0244,,46370.5,0.75,0.5,50430.0,,90.817
177092,Concordia Seminary,Saint Louis,MO,Plains,Suburb,Private nonprofit,1,0,4,4,,,,,,,,,,,,,,,,,9412.0,1.0,,25516.0,,,,,,,,,90.817
177117,Cottey College,Nevada,MO,Plains,Town,Private nonprofit,1,0,3,3,2.0,0.6918,,545.0,530.0,22.0,254.0,1.0,0.6969,0.0669,0.126,0.0157,27562.0,27562.0,39269.0,13805.0,5576.0,0.8333,6.0,26653.0,0.4624,0.6053,0.3068181818,42403.5,0.6724,0.5625,35422.0,19043.0,90.817
177126,Covenant Theological Seminary,Saint Louis,MO,Plains,Suburb,Private nonprofit,1,0,4,4,,,,,,,,,,,,,,,,,6693.0,1.0,,10682.0,,,,,,,,,90.817
177144,Culver-Stockton College,Canton,MO,Plains,Rural,Private nonprofit,1,0,3,4,2.0,0.991,,525.0,500.0,22.0,807.0,0.4523,0.6741,0.1747,0.0545,0.0062,30875.0,30875.0,44112.0,21983.0,6246.0,0.6528,15.0,4196.0,0.3935,0.7161,0.3187613843,52223.5,0.672,0.3916,46092.0,26000.0,90.817
177214,Drury University,Springfield,MO,Plains,City,Private nonprofit,1,0,3,4,2.0,0.5758,1218.0,590.0,570.0,27.0,1383.0,0.5148,0.7137,0.0325,0.0448,0.021,36745.0,36745.0,48846.0,20831.0,7506.0,1.0,14.0,11903.0,0.2558,0.4963,0.4127630686,31973.0,0.7917,0.618,40694.0,20979.0,90.817
177278,Eden Theological Seminary,Webster Groves,MO,Plains,Suburb,Private nonprofit,1,0,4,4,,,,,,,,,,,,,,,,,7562.0,1.0,,61257.0,,,,,,,,,90.817
177339,Evangel University,Springfield,MO,Plains,City,Private nonprofit,1,0,3,4,2.0,0.7161,1188.0,,,,1229.0,0.5012,0.7486,0.0472,0.0553,0.0122,28548.0,28548.0,39956.0,18669.0,5330.0,0.2921,15.0,6332.0,0.3125,0.7428,0.2610571737,53228.0,0.7636,0.6503,46573.0,24736.0,90.817
177472,Ozarks Technical Community College,Springfield,MO,Plains,City,Public,1,0,2,3,1.0,,,,,,8165.0,0.5822,0.7884,0.0298,0.0816,0.0189,4512.0,7200.0,13188.0,6936.0,6512.0,0.288,18.0,5324.0,0.3818,0.1798,0.4651198763,21939.0,1.0,0.3254,36455.0,10453.0,90.817
177542,Hannibal-LaGrange University,Hannibal,MO,Plains,Town,Private nonprofit,1,0,3,4,2.0,0.7263,1090.0,585.0,609.0,22.0,410.0,0.5049,0.6707,0.0805,0.0512,0.0098,26880.0,26880.0,40839.0,22814.0,2888.0,0.4394,8.0,4210.0,0.3683,0.4802,0.4574898785,39881.5,0.7833,0.5039,42643.0,18599.0,90.817
177551,Harris-Stowe State University,Saint Louis,MO,Plains,City,Public,1,1,3,3,1.0,,,,,,960.0,0.6708,0.0302,0.8156,0.025,0.0021,7008.0,11640.0,21493.0,9922.0,5463.0,1.0,12.0,10583.0,0.7368,0.6093,0.4731934732,17751.5,0.684,0.2756,31088.0,25930.0,90.817
177719,Barnes-Jewish College Goldfarb School of Nursing,Saint Louis,MO,Plains,City,Private nonprofit,1,0,3,4,,,,,,,446.0,0.8834,0.5987,0.2399,0.0,0.0381,,,,,8154.0,0.3228,9.0,13744.0,0.2441,0.6737,0.3087719298,41515.0,,,84393.0,16750.0,90.817
177746,Kansas City Art Institute,Kansas City,MO,Plains,City,Private nonprofit,1,0,3,3,2.0,0.5476,,,,,812.0,0.782,0.6084,0.0837,0.1663,0.0345,44550.0,44550.0,57410.0,27650.0,7886.0,0.4552,10.0,12837.0,0.4373,0.6946,0.2098765432,54983.0,0.7833,0.5797,37032.0,27000.0,90.817
177816,Kenrick Glennon Seminary,Saint Louis,MO,Plains,Suburb,Private nonprofit,1,0,4,4,,,,,,,,,,,,,,,,,6671.0,0.7097,,52845.0,,,,,,,,,90.817
177834,A T Still University of Health Sciences,Kirksville,MO,Plains,Town,Private nonprofit,1,0,4,4,,,,,,,,,,,,,,,,,10582.0,0.3169,,23453.0,,,,,,,,,90.817
177940,Lincoln University,Jefferson City,MO,Plains,City,Public,1,1,3,4,1.0,,,,,,1392.0,0.579,0.2874,0.4986,0.0388,0.0072,9796.0,17692.0,23704.0,19092.0,5626.0,0.7243,11.0,8821.0,0.4868,0.4382,0.3789308176,24957.0,0.5986,0.2085,39463.0,28875.0,90.817
177968,Lindenwood University,Saint Charles,MO,Plains,City,Private nonprofit,1,0,3,4,2.0,0.5684,1190.0,525.0,510.0,24.0,4624.0,0.6032,0.6287,0.1341,0.0526,0.0162,21600.0,21600.0,35436.0,19638.0,8990.0,1.0,14.0,7548.0,0.2998,0.4898,0.350877193,45382.5,0.6563,0.4933,53278.0,26000.0,90.817
177986,Logan University,Chesterfield,MO,Plains,Suburb,Private nonprofit,1,0,3,4,2.0,0.6429,,,,,229.0,0.7074,0.4672,0.1092,0.0175,0.0393,9000.0,9000.0,26928.0,20218.0,7004.0,0.3899,9.0,5698.0,0.4044,0.7022,0.3653846154,24383.0,0.5,0.2222,55838.0,10250.0,90.817
178059,Maryville University of Saint Louis,Saint Louis,MO,Plains,Suburb,Private nonprofit,1,0,3,4,2.0,0.9508,,560.0,555.0,23.0,5658.0,0.6706,0.647,0.1311,0.0847,0.038,27166.0,27166.0,41959.0,22066.0,9445.0,0.1439,13.0,6073.0,0.3641,0.5267,0.2958735733,54390.0,0.8467,0.6622,62105.0,22000.0,90.817
178208,Midwestern Baptist Theological Seminary,Kansas City,MO,Plains,City,Private nonprofit,1,0,3,4,2.0,0.964,,,,,747.0,0.2892,0.7631,0.0522,0.0576,0.0482,10120.0,10120.0,29080.0,23006.0,7596.0,0.2212,17.0,2405.0,0.3008,0.2409,,37100.0,0.8148,0.4828,50535.0,15675.0,90.817
178244,Missouri Baptist University,Saint Louis,MO,Plains,Suburb,Private nonprofit,1,0,3,4,2.0,0.686,910.0,515.0,475.0,23.0,1488.0,0.5511,0.7137,0.1438,0.006,0.0114,34612.0,34612.0,49257.0,27006.0,6803.0,1.0,15.0,4969.0,0.1113,0.1892,0.3589015152,40503.0,0.6534,0.4758,46660.0,22500.0,90.817
178341,Missouri Southern State University,Joplin,MO,Plains,City,Public,1,0,3,4,2.0,0.9703,1065.0,515.0,545.0,21.0,3019.0,0.6045,0.6502,0.0696,0.1014,0.0341,8960.0,17080.0,19568.0,12007.0,6706.0,0.5309,15.0,9817.0,0.3402,0.3326,0.4522339266,33600.5,0.6278,0.4158,42620.0,19174.0,90.817
178369,Missouri Valley College,Marshall,MO,Plains,Town,Private nonprofit,1,0,3,4,2.0,0.6918,974.0,465.0,460.0,19.0,1443.0,0.4137,0.3666,0.1365,0.1296,0.0042,23700.0,23700.0,37899.0,18086.0,5466.0,0.4769,18.0,4613.0,0.32,0.4198,0.4008810573,36615.0,0.5297,0.2244,43221.0,25950.0,90.817
178387,Missouri Western State University,Saint Joseph,MO,Plains,City,Public,1,0,3,4,1.0,,,,,,2219.0,0.5935,0.6566,0.1397,0.0131,0.0153,10306.0,20866.0,21595.0,13251.0,7902.0,0.6157,15.0,6261.0,0.2844,0.2794,0.3968957871,36641.0,0.5379,0.3854,42647.0,19968.0,90.817
178396,University of Missouri-Columbia,Columbia,MO,Plains,City,Public,1,0,3,4,2.0,0.7847,1247.0,625.0,615.0,27.0,23929.0,0.5502,0.7925,0.0479,0.0616,0.027,14837.0,36056.0,31713.0,20268.0,11563.0,0.7882,17.0,13675.0,0.2007,0.3528,0.2005208333,76951.5,0.9268,0.7494,63403.0,20500.0,90.817
178402,University of Missouri-Kansas City,Kansas City,MO,Plains,City,Public,1,0,3,4,2.0,0.7218,1204.0,657.0,668.0,26.0,6817.0,0.6006,0.4539,0.1407,0.1772,0.1115,12587.0,30227.0,25320.0,13310.0,11063.0,0.6473,13.0,14451.0,0.2639,0.2391,0.3370424597,37544.0,0.7536,0.5546,59637.0,18750.0,90.817
178411,Missouri University of Science and Technology,Rolla,MO,Plains,Town,Public,1,0,3,4,2.0,0.7255,1317.0,660.0,715.0,29.0,5521.0,0.2295,0.7305,0.0324,0.0533,0.0447,14984.0,33248.0,29231.0,16298.0,12726.0,0.8254,17.0,15588.0,0.2279,0.4,0.2249212776,68139.0,0.8656,0.6437,82957.0,23250.0,90.817
178420,University of Missouri-St Louis,Saint Louis,MO,Plains,Suburb,Public,1,0,3,4,2.0,0.6267,1199.0,575.0,585.0,26.0,5024.0,0.5478,0.575,0.2016,0.042,0.0472,14112.0,35112.0,31199.0,15071.0,10112.0,0.5353,13.0,10909.0,0.1835,0.1925,0.3779761905,29513.5,0.7361,0.5664,53037.0,20000.0,90.817
178518,Nazarene Theological Seminary,Kansas City,MO,Plains,City,Private nonprofit,1,0,4,4,,,,,,,,,,,,,,,,,5903.0,1.0,,13783.0,,,,,,,,,90.817
178615,Truman State University,Kirksville,MO,Plains,Town,Public,1,0,3,4,2.0,0.8377,1320.0,602.0,590.0,27.0,2513.0,0.5997,0.776,0.0235,0.0414,0.0175,9838.0,18566.0,25115.0,12780.0,7584.0,0.8587,12.0,15401.0,0.1654,0.2744,0.2280927835,70948.0,0.8474,0.6853,56280.0,21000.0,90.817
178624,Northwest Missouri State University,Maryville,MO,Plains,Town,Public,1,0,3,4,2.0,0.8609,1119.0,515.0,528.0,22.0,4378.0,0.6083,0.7935,0.0473,0.0544,0.005,10611.0,17324.0,24945.0,16244.0,8101.0,0.7969,16.0,7192.0,0.2727,0.4153,0.3080851064,56470.0,0.7392,0.5423,47885.0,21500.0,90.817
178679,Ozark Christian College,Joplin,MO,Plains,City,Private nonprofit,1,0,3,4,2.0,0.9361,,,,,602.0,0.4684,0.8239,0.0166,0.0548,0.0133,16000.0,16000.0,28485.0,20580.0,5805.0,0.5373,17.0,5523.0,0.4251,0.5407,0.2586206897,49407.0,0.8345,0.6364,41297.0,16772.0,90.817
178697,College of the Ozarks,Point Lookout,MO,Plains,Town,Private nonprofit,1,0,3,3,2.0,0.1199,1118.0,572.0,540.0,23.0,1444.0,0.5533,0.8532,0.0173,0.0464,0.0111,22320.0,22320.0,33734.0,6100.0,8409.0,0.7018,14.0,13386.0,0.4919,0.0,0.3265993266,37573.0,0.9023,0.6369,41592.0,,90.817
178721,Park University,Parkville,MO,Plains,Suburb,Private nonprofit,1,0,3,4,1.0,,,,,,4555.0,0.4435,0.3928,0.1895,0.236,0.0274,17500.0,17500.0,29427.0,21032.0,7060.0,0.1254,13.0,7714.0,0.4092,0.3099,0.4795763994,30016.5,0.5762,0.3843,56309.0,21685.0,90.817
178767,Stevens-The Institute of Business & Arts,Saint Louis,MO,Plains,City,Private for-profit,1,0,3,3,2.0,1.0,,,,,89.0,0.8315,0.3258,0.618,0.0337,0.0,14332.0,14332.0,24808.0,19137.0,5726.0,,6.0,8288.0,0.6737,0.8,0.2921348315,17458.0,,0.1429,29058.0,27000.0,90.817
178891,Ranken Technical College,Saint Louis,MO,Plains,City,Private nonprofit,1,0,1,3,1.0,,,,,,1780.0,0.086,0.6084,0.2343,0.0388,0.0163,18008.0,18008.0,29450.0,18795.0,6114.0,0.5912,11.0,5481.0,0.4682,0.5949,0.3892473118,31000.0,1.0,0.5313,55955.0,12000.0,90.817
178989,Research College of Nursing,Kansas City,MO,Plains,City,Private for-profit,1,0,3,4,,,,,,,177.0,0.8531,0.678,0.1356,0.0395,0.0339,,,,,7772.0,1.0,7.0,12652.0,0.1767,0.3896,,61006.0,,,85910.0,13930.0,90.817
179043,Rockhurst University,Kansas City,MO,Plains,City,Private nonprofit,1,0,3,4,2.0,0.6959,1120.0,589.0,597.0,23.0,1580.0,0.6278,0.6171,0.0791,0.1848,0.038,44966.0,44966.0,59898.0,25884.0,8007.0,0.5018,12.0,7703.0,0.2008,0.3506,0.2060702875,85260.0,0.7912,0.7456,67102.0,18250.0,90.817
179159,Saint Louis University,Saint Louis,MO,Plains,City,Private nonprofit,1,0,3,4,2.0,0.7504,1317.0,665.0,660.0,30.0,7267.0,0.5919,0.5346,0.1113,0.0896,0.145,55760.0,55760.0,71932.0,24398.0,11423.0,0.634,9.0,16954.0,0.1689,0.2966,0.2236408567,77915.5,0.8784,0.7953,70783.0,25000.0,90.817
179265,University of Health Sciences and Pharmacy in St. Louis,Saint Louis,MO,Plains,City,Private nonprofit,1,0,3,4,2.0,0.8984,1131.0,575.0,600.0,24.0,337.0,0.5875,0.635,0.1246,0.003,0.0593,32550.0,32550.0,54802.0,31817.0,10471.0,0.6863,9.0,28357.0,0.3127,0.68,0.2242424242,61609.0,0.6923,0.6168,137047.0,17755.0,90.817
179317,Saint Paul School of Theology,Leawood,KS,Plains,Suburb,Private nonprofit,1,0,4,4,,,,,,,,,,,,,,,,,6257.0,1.0,,20839.0,,,,,,,,,90.068
179326,Southwest Baptist University,Bolivar,MO,Plains,Town,Private nonprofit,1,0,3,4,2.0,0.6839,1088.0,540.0,565.0,22.0,1341.0,0.6212,0.7345,0.0656,0.0224,0.0112,30566.0,30566.0,40301.0,21677.0,6072.0,0.3917,10.0,10376.0,0.3627,0.5034,0.3549432739,35563.5,0.6482,0.5532,43112.0,20957.0,90.817
179548,Stephens College,Columbia,MO,Plains,City,Private nonprofit,1,0,3,4,2.0,0.7722,,575.0,525.0,21.0,391.0,0.9616,0.4936,0.0844,0.0102,0.0153,28300.0,28300.0,46643.0,23459.0,7780.0,1.0,8.0,17955.0,0.4522,0.6174,0.3089622642,40725.0,0.7838,0.4274,43071.0,27000.0,90.817
179557,Southeast Missouri State University,Cape Girardeau,MO,Plains,City,Public,1,0,3,4,2.0,0.7352,950.0,,,,6373.0,0.5887,0.6979,0.0843,0.0325,0.0078,9903.0,9903.0,25177.0,15882.0,8551.0,0.6822,20.0,6248.0,0.304,0.3295,0.3688938798,42518.0,0.7576,0.5793,44030.0,21500.0,90.817
179566,Missouri State University-Springfield,Springfield,MO,Plains,City,Public,1,0,3,4,2.0,0.9053,1122.0,555.0,550.0,23.0,13313.0,0.6135,0.7796,0.0381,0.0572,0.0195,9502.0,18770.0,25048.0,17613.0,9014.0,0.6712,21.0,8676.0,0.2201,0.2892,0.3225576759,48636.5,0.7725,0.5791,49827.0,21992.0,90.817
179812,Kansas City University,Kansas City,MO,Plains,City,Private nonprofit,1,0,4,4,,,,,,,,,,,,,,,,,11620.0,0.6111,,21062.0,,,,,,,,,90.817
179867,Washington University in St Louis,St. Louis,MO,Plains,Suburb,Private nonprofit,1,0,3,4,2.0,0.1206,1530.0,750.0,780.0,34.0,7857.0,0.5449,0.3967,0.0871,0.1317,0.2087,65790.0,65790.0,88488.0,21786.0,16945.0,0.7253,7.0,181929.0,0.1775,0.1176,0.114071607,88696.0,0.9495,0.9426,86182.0,17500.0,90.817
179894,Webster University,Saint Louis,MO,Plains,Suburb,Private nonprofit,1,0,3,4,2.0,0.8623,1102.0,582.0,560.0,24.0,2304.0,0.572,0.543,0.1328,0.0516,0.0278,31750.0,31750.0,51188.0,27047.0,9218.0,1.0,16.0,8345.0,0.2882,0.4581,0.3013270882,41650.0,0.6866,0.6439,50876.0,23000.0,90.817
179946,Westminster College,Fulton,MO,Plains,Town,Private nonprofit,1,0,3,3,2.0,0.792,1118.0,520.0,500.0,21.0,638.0,0.4122,0.7524,0.0846,0.058,0.0063,35214.0,35214.0,51532.0,24314.0,7642.0,0.6883,9.0,11340.0,0.3828,0.9123,0.2700296736,56071.5,0.7097,0.5549,52199.0,27000.0,90.817
179955,William Jewell College,Liberty,MO,Plains,Suburb,Private nonprofit,1,0,3,4,2.0,0.3836,1095.0,605.0,575.0,24.0,924.0,0.4957,0.6082,0.0833,0.118,0.0173,20610.0,20610.0,35785.0,17562.0,7488.0,1.0,10.0,12825.0,0.3157,0.4804,0.2013274336,69180.5,0.738,0.6766,59268.0,24498.0,90.817
179964,William Woods University,Fulton,MO,Plains,Town,Private nonprofit,1,0,3,4,2.0,0.7096,,,,,1300.0,0.6054,0.5708,0.1531,0.0946,0.0092,30340.0,30340.0,49094.0,26569.0,5707.0,0.3497,16.0,6000.0,0.3482,0.4941,0.2978723404,52479.0,0.5797,0.4681,42401.0,21983.0,90.817
180054,Blackfeet Community College,Browning,MT,Rocky Mountains,Rural,Private nonprofit,1,0,2,3,1.0,,,,,,286.0,0.6888,0.0594,0.0,0.0035,0.0,3610.0,3610.0,11405.0,5410.0,5432.0,0.5,7.0,15656.0,0.4929,0.0,0.347826087,10287.0,0.75,0.623,22953.0,,94.645
180106,Carroll College,Helena,MT,Rocky Mountains,City,Private nonprofit,1,0,3,4,2.0,0.7093,1200.0,600.0,590.0,25.0,1092.0,0.5861,0.7866,0.0092,0.0723,0.0128,41484.0,41484.0,55626.0,23960.0,7620.0,0.6746,12.0,10107.0,0.2024,0.4482,0.1971830986,82088.5,0.8205,0.6929,61772.0,25757.0,94.645
180179,Montana State University Billings,Billings,MT,Rocky Mountains,City,Public,1,0,3,4,1.0,,,,,,2626.0,0.6455,0.7513,0.0088,0.08,0.0114,7280.0,22897.0,20054.0,16524.0,7728.0,0.6309,14.0,8173.0,0.2544,0.2831,0.3845265589,34882.5,0.5556,0.3004,44296.0,18209.0,94.645
180203,Aaniiih Nakoda College,Harlem,MT,Rocky Mountains,Rural,Public,1,0,2,3,1.0,,,,,,106.0,0.5566,0.1038,0.0094,0.0,0.0094,3080.0,3080.0,14974.0,7887.0,4887.0,1.0,10.0,20024.0,0.6466,0.0,0.2876712329,14059.0,,0.3421,30528.0,,94.645
180258,University of Providence,Great Falls,MT,Rocky Mountains,City,Private nonprofit,1,0,3,4,2.0,0.5028,980.0,610.0,600.0,20.0,528.0,0.5966,0.7405,0.0568,0.0492,0.0436,30448.0,30448.0,43477.0,17649.0,6450.0,0.5,9.0,10820.0,0.3292,0.4822,0.4,44229.0,0.7216,0.2794,48296.0,18750.0,94.645
180416,Montana Technological University,Butte,MT,Rocky Mountains,Town,Public,1,0,3,4,2.0,0.9105,1126.0,600.0,590.0,24.0,1480.0,0.3723,0.773,0.0162,0.0473,0.0135,8340.0,26150.0,22786.0,16481.0,8585.0,0.766,14.0,10441.0,0.2376,0.3923,0.3373015873,38398.0,0.7674,0.5824,54329.0,18750.0,94.645
180461,Montana State University,Bozeman,MT,Rocky Mountains,City,Public,1,0,3,4,2.0,0.8214,1183.0,595.0,590.0,24.0,14451.0,0.465,0.8339,0.006,0.0657,0.01,8460.0,33287.0,25905.0,22499.0,9762.0,0.5754,18.0,9613.0,0.1639,0.3141,0.2331828928,56045.0,0.7852,0.5708,53263.0,22500.0,94.645
180489,The University of Montana,Missoula,MT,Rocky Mountains,City,Public,1,0,3,4,2.0,0.9586,1190.0,600.0,575.0,22.0,7488.0,0.5737,0.7121,0.0087,0.0624,0.0119,8552.0,33671.0,23570.0,16784.0,9310.0,0.6865,17.0,10436.0,0.2803,0.4107,0.3023255814,36050.0,0.7477,0.4796,44511.0,22400.0,94.645
180522,Montana State University-Northern,Havre,MT,Rocky Mountains,Town,Public,1,0,3,4,1.0,,,,,,761.0,0.4021,0.6781,0.0184,0.0512,0.0053,6982.0,21875.0,16578.0,12664.0,6179.0,1.0,13.0,10357.0,0.3309,0.2929,0.3438438438,35266.0,0.6386,0.4111,49505.0,18500.0,94.645
180595,Rocky Mountain College,Billings,MT,Rocky Mountains,City,Private nonprofit,1,0,3,4,2.0,0.6961,1083.0,550.0,528.0,22.0,840.0,0.4536,0.6917,0.0536,0.0929,0.0024,35582.0,35582.0,46093.0,19751.0,6957.0,0.9351,14.0,11659.0,0.3111,0.5466,0.3153347732,62012.0,0.6905,0.4841,49036.0,26000.0,94.645
180647,Salish Kootenai College,Pablo,MT,Rocky Mountains,Rural,Public,1,0,2,4,1.0,,,,,,580.0,0.681,0.2017,0.0052,0.0776,0.0017,4311.0,11583.0,13047.0,7945.0,5893.0,0.5702,6.0,20164.0,0.5755,0.1604,0.4458762887,12245.5,0.8235,0.2762,32725.0,12923.0,94.645
180692,The University of Montana-Western,Dillon,MT,Rocky Mountains,Town,Public,1,0,3,4,2.0,0.9978,,,,,1198.0,0.6377,0.8038,0.0125,0.0526,0.0042,6670.0,20130.0,21403.0,16558.0,7879.0,1.0,16.0,6545.0,0.3521,0.3444,0.3596730245,42280.0,0.7857,0.5125,43229.0,21000.0,94.645
180814,Bellevue University,Bellevue,NE,Plains,Suburb,Private nonprofit,1,0,3,4,1.0,,,,,,10220.0,0.5324,0.4617,0.1561,0.1685,0.0327,9903.0,9903.0,23531.0,17550.0,6710.0,0.1207,12.0,2786.0,0.3004,0.2311,0.4493882091,33599.0,0.5793,0.3295,61289.0,20000.0,90.103
180832,Clarkson College,Omaha,NE,Plains,City,Private nonprofit,1,0,3,4,2.0,0.7818,,,,,622.0,0.8376,0.4695,0.0402,0.037,0.0305,16104.0,16104.0,24670.0,19241.0,6775.0,0.8219,10.0,14465.0,0.4013,0.8108,0.3333333333,45418.0,0.6087,0.4667,64876.0,23716.0,90.103
180878,Bryan College of Health Sciences,Lincoln,NE,Plains,City,Private nonprofit,1,0,3,4,2.0,0.6737,,,,,553.0,0.9295,0.8065,0.0163,0.038,0.0108,20640.0,20640.0,32845.0,26919.0,9196.0,0.557,9.0,12190.0,0.2787,0.6361,,64630.0,0.7111,0.7,70845.0,24985.0,90.103
180948,Chadron State College,Chadron,NE,Plains,Town,Public,1,0,3,4,1.0,,,,,,1540.0,0.6526,0.7662,0.0299,0.1156,0.0058,8290.0,8290.0,21132.0,12549.0,8175.0,0.5479,15.0,7796.0,0.3759,0.4958,0.393360161,44641.5,0.6317,0.5041,47002.0,18875.0,90.103
180984,Concordia University-Nebraska,Seward,NE,Plains,Town,Private nonprofit,1,0,3,4,2.0,0.8572,,570.0,555.0,23.0,1283.0,0.5105,0.7311,0.0156,0.0577,0.0062,40640.0,40640.0,53292.0,23965.0,6919.0,1.0,14.0,5451.0,0.1138,0.2635,0.1827586207,73277.0,0.7953,0.6489,52415.0,25750.0,90.103
181002,Creighton University,Omaha,NE,Plains,City,Private nonprofit,1,0,3,4,2.0,0.7975,1321.0,630.0,620.0,28.0,4348.0,0.5793,0.693,0.0278,0.104,0.0803,48856.0,48856.0,63423.0,31568.0,10809.0,0.6879,11.0,18314.0,0.1152,0.4195,0.1838398814,94392.0,0.9415,0.8336,73911.0,25000.0,90.103
181020,Doane University,Crete,NE,Plains,Town,Private nonprofit,1,0,3,4,2.0,0.9801,,,,,978.0,0.4519,0.6595,0.0409,0.1155,0.0092,43985.0,43985.0,57836.0,26364.0,7775.0,0.4079,11.0,13589.0,0.2678,0.6625,0.2992545261,57081.0,0.7925,0.5714,53316.0,25000.0,90.103
181127,Hastings College,Hastings,NE,Plains,Town,Private nonprofit,1,0,3,4,2.0,0.7165,1320.0,,,,891.0,0.4871,0.6117,0.0438,0.1459,0.0101,37770.0,37770.0,51422.0,24452.0,7146.0,1.0,14.0,8984.0,0.2737,0.6131,0.2748538012,66876.0,0.6563,0.4885,51303.0,27000.0,90.103
181145,CHI Health School of Radiologic Technology,Omaha,NE,Plains,City,Private nonprofit,1,0,3,3,,,,,,,29.0,0.931,0.6552,0.069,0.2069,0.0345,,,,,6667.0,,10.0,15734.0,0.12,0.48,,,,,48110.0,,90.103
181215,University of Nebraska at Kearney,Kearney,NE,Plains,Town,Public,1,0,3,4,2.0,0.8949,1118.0,524.0,512.0,22.0,4088.0,0.6169,0.7339,0.0279,0.1517,0.0081,8676.0,15284.0,25808.0,16242.0,8350.0,0.6623,14.0,11409.0,0.3693,0.3539,0.343830666,56349.5,0.7996,0.5774,50105.0,19500.0,90.103
181297,Nebraska Methodist College of Nursing & Allied Health,Omaha,NE,Plains,City,Private nonprofit,1,0,3,4,2.0,0.7341,,,,,781.0,0.9014,0.7222,0.0717,0.096,0.0346,17885.0,17885.0,32835.0,21863.0,6681.0,0.9315,13.0,12149.0,0.3085,0.6476,0.302970297,51893.5,0.8571,0.5952,65071.0,23417.0,90.103
181330,Midland University,Fremont,NE,Plains,Town,Private nonprofit,1,0,3,4,2.0,0.6612,1086.0,523.0,505.0,21.0,1159.0,0.4374,0.5608,0.0802,0.1717,0.0164,42050.0,42050.0,55719.0,26267.0,6937.0,1.0,14.0,7011.0,0.2806,0.6167,0.3412384717,61980.0,0.6926,0.4212,52163.0,26134.0,90.103
181394,University of Nebraska at Omaha,Omaha,NE,Plains,City,Public,1,0,3,4,2.0,0.8698,1120.0,,,22.0,11488.0,0.5554,0.5902,0.0813,0.1783,0.0591,8718.0,23206.0,21120.0,13441.0,9293.0,0.5583,15.0,10723.0,0.3465,0.2629,0.3478655767,46908.0,0.7787,0.4708,53909.0,19000.0,90.103
181428,University of Nebraska Medical Center,Omaha,NE,Plains,City,Public,1,0,3,4,,,,,,,938.0,0.8795,0.7431,0.0384,0.1237,0.0416,,,,,9884.0,0.8336,3.0,72129.0,0.2196,0.466,0.2671118531,50020.0,,,76833.0,15000.0,90.103
181446,Nebraska Wesleyan University,Lincoln,NE,Plains,City,Private nonprofit,1,0,3,4,2.0,0.7982,1189.0,575.0,590.0,26.0,1453.0,0.543,0.7323,0.0544,0.0929,0.022,43572.0,43572.0,53569.0,18327.0,6745.0,0.6205,12.0,7085.0,0.3357,0.5434,0.262295082,69291.0,0.75,0.6612,56405.0,26970.0,90.103
181464,University of Nebraska-Lincoln,Lincoln,NE,Plains,City,Public,1,0,3,4,2.0,0.8749,1191.0,605.0,600.0,25.0,19178.0,0.4977,0.7553,0.0288,0.0958,0.0411,10434.0,28584.0,26697.0,17747.0,12658.0,0.8528,17.0,13023.0,0.2277,0.3255,0.220236292,71878.0,0.8599,0.6697,56887.0,21000.0,90.103
181534,Peru State College,Peru,NE,Plains,Rural,Public,1,0,3,4,1.0,,,,,,1092.0,0.5449,0.6648,0.1429,0.098,0.0046,8640.0,8640.0,22240.0,11632.0,8181.0,1.0,17.0,6887.0,0.3685,0.4442,0.4155844156,40241.5,0.6445,0.3761,47071.0,21875.0,90.103
181604,College of Saint Mary,Omaha,NE,Plains,City,Private nonprofit,1,0,3,4,2.0,0.4465,1150.0,,,,445.0,1.0,0.5461,0.0921,0.2427,0.0202,24510.0,24510.0,35971.0,16590.0,7807.0,0.5969,8.0,14423.0,0.388,0.4959,0.26,37527.0,0.7978,0.605,54338.0,24250.0,90.103
181738,Union Adventist University,Lincoln,NE,Plains,City,Private nonprofit,1,0,3,4,2.0,1.0,,550.0,505.0,21.0,471.0,0.5817,0.4926,0.0807,0.2442,0.051,29334.0,29334.0,42099.0,23716.0,6684.0,0.9855,8.0,18776.0,0.3077,0.6084,0.2453416149,47851.0,0.8354,0.5226,55045.0,27000.0,90.103
181783,Wayne State College,Wayne,NE,Plains,Town,Public,1,0,3,4,1.0,,,,,,3010.0,0.5678,0.7605,0.0256,0.1023,0.0066,8216.0,8216.0,22565.0,15360.0,8347.0,0.498,19.0,7016.0,0.258,0.3238,0.3418604651,56926.0,0.7239,0.5215,47075.0,19000.0,90.103
181853,York University,York,NE,Plains,Town,Private nonprofit,1,0,3,4,2.0,0.5188,1022.0,490.0,485.0,19.0,428.0,0.472,0.5514,0.1028,0.1495,0.0023,23000.0,23000.0,34268.0,20951.0,5879.0,0.5088,11.0,5315.0,0.4018,0.6411,0.334841629,44836.0,0.687,0.5221,44130.0,21500.0,90.103
182005,College of Southern Nevada,Las Vegas,NV,Far West,City,Public,1,0,2,3,1.0,,,,,,27252.0,0.5735,0.2286,0.1036,0.4322,0.0916,4358.0,13024.0,13665.0,6615.0,10747.0,1.0,18.0,7442.0,0.2966,0.0998,0.5101978691,22219.0,,0.1914,38087.0,8000.0,99.979
182148,Las Vegas College,Las Vegas,NV,Far West,Suburb,Private for-profit,1,0,2,3,1.0,,,,,,536.0,0.8601,0.1642,0.2369,0.2705,0.1828,17495.0,17495.0,34126.0,29880.0,6698.0,0.4364,17.0,3965.0,0.5119,0.6771,0.5720164609,17679.0,,,31398.0,8279.0,99.979
182281,University of Nevada-Las Vegas,Las Vegas,NV,Far West,City,Public,1,0,3,4,2.0,0.9617,1094.0,,,,24622.0,0.5588,0.2386,0.0939,0.3637,0.1666,9748.0,27411.0,19638.0,10359.0,13197.0,0.9919,19.0,16939.0,0.401,0.255,0.4234979633,34261.0,0.7922,0.5051,55037.0,19450.0,99.979
182290,University of Nevada-Reno,Reno,NV,Far West,City,Public,1,0,3,4,2.0,0.7371,1132.0,585.0,580.0,23.0,15599.0,0.5407,0.5001,0.0335,0.2493,0.0803,9578.0,27720.0,25786.0,15927.0,13293.0,0.9799,17.0,14669.0,0.2289,0.2395,0.3846298032,48103.0,0.7966,0.6124,60614.0,18922.0,99.979
182306,Great Basin College,Elko,NV,Far West,Town,Public,1,0,1,3,1.0,,,,,,1900.0,0.6632,0.5563,0.0321,0.28,0.02,3923.0,13883.0,12947.0,8471.0,9575.0,0.9872,18.0,8304.0,0.2282,0.0497,0.5237315876,22838.5,0.5882,0.4086,39289.0,15750.0,99.979
182500,Truckee Meadows Community College,Reno,NV,Far West,City,Public,1,0,1,3,1.0,,,,,,7681.0,0.5454,0.4318,0.0253,0.4044,0.051,3352.0,12018.0,15247.0,8312.0,10272.0,0.9941,19.0,6471.0,0.1648,0.0261,0.5240443896,21395.0,,0.3214,44573.0,11000.0,99.979
182564,Western Nevada College,Carson City,NV,Far West,City,Public,1,0,2,3,1.0,,,,,,1910.0,0.5953,0.5021,0.0178,0.3424,0.0257,4168.0,12834.0,20248.0,12732.0,9883.0,1.0,15.0,5479.0,0.1754,0.0282,0.5429951691,20639.0,,0.41,41987.0,10500.0,99.979
182634,Colby-Sawyer College,New London,NH,New England,Rural,Private nonprofit,1,0,3,4,2.0,0.8008,,,,,771.0,0.6926,0.7782,0.0376,0.0272,0.0117,19125.0,19125.0,38527.0,27431.0,7194.0,1.0,10.0,9406.0,0.2278,0.6571,0.2413793103,80005.5,0.7674,0.5745,46474.0,27000.0,104.165
182670,Dartmouth College,Hanover,NH,New England,Town,Private nonprofit,1,0,3,4,2.0,0.054,1534.0,740.0,760.0,34.0,4541.0,0.4823,0.4404,0.0623,0.0991,0.1306,68268.0,68268.0,87793.0,29519.0,19770.0,0.8127,7.0,32539.0,0.1435,0.1203,0.1736263736,68455.5,0.9842,0.9554,97434.0,17500.0,104.165
182795,Franklin Pierce University,Rindge,NH,New England,Rural,Private nonprofit,1,0,3,4,2.0,0.9347,1175.0,,,,992.0,0.4748,0.6804,0.0927,0.0948,0.0101,46442.0,46442.0,64185.0,27154.0,8428.0,1.0,13.0,10351.0,0.293,0.7032,0.2977691562,74866.5,0.7434,0.5351,53353.0,27000.0,104.165
182829,University of New Hampshire-Franklin Pierce School of Law,Concord,NH,New England,Town,Public,0,0,4,4,,,,,,,,,,,,,,,,,12776.0,0.3038,,15916.0,,,0.174486235,89334.0,,,66479.0,26814.0,104.165
182980,New England College,Henniker,NH,New England,Rural,Private nonprofit,1,0,3,4,2.0,0.9213,,,,,1022.0,0.5714,0.6018,0.0822,0.091,0.0186,41938.0,41938.0,59350.0,26972.0,7656.0,0.1355,8.0,5395.0,0.36,0.715,0.4603305785,28690.0,0.6128,0.3451,42092.0,26000.0,104.165
183026,Southern New Hampshire University,Manchester,NH,New England,Suburb,Private nonprofit,1,0,3,4,2.0,0.9951,,,,,163164.0,0.632,0.4978,0.1988,0.1518,0.0232,17200.0,17200.0,40918.0,36708.0,9805.0,1.0,24.0,1594.0,0.4875,0.5821,0.4825895769,27192.0,0.6112,0.4283,50318.0,21082.0,104.165
183044,University of New Hampshire-Main Campus,Durham,NH,New England,Town,Public,1,0,3,4,2.0,0.8816,1218.0,610.0,595.0,28.0,11261.0,0.5579,0.853,0.0082,0.0428,0.0261,19202.0,39852.0,35537.0,23805.0,12271.0,0.7356,17.0,12735.0,0.1813,0.5663,0.174486235,89334.0,0.8727,0.7607,66479.0,26814.0,104.165
183062,Keene State College,Keene,NH,New England,Town,Public,1,0,3,4,2.0,0.9033,,550.0,520.0,25.0,2699.0,0.5128,0.8348,0.0237,0.0559,0.0137,14784.0,26840.0,29993.0,17887.0,10286.0,0.498,17.0,10942.0,0.2616,0.6656,0.2299554566,85479.5,0.7868,0.6006,54368.0,25749.0,104.165
183071,University of New Hampshire at Manchester,Manchester,NH,New England,City,Public,0,0,3,4,2.0,0.8087,1100.0,605.0,585.0,,443.0,0.4334,0.7156,0.0406,0.1016,0.0519,15838.0,36418.0,20020.0,9992.0,9178.0,0.265,8.0,10629.0,0.2882,0.4313,0.174486235,89334.0,0.8529,0.5,66479.0,26814.0,104.165
183080,Plymouth State University,Plymouth,NH,New England,Town,Public,1,0,3,4,2.0,0.8754,,,,,3153.0,0.4818,0.8053,0.02,0.0577,0.014,14626.0,25566.0,29644.0,19216.0,9340.0,0.5502,15.0,9906.0,0.2809,0.6912,0.2702251877,73031.5,0.6845,0.5203,57304.0,26000.0,104.165
183211,Rivier University,Nashua,NH,New England,City,Private nonprofit,1,0,3,4,2.0,0.8259,1070.0,,,,1231.0,0.7287,0.7222,0.095,0.0739,0.039,39488.0,39488.0,53499.0,28082.0,8174.0,0.3077,14.0,7547.0,0.2831,0.6974,0.3735795455,62990.0,0.7571,0.5167,52248.0,26956.0,104.165
183239,Saint Anselm College,Manchester,NH,New England,Suburb,Private nonprofit,1,0,3,4,2.0,0.7805,1201.0,620.0,610.0,27.0,2087.0,0.5942,0.8294,0.0163,0.047,0.0057,48920.0,48920.0,67213.0,34779.0,9792.0,0.6581,12.0,13897.0,0.1135,0.6852,0.130806846,123136.0,0.8813,0.8003,73371.0,27000.0,104.165
183257,University of New Hampshire College of Professional Studies Online,Manchester,NH,New England,City,Public,0,0,3,4,1.0,,,,,,1157.0,0.7373,0.8116,0.038,0.0847,0.0216,7724.0,9284.0,15451.0,10864.0,9964.0,0.2667,10.0,5086.0,0.3182,0.3309,0.174486235,89334.0,0.625,0.2955,66479.0,26814.0,104.165
183275,Thomas More College of Liberal Arts,Merrimack,NH,New England,Suburb,Private nonprofit,1,0,3,3,1.0,,,,,,97.0,0.5361,0.7732,0.0,0.0515,0.0206,30400.0,30400.0,42082.0,18489.0,5762.0,1.0,10.0,13139.0,0.4455,0.8218,,63043.0,0.88,0.625,53565.0,25000.0,104.165
183488,Eastwick College-Hackensack,Hackensack,NJ,Mid East,Suburb,Private for-profit,1,0,2,3,1.0,,,,,,1171.0,0.8984,0.2468,0.4466,0.2502,0.0307,18075.0,18075.0,33359.0,29885.0,5762.0,0.1096,36.0,6400.0,0.7059,0.5526,0.6211340206,20281.0,,0.4254,39762.0,13264.0,108.805
183789,Berkeley College-Woodland Park,Woodland Park,NJ,Mid East,Suburb,Private for-profit,1,0,3,4,1.0,,,,,,1778.0,0.7683,0.0619,0.1192,0.4021,0.0146,29800.0,29800.0,44691.0,27100.0,7262.0,1.0,14.0,8480.0,0.6184,0.6816,0.574610245,21489.0,0.5455,0.4371,40251.0,23251.0,108.805
183804,Beth Medrash Govoha,Lakewood,NJ,Mid East,City,Private nonprofit,1,0,3,4,,,,,,,4027.0,0.0,0.9804,0.0,0.0017,0.0,,,,,9162.0,0.1364,19.0,1168.0,0.7449,0.0,0.3081463991,16524.5,,,47544.0,,108.805
183822,Bloomfield College of Montclair State University,Bloomfield,NJ,Mid East,Suburb,Public,0,0,3,3,2.0,0.6974,,461.0,480.0,,781.0,0.5723,0.0627,0.4661,0.3303,0.0333,15912.0,26022.0,42035.0,28014.0,9925.0,1.0,12.0,12599.0,0.7036,0.8858,0.4124472574,40178.0,0.5944,0.3811,61415.0,22000.0,108.805
183910,Caldwell University,Caldwell,NJ,Mid East,Suburb,Private nonprofit,1,0,3,4,2.0,0.7134,1260.0,555.0,600.0,,1575.0,0.5771,0.2063,0.1771,0.2743,0.033,40848.0,40848.0,54073.0,24691.0,8318.0,1.0,12.0,9080.0,0.4862,0.6409,0.4306688418,37962.0,0.7726,0.5749,53843.0,25000.0,108.805
183974,Centenary University,Hackettstown,NJ,Mid East,Suburb,Private nonprofit,1,0,3,4,2.0,0.8308,,575.0,505.0,19.0,910.0,0.6,0.611,0.0912,0.1967,0.0198,37732.0,37732.0,52362.0,20503.0,7533.0,1.0,12.0,11236.0,0.3828,0.633,0.3821548822,49039.0,0.7784,0.5605,53726.0,23163.0,108.805
184348,Drew University,Madison,NJ,Mid East,Suburb,Private nonprofit,1,0,3,4,2.0,0.6783,1227.0,,,,1533.0,0.5558,0.5571,0.1102,0.0711,0.0378,47100.0,47100.0,65301.0,24280.0,9405.0,1.0,11.0,11898.0,0.2894,0.4458,0.2449725777,61492.5,0.8837,0.7048,63646.0,25288.0,108.805
184603,Fairleigh Dickinson University-Metropolitan Campus,Teaneck,NJ,Mid East,Suburb,Private nonprofit,1,0,3,4,2.0,0.9071,,,,,2627.0,0.501,0.1945,0.1123,0.3392,0.0522,38004.0,38004.0,50305.0,15404.0,9579.0,0.3035,14.0,9140.0,0.2195,0.2079,0.4255060729,39799.0,0.7698,0.5332,57273.0,25000.0,108.805
184612,Felician University,Lodi,NJ,Mid East,Suburb,Private nonprofit,1,0,3,4,1.0,,,500.0,515.0,20.0,1774.0,0.7018,0.2136,0.1776,0.4431,0.0569,39300.0,39300.0,50316.0,40045.0,7884.0,0.444,15.0,8090.0,0.5247,0.5504,0.4948979592,32635.0,0.7571,0.4722,57602.0,25000.0,108.805
184694,Fairleigh Dickinson University-Florham Campus,Madison,NJ,Mid East,Suburb,Private nonprofit,0,0,3,4,2.0,0.9519,,,,,1990.0,0.5322,0.4709,0.1246,0.2709,0.0503,38004.0,38004.0,54204.0,22829.0,9429.0,0.4148,11.0,13263.0,0.3645,0.5463,0.4255060729,39799.0,0.7821,0.6662,57273.0,25000.0,108.805
184773,Georgian Court University,Lakewood,NJ,Mid East,City,Private nonprofit,1,0,3,4,2.0,0.7884,,525.0,553.0,25.0,1195.0,0.6904,0.5866,0.1054,0.1364,0.0151,37260.0,37260.0,50671.0,19285.0,8457.0,0.3744,11.0,9850.0,0.3315,0.4865,0.4211356467,45776.5,0.7611,0.5357,53096.0,21816.0,108.805
184782,Rowan University,Glassboro,NJ,Mid East,Suburb,Public,1,0,3,4,2.0,0.7766,1212.0,590.0,585.0,27.0,15841.0,0.4953,0.5885,0.116,0.1562,0.0627,16574.0,26932.0,35842.0,22408.0,10856.0,0.5256,17.0,16731.0,0.3306,0.4337,0.3508263759,61093.0,0.8234,0.6736,59988.0,20500.0,108.805
184959,Eastwick College-Ramsey,Ramsey,NJ,Mid East,Suburb,Private for-profit,1,0,2,3,1.0,,,,,,1203.0,0.8761,0.2668,0.3308,0.3259,0.059,18057.0,18057.0,32704.0,27074.0,6546.0,0.1074,16.0,6051.0,0.4543,0.6932,0.4527272727,28634.0,,0.7547,51725.0,16084.0,108.805
185129,New Jersey City University,Jersey City,NJ,Mid East,City,Public,1,0,3,4,2.0,0.9838,,505.0,510.0,,3681.0,0.552,0.1559,0.2092,0.4923,0.0671,14460.0,14460.0,28255.0,16053.0,12966.0,1.0,13.0,10046.0,0.5248,0.2834,0.5303941216,23397.0,0.6482,0.3389,52745.0,18500.0,108.805
185262,Kean University,Union,NJ,Mid East,Suburb,Public,1,0,3,4,2.0,0.759,1040.0,515.0,505.0,20.0,11433.0,0.6067,0.2392,0.2117,0.3915,0.0449,14299.0,22446.0,26949.0,12447.0,10488.0,0.2533,17.0,13363.0,0.4793,0.4113,0.4639848357,32770.5,0.7607,0.4657,57237.0,23250.0,108.805
185572,Monmouth University,West Long Branch,NJ,Mid East,Suburb,Private nonprofit,1,0,3,4,2.0,0.8902,1223.0,585.0,575.0,24.0,3684.0,0.6333,0.6745,0.054,0.1808,0.0223,46552.0,46552.0,62904.0,30988.0,10388.0,1.0,12.0,12830.0,0.3045,0.6072,0.3230769231,73885.0,0.7986,0.719,67991.0,27000.0,108.805
185590,Montclair State University,Montclair,NJ,Mid East,Suburb,Public,1,0,3,4,2.0,0.8789,1070.0,555.0,555.0,,18376.0,0.5854,0.3164,0.1322,0.4065,0.0611,15912.0,26022.0,28305.0,15566.0,12540.0,0.3426,18.0,9193.0,0.4699,0.4051,0.4124472574,40178.0,0.7789,0.6466,61415.0,22000.0,108.805
185758,New Brunswick Theological Seminary,New Brunswick,NJ,Mid East,City,Private nonprofit,1,0,4,4,,,,,,,,,,,,,,,,,6618.0,0.7857,,24714.0,,,,,,,,,108.805
185828,New Jersey Institute of Technology,Newark,NJ,Mid East,City,Public,1,0,3,4,2.0,0.6507,1337.0,635.0,670.0,30.0,9019.0,0.2835,0.2923,0.1038,0.2856,0.2035,19974.0,37664.0,32859.0,16504.0,13884.0,0.5795,17.0,16796.0,0.3956,0.3118,0.3440366972,38563.0,0.8954,0.7276,84276.0,21000.0,108.805
186122,Princeton Theological Seminary,Princeton,NJ,Mid East,City,Private nonprofit,1,0,4,4,,,,,,,,,,,,,,,,,11245.0,0.66,,35132.0,,,,7537.0,,,,,108.805
186131,Princeton University,Princeton,NJ,Mid East,City,Private nonprofit,1,0,3,4,2.0,0.0462,1553.0,745.0,770.0,34.0,5709.0,0.5038,0.3365,0.0874,0.1005,0.2345,62688.0,62688.0,84040.0,6128.0,25354.0,0.867,5.0,73220.0,0.1924,0.0197,0.2773972603,37036.0,0.9835,0.9761,110066.0,10320.0,108.805
186186,Rabbinical College of America,Morristown,NJ,Mid East,Suburb,Private nonprofit,1,0,3,4,2.0,0.9515,,,,,181.0,0.0,0.8287,0.0,0.0,0.0,10650.0,10650.0,27300.0,15628.0,6825.0,0.9259,10.0,11986.0,0.4365,0.0,0.1162790698,35086.5,0.7547,0.2222,34990.0,,108.805
186201,Ramapo College of New Jersey,Mahwah,NJ,Mid East,Suburb,Public,1,0,3,4,2.0,0.7064,1211.0,595.0,595.0,26.0,4898.0,0.5841,0.5137,0.0633,0.2683,0.0988,16777.0,27708.0,29483.0,18173.0,12502.0,1.0,17.0,14181.0,0.2823,0.376,0.3128865979,68011.0,0.8361,0.6981,67541.0,21000.0,108.805
186283,Rider University,Lawrenceville,NJ,Mid East,Suburb,Private nonprofit,1,0,3,4,2.0,0.7864,1227.0,585.0,575.0,30.0,3106.0,0.5631,0.5219,0.066,0.2015,0.1227,41120.0,41120.0,55967.0,24792.0,11615.0,0.4647,14.0,13714.0,0.3473,0.5829,0.294011976,65207.5,0.7836,0.6133,62208.0,26130.0,108.805
186371,Rutgers University-Camden,Camden,NJ,Mid East,City,Public,0,0,3,4,2.0,0.6629,1178.0,565.0,570.0,21.0,3753.0,0.5995,0.3624,0.1905,0.2403,0.1279,17764.0,37276.0,35178.0,18745.0,14127.0,0.5008,12.0,21071.0,0.4771,0.4702,0.345829486,43359.5,0.8,0.6667,74479.0,21500.0,108.805
186380,Rutgers University-New Brunswick,New Brunswick,NJ,Mid East,City,Public,1,0,3,4,2.0,0.5815,1410.0,660.0,695.0,30.0,37751.0,0.5012,0.2994,0.0702,0.1589,0.3363,17929.0,37441.0,36993.0,24406.0,14593.0,0.5255,16.0,20585.0,0.279,0.3479,0.345829486,43359.5,0.9302,0.8363,74479.0,21500.0,108.805
186399,Rutgers University-Newark,Newark,NJ,Mid East,City,Public,0,0,3,4,2.0,0.7136,,565.0,585.0,25.0,7709.0,0.5267,0.2013,0.182,0.3576,0.1908,17250.0,36762.0,35654.0,19703.0,16467.0,0.5881,14.0,20911.0,0.5881,0.3183,0.345829486,43359.5,0.8382,0.6375,74479.0,21500.0,108.805
186432,Saint Peter's University,Jersey City,NJ,Mid East,City,Private nonprofit,1,0,3,4,2.0,0.903,,535.0,525.0,23.0,2135.0,0.5892,0.1555,0.1756,0.429,0.0698,42552.0,42552.0,50272.0,12199.0,9476.0,0.3075,12.0,7315.0,0.5198,0.2856,0.4802571166,28451.0,0.7178,0.5826,57815.0,20500.0,108.805
186584,Seton Hall University,South Orange,NJ,Mid East,Suburb,Private nonprofit,1,0,3,4,2.0,0.7326,1322.0,640.0,645.0,29.0,6036.0,0.5621,0.4206,0.1171,0.2845,0.0939,53170.0,53170.0,68263.0,31446.0,11807.0,0.9308,14.0,12862.0,0.3249,0.5043,0.2789620019,63427.5,0.8145,0.6949,70196.0,22750.0,108.805
186618,Saint Elizabeth University,Morristown,NJ,Mid East,Suburb,Private nonprofit,1,0,3,4,2.0,0.7103,,,,,557.0,0.5961,0.1993,0.3411,0.2801,0.0215,36741.0,36741.0,53075.0,23125.0,7875.0,0.3293,8.0,12527.0,0.5791,0.6567,0.4707692308,29785.5,0.6471,0.511,53038.0,24934.0,108.805
186867,Stevens Institute of Technology,Hoboken,NJ,Mid East,Suburb,Private nonprofit,1,0,3,4,2.0,0.4758,1446.0,700.0,740.0,33.0,4222.0,0.3382,0.4673,0.0291,0.1677,0.2065,63462.0,63462.0,79790.0,41346.0,17610.0,1.0,11.0,14681.0,0.2043,0.5271,0.1549439348,117032.0,0.9364,0.8688,108772.0,27000.0,108.805
186876,Stockton University,Galloway,NJ,Mid East,Rural,Public,1,0,3,4,2.0,0.8894,1139.0,580.0,570.0,25.0,7537.0,0.6025,0.5681,0.0967,0.2062,0.0723,16266.0,24524.0,35139.0,20670.0,11456.0,0.4986,17.0,8898.0,0.4228,0.493,0.4040081324,52591.0,0.7859,0.6854,57602.0,20500.0,108.805
186900,Talmudical Academy-New Jersey,Adelphia,NJ,Mid East,Suburb,Private nonprofit,1,0,2,3,2.0,0.4348,,,,,72.0,0.0,0.9167,0.0,0.0,0.0,15800.0,15800.0,25100.0,6164.0,2191.0,,18.0,2166.0,0.5128,0.0,,26512.5,0.9,0.6,40344.0,,108.805
187046,Thomas Edison State University,Trenton,NJ,Mid East,City,Public,1,0,3,4,1.0,,,,,,6707.0,0.3899,0.427,0.1603,0.1651,0.042,6838.0,8856.0,,,,,20.0,0.0,0.2367,0.2418,0.4446609509,34693.0,,,69331.0,12500.0,108.805
187134,The College of New Jersey,Ewing,NJ,Mid East,Suburb,Public,1,0,3,4,2.0,0.6229,1246.0,625.0,635.0,29.0,7105.0,0.5593,0.5858,0.0587,0.1779,0.1034,19632.0,25752.0,38860.0,27646.0,12766.0,0.4916,14.0,10258.0,0.2097,0.4756,0.2052256532,106390.0,0.9132,0.8585,73323.0,23250.0,108.805
187444,William Paterson University of New Jersey,Wayne,NJ,Mid East,Suburb,Public,1,0,3,4,2.0,0.9008,,,,,6614.0,0.6126,0.296,0.2167,0.3406,0.0682,15704.0,25344.0,28476.0,18745.0,13396.0,0.9767,18.0,13191.0,0.4653,0.4285,0.4394402036,35457.5,0.7394,0.4396,57780.0,22334.0,108.805
187596,Navajo Technical University,Crownpoint,NM,Southwest,Rural,Public,1,0,1,4,1.0,,,,,,1124.0,0.6379,0.0044,0.0053,0.0044,0.0018,4346.0,4346.0,13049.0,5338.0,6041.0,1.0,10.0,16899.0,0.4944,0.0,0.5909774436,12120.5,0.3793,0.1188,26364.0,,92.212
187648,Eastern New Mexico University-Main Campus,Portales,NM,Southwest,Town,Public,1,0,3,4,2.0,0.9166,964.0,500.0,480.0,19.0,3357.0,0.6279,0.3575,0.0584,0.4558,0.0134,7194.0,9174.0,18940.0,4904.0,8343.0,0.6307,18.0,7348.0,0.3571,0.1891,0.4558617468,28573.0,0.6203,0.4509,38550.0,16500.0,92.212
187745,Institute of American Indian and Alaska Native Culture and Arts Development,Santa Fe,NM,Southwest,Rural,Public,1,0,3,4,2.0,0.9747,,,,,334.0,0.6557,0.1018,0.0,0.1168,0.0,5920.0,5920.0,24854.0,12570.0,7818.0,1.0,9.0,15463.0,0.2252,0.0,0.3806451613,11357.5,0.7027,0.1463,24505.0,,92.212
187897,New Mexico Highlands University,Las Vegas,NM,Southwest,Town,Public,1,0,3,4,1.0,,,,,,1451.0,0.621,0.1702,0.0455,0.6099,0.0028,7416.0,12336.0,20868.0,14838.0,5823.0,0.7797,10.0,11748.0,0.4509,0.176,0.4535315985,24029.0,0.4977,0.2618,45937.0,11399.0,92.212
187967,New Mexico Institute of Mining and Technology,Socorro,NM,Southwest,Town,Public,1,0,3,4,2.0,0.4449,1207.0,605.0,610.0,26.0,995.0,0.2834,0.4583,0.0101,0.406,0.0201,9476.0,27247.0,24967.0,9873.0,10264.0,0.8266,9.0,13319.0,0.295,0.3122,0.2629107981,39182.0,0.7703,0.5705,76489.0,19085.0,92.212
187985,University of New Mexico-Main Campus,Albuquerque,NM,Southwest,City,Public,1,0,3,4,2.0,0.9518,1038.0,,,23.0,17244.0,0.5731,0.2782,0.0317,0.5119,0.039,10140.0,33060.0,21259.0,15489.0,11446.0,0.7135,15.0,15468.0,0.3873,0.4408,0.4103443894,27972.0,0.7617,0.5469,44792.0,18450.0,92.212
188030,New Mexico State University-Main Campus,Las Cruces,NM,Southwest,Suburb,Public,1,0,3,4,2.0,0.8897,1011.0,525.0,505.0,20.0,11946.0,0.5793,0.2433,0.0224,0.6366,0.0104,8183.0,25307.0,23274.0,8889.0,10198.0,0.7526,16.0,12132.0,0.3849,0.1993,0.4362586997,23951.0,0.7338,0.5517,39067.0,17095.0,92.212
188058,Northern New Mexico College,Espanola,NM,Southwest,Town,Public,1,0,2,3,1.0,,,,,,926.0,0.6911,0.1371,0.0216,0.6566,0.0151,6400.0,14328.0,19702.0,7276.0,7447.0,0.4161,10.0,13498.0,0.3181,0.0342,0.6303191489,16868.0,0.5227,0.2866,38112.0,6000.0,92.212
188182,University of the Southwest,Hobbs,NM,Southwest,Town,Private nonprofit,1,0,3,4,1.0,,,,,,346.0,0.474,0.1618,0.078,0.6474,0.0087,16670.0,16670.0,28210.0,16927.0,3737.0,1.0,21.0,4066.0,0.5519,0.6409,0.46875,33345.0,0.5506,0.1698,45389.0,21303.0,92.212
188207,Southwestern College,Santa Fe,NM,Southwest,City,Private nonprofit,1,0,4,4,,,,,,,,,,,,,,,,,6816.0,0.1961,,7226.0,,,,,,,,,92.212
188304,Western New Mexico University,Silver City,NM,Southwest,Town,Public,1,0,3,4,1.0,,,,,,2026.0,0.6742,0.2715,0.037,0.5602,0.0044,7856.0,14342.0,21562.0,8522.0,8468.0,0.4297,12.0,9617.0,0.4345,0.2151,0.4771167048,21494.0,0.5805,0.3223,39095.0,23000.0,92.212
188340,Vaughn College of Aeronautics and Technology,Flushing,NY,Mid East,City,Private nonprofit,1,0,2,4,1.0,,,,,,1302.0,0.1398,0.126,0.1943,0.3295,0.1444,29810.0,29810.0,47346.0,39986.0,9587.0,1.0,16.0,13362.0,0.4967,0.4651,0.4709066306,21529.0,0.8393,0.3919,64973.0,21125.0,107.921
188429,Adelphi University,Garden City,NY,Mid East,Suburb,Private nonprofit,1,0,3,4,2.0,0.6591,1219.0,595.0,600.0,26.0,5276.0,0.6668,0.4132,0.1012,0.2339,0.1367,49110.0,49110.0,63189.0,30783.0,13657.0,0.3063,12.0,15443.0,0.3103,0.5865,0.354206501,51854.0,0.8286,0.6715,75482.0,25000.0,107.921
188517,Bryant & Stratton College-Albany,Albany,NY,Mid East,Suburb,Private nonprofit,0,0,2,3,1.0,,,,,,240.0,0.575,0.1958,0.3583,0.2292,0.0333,18374.0,18374.0,23359.0,12443.0,6196.0,0.1481,14.0,5845.0,0.6245,0.6957,0.5378553335,15184.0,1.0,0.2857,32568.0,21549.0,107.921
188526,Albany College of Pharmacy and Health Sciences,Albany,NY,Mid East,City,Private nonprofit,1,0,3,4,2.0,0.5269,1252.0,640.0,640.0,30.0,481.0,0.6424,0.499,0.1081,0.0624,0.2079,41475.0,41475.0,54899.0,29882.0,10066.0,0.6121,10.0,28471.0,0.2888,0.8336,0.2169811321,79148.0,0.8582,0.6754,131426.0,25500.0,107.921
188535,Albany Law School,Albany,NY,Mid East,City,Private nonprofit,1,0,4,4,,,,,,,,,,,,,,,,,11612.0,0.5897,,20686.0,,,,,,,,,107.921
188580,Albany Medical College,Albany,NY,Mid East,City,Private nonprofit,1,0,4,4,,,,,,,,,,,,,,,,,,0.2707,,43679.0,,,,,,,,,107.921
188641,Alfred University,Alfred,NY,Mid East,Rural,Private nonprofit,1,0,3,4,2.0,0.7384,1279.0,585.0,600.0,25.0,1423.0,0.5228,0.6381,0.0703,0.1061,0.0155,41500.0,41500.0,57445.0,25620.0,7390.0,0.8373,9.0,14894.0,0.3854,0.6414,0.245049505,54905.5,0.7752,0.5698,54897.0,26000.0,107.921
188854,American Musical and Dramatic Academy,New York,NY,Mid East,City,Private nonprofit,1,0,1,4,2.0,0.2448,,,,,1438.0,0.7197,0.2997,0.1683,0.1669,0.0188,46928.0,46928.0,65647.0,41416.0,6293.0,0.3168,5.0,19683.0,0.3276,0.5885,0.2504302926,49079.0,0.8333,0.7164,26975.0,15250.0,107.921
189015,Bank Street College of Education,New York,NY,Mid East,City,Private nonprofit,1,0,4,4,,,,,,,,,,,,,,,,,10559.0,0.6129,,44436.0,,,,,,,,,107.921
189088,Bard College,Annandale-On-Hudson,NY,Mid East,Rural,Private nonprofit,1,0,3,4,2.0,0.5212,1380.0,,,,2414.0,0.5704,0.449,0.1292,0.14,0.0273,66436.0,66436.0,84553.0,34649.0,12589.0,0.743,9.0,42373.0,0.1667,0.3168,0.1217105263,62890.0,0.8458,0.6756,46543.0,24254.0,107.921
189097,Barnard College,New York,NY,Mid East,City,Private nonprofit,1,0,3,3,2.0,0.0884,1520.0,740.0,748.0,33.0,3264.0,1.0,0.3235,0.0555,0.1434,0.2188,69888.0,69888.0,89538.0,28800.0,15995.0,1.0,10.0,32573.0,0.1586,0.2569,0.1556503198,66094.0,0.9657,0.9302,80516.0,18000.0,107.921
189228,Berkeley College-New York,New York,NY,Mid East,City,Private for-profit,1,0,3,4,1.0,,,,,,1449.0,0.7067,0.0221,0.1518,0.2809,0.009,29800.0,29800.0,45041.0,34124.0,7929.0,1.0,21.0,5474.0,0.5228,0.5695,0.4940549405,17419.5,0.5517,0.4401,45884.0,30426.0,107.921
189273,Beth Hamedrash Shaarei Yosher Institute,Brooklyn,NY,Mid East,City,Private nonprofit,1,0,2,3,2.0,0.8974,,,,,91.0,0.0,1.0,0.0,0.0,0.0,12000.0,12000.0,24208.0,10831.0,3801.0,,13.0,19327.0,0.7349,0.0,,15722.5,0.9259,0.125,,,107.921
189282,Mount Sinai Phillips School of Nursing,New York,NY,Mid East,City,Private nonprofit,1,0,3,3,,,,,,,311.0,0.8746,0.373,0.209,0.1158,0.2251,,,,,12130.0,0.2034,8.0,2925.0,0.0073,0.989,0.369047619,37001.0,,1.0,96980.0,19750.0,107.921
189413,Boricua College,New York,NY,Mid East,City,Private nonprofit,1,0,3,4,1.0,,,,,,391.0,0.8159,0.0128,0.1969,0.7698,0.0051,13025.0,13025.0,24213.0,15245.0,5110.0,0.65,20.0,3692.0,0.8603,0.1372,0.5232198142,14158.5,0.8649,0.806,35348.0,6733.0,107.921
189501,Brooklyn Law School,Brooklyn,NY,Mid East,City,Private nonprofit,1,0,4,4,,,,,,,,,,,,,,,,,15287.0,1.0,,21093.0,,,,,,,,,107.921
189565,Bryant & Stratton College-Syracuse North,Liverpool,NY,Mid East,Suburb,Private nonprofit,0,0,3,3,1.0,,,,,,458.0,0.7402,0.4061,0.3493,0.0655,0.024,18768.0,18768.0,25249.0,15217.0,6263.0,0.5192,16.0,8532.0,0.6204,0.7182,0.5378553335,15184.0,0.3333,0.3163,32568.0,21549.0,107.921
189583,Bryant & Stratton College-Buffalo,Buffalo,NY,Mid East,City,Private nonprofit,1,0,2,3,1.0,,,,,,743.0,0.751,0.2019,0.3203,0.1036,0.0283,18910.0,18910.0,24969.0,14135.0,5841.0,0.2857,23.0,3306.0,0.6923,0.6857,0.5378553335,15184.0,,0.2121,32568.0,21549.0,107.921
189592,Bryant & Stratton College-Greece,Rochester,NY,Mid East,Suburb,Private nonprofit,0,0,2,3,1.0,,,,,,363.0,0.7163,0.1956,0.314,0.1212,0.0138,20073.0,20073.0,24114.0,11503.0,6063.0,0.3585,16.0,8586.0,0.5971,0.7086,0.5378553335,15184.0,,0.1,32568.0,21549.0,107.921
189705,Canisius University,Buffalo,NY,Mid East,City,Private nonprofit,1,0,3,4,2.0,0.7236,,570.0,580.0,28.0,1685.0,0.5098,0.6356,0.1383,0.057,0.035,34500.0,34500.0,44322.0,17940.0,8691.0,0.9297,11.0,8715.0,0.322,0.5328,0.2305502846,65323.0,0.7262,0.6639,60681.0,24250.0,107.921
189857,Central Yeshiva Tomchei Tmimim Lubavitz,Brooklyn,NY,Mid East,City,Private nonprofit,1,0,3,4,2.0,0.8743,,,,,863.0,0.0,0.8725,0.0,0.0,0.0,8400.0,8400.0,29697.0,21437.0,3816.0,0.6415,31.0,1521.0,0.6395,0.0,0.2708333333,36140.0,0.7871,0.0513,35023.0,,107.921
190044,Clarkson University,Potsdam,NY,Mid East,Town,Private nonprofit,1,0,3,4,2.0,0.7736,1304.0,630.0,650.0,29.0,2196.0,0.3051,0.7391,0.0255,0.1293,0.0209,59398.0,59398.0,79022.0,30305.0,11357.0,0.7766,13.0,16750.0,0.2157,0.6188,0.1528709918,90321.0,0.8478,0.7491,89696.0,26000.0,107.921
190080,Colgate Rochester Crozer Divinity School,Rochester,NY,Mid East,City,Private nonprofit,1,0,4,4,,,,,,,,,,,,,,,,,5804.0,1.0,,29748.0,,,,,,,,,107.921
190099,Colgate University,Hamilton,NY,Mid East,Rural,Private nonprofit,1,0,3,4,2.0,0.1388,1508.0,705.0,720.0,33.0,3180.0,0.5679,0.6425,0.0431,0.0962,0.0531,70306.0,70306.0,87070.0,28786.0,13098.0,0.9312,9.0,29447.0,0.1252,0.1226,0.1807511737,76732.0,0.9343,0.9117,85139.0,15000.0,107.921
190114,Metropolitan College of New York,New York,NY,Mid East,City,Private nonprofit,1,0,3,4,2.0,0.9,,,,,402.0,0.6915,0.0945,0.5771,0.2711,0.005,20188.0,20188.0,34203.0,28882.0,7154.0,1.0,12.0,9596.0,0.6512,0.7093,0.4958158996,14836.5,0.2,0.4,46236.0,27688.0,107.921
190150,Columbia University in the City of New York,New York,NY,Mid East,City,Private nonprofit,1,0,3,4,2.0,0.0399,1553.0,745.0,775.0,35.0,8973.0,0.498,0.287,0.0751,0.1539,0.1871,71845.0,71845.0,89472.0,21590.0,21516.0,0.4268,6.0,110371.0,0.2271,0.1371,0.2504905167,31310.5,0.98,0.961,102491.0,21500.0,107.921
190372,The Cooper Union for the Advancement of Science and Art,New York,NY,Mid East,City,Private nonprofit,1,0,3,4,2.0,0.2071,1410.0,,,,842.0,0.5273,0.2732,0.0641,0.1271,0.3124,46820.0,46820.0,64190.0,13269.0,14408.0,0.2748,8.0,35566.0,0.2786,0.2098,0.186440678,38048.0,0.9194,0.8111,83847.0,15000.0,107.921
190415,Cornell University,Ithaca,NY,Mid East,City,Private nonprofit,1,0,3,4,2.0,0.0876,1535.0,730.0,775.0,34.0,15995.0,0.5456,0.3101,0.0684,0.1316,0.2676,69314.0,69314.0,88140.0,28690.0,17953.0,0.9285,9.0,33431.0,0.1841,0.1781,0.1541640178,75110.0,0.9838,0.9538,104043.0,14000.0,107.921
190424,Weill Medical College of Cornell University,New York,NY,Mid East,City,Private nonprofit,0,0,4,4,,,,,,,,,,,,,,,,,,0.9333,,255347.0,,,0.1541640178,75110.0,,,104043.0,14000.0,107.921
190503,Culinary Institute of America,Hyde Park,NY,Mid East,Suburb,Private nonprofit,1,0,2,4,2.0,0.9115,1060.0,,,,3011.0,0.5028,0.459,0.0824,0.2155,0.0591,39850.0,39850.0,58790.0,36113.0,10143.0,1.0,18.0,15686.0,0.2894,0.5323,0.2826541275,50484.0,0.6997,0.6292,47475.0,15750.0,107.921
190512,CUNY Bernard M Baruch College,New York,NY,Mid East,City,Public,1,0,3,4,2.0,0.4752,1280.0,,,,16154.0,0.4986,0.176,0.0902,0.2899,0.3534,7464.0,15414.0,14170.0,3033.0,12558.0,0.4064,19.0,12334.0,0.5688,0.1113,0.5107763615,20824.5,0.886,0.7212,75971.0,11512.0,107.921
190549,CUNY Brooklyn College,Brooklyn,NY,Mid East,City,Public,1,0,3,4,2.0,0.5836,1140.0,,,,10543.0,0.5442,0.2452,0.2041,0.2413,0.2413,7452.0,15402.0,14151.0,3103.0,12737.0,0.3163,13.0,14437.0,0.5702,0.0671,0.4761904762,19956.5,0.8012,0.5386,60752.0,11000.0,107.921
190558,College of Staten Island CUNY,Staten Island,NY,Mid East,City,Public,1,0,3,4,2.0,0.9234,1040.0,,,,9657.0,0.5134,0.401,0.1275,0.2787,0.1349,7490.0,15440.0,14795.0,5579.0,12665.0,0.3239,17.0,13329.0,0.4959,0.1044,0.46727139,23633.5,0.757,0.3393,53501.0,14350.0,107.921
190567,CUNY City College,New York,NY,Mid East,City,Public,1,0,3,4,2.0,0.6002,1260.0,,,,12505.0,0.5126,0.1183,0.1563,0.407,0.2405,7340.0,15290.0,14403.0,3776.0,13231.0,0.3363,15.0,20521.0,0.6054,0.1112,0.4596531792,20074.0,0.7926,0.5682,66039.0,11990.0,107.921
190576,CUNY Graduate School and University Center,New York,NY,Mid East,City,Public,1,0,3,4,2.0,0.6849,,,,,3254.0,0.7253,0.1829,0.2923,0.3356,0.1275,7235.0,15185.0,,,13869.0,0.3348,13.0,43575.0,0.3846,0.1424,0.4395604396,24811.0,,,65991.0,12584.0,107.921
190594,CUNY Hunter College,New York,NY,Mid East,City,Public,1,0,3,4,2.0,0.538,1280.0,,,,16289.0,0.659,0.1844,0.1114,0.3128,0.3103,7382.0,15332.0,13905.0,2984.0,12726.0,0.2919,14.0,11602.0,0.5589,0.0673,0.4694467382,22326.0,0.7765,0.5686,63163.0,11000.0,107.921
190600,CUNY John Jay College of Criminal Justice,New York,NY,Mid East,City,Public,1,0,3,4,2.0,0.5711,1080.0,,,,11590.0,0.636,0.1305,0.168,0.5153,0.1195,7470.0,15420.0,14212.0,3203.0,12169.0,0.3563,16.0,14012.0,0.5979,0.0813,0.4849257885,19475.0,0.816,0.5583,56195.0,11000.0,107.921
190637,CUNY Lehman College,Bronx,NY,Mid East,City,Public,1,0,3,4,2.0,0.5658,970.0,,,,10696.0,0.65,0.0398,0.2633,0.5781,0.0663,7410.0,15360.0,14121.0,3148.0,11996.0,0.3804,15.0,15649.0,0.5994,0.1165,0.5193195626,17797.0,0.7307,0.5128,58013.0,10950.0,107.921
190646,CUNY Medgar Evers College,Brooklyn,NY,Mid East,City,Public,1,0,3,3,2.0,0.8605,920.0,,,,3233.0,0.7312,0.0173,0.7074,0.185,0.0294,7352.0,15302.0,14771.0,5718.0,11999.0,0.3646,13.0,24544.0,0.5632,0.1045,0.5033222591,18815.0,0.4974,0.1977,46498.0,10988.0,107.921
190655,CUNY New York City College of Technology,Brooklyn,NY,Mid East,City,Public,1,0,3,3,2.0,0.8029,1010.0,,,,13580.0,0.4694,0.0901,0.2627,0.3775,0.1956,7332.0,15282.0,14110.0,5127.0,12016.0,0.2657,16.0,17652.0,0.5507,0.0522,0.5123966942,20012.5,0.6487,0.2147,49365.0,10533.0,107.921
190664,CUNY Queens College,Queens,NY,Mid East,City,Public,1,0,3,4,2.0,0.6435,1120.0,,,,12550.0,0.5094,0.173,0.1001,0.3111,0.3149,7538.0,15488.0,14367.0,4195.0,12204.0,0.4237,13.0,13103.0,0.4717,0.0835,0.4690335306,20800.0,0.7868,0.5325,62763.0,10298.0,107.921
190682,CUNY School of Law,Long Island City,NY,Mid East,City,Public,1,0,4,4,,,,,,,,,,,,,,,,,16717.0,0.6264,,30471.0,,,,,,,,,107.921
190691,CUNY York College,Jamaica,NY,Mid East,City,Public,1,0,3,4,2.0,0.641,880.0,,,,4345.0,0.647,0.0387,0.3954,0.2562,0.2081,7358.0,15308.0,14330.0,4456.0,11822.0,0.3561,13.0,16732.0,0.4008,0.0623,0.4959183673,19735.0,0.5744,0.3225,56945.0,11000.0,107.921
190716,D'Youville  University,Buffalo,NY,Mid East,City,Private nonprofit,1,0,3,4,2.0,0.8137,1130.0,553.0,575.0,24.0,1258.0,0.7289,0.5,0.1741,0.0811,0.0707,34940.0,34940.0,48539.0,20433.0,9306.0,0.651,14.0,13159.0,0.3918,0.652,0.2708860759,47229.0,0.7344,0.6749,66942.0,25000.0,107.921
190725,Daemen University,Amherst,NY,Mid East,Suburb,Private nonprofit,1,0,3,4,2.0,0.6826,,,,,1643.0,0.7365,0.7377,0.0846,0.0657,0.0402,35218.0,35218.0,45192.0,18693.0,7103.0,0.4894,12.0,9384.0,0.4618,0.6323,0.2884097035,51683.5,0.7567,0.5888,61808.0,22091.0,107.921
190752,Yeshiva of Far Rockaway Derech Ayson Rabbinical Seminary,Far Rockaway,NY,Mid East,City,Private nonprofit,1,0,3,3,2.0,0.92,,,,,60.0,0.0,1.0,0.0,0.0,0.0,10800.0,10800.0,21150.0,7269.0,5202.0,,14.0,43434.0,0.193,0.0,,,1.0,0.2,,,107.921
190761,Dominican University New York,Orangeburg,NY,Mid East,Suburb,Private nonprofit,1,0,3,4,2.0,0.633,,532.0,527.0,,1105.0,0.629,0.2434,0.162,0.4371,0.0543,34220.0,34220.0,47802.0,41832.0,8662.0,0.3495,13.0,9491.0,0.4839,0.7658,0.3212951432,43171.0,0.6644,0.5251,61171.0,25000.0,107.921
190983,Elmira College,Elmira,NY,Mid East,City,Private nonprofit,1,0,3,4,2.0,0.7696,1314.0,,,,708.0,0.6638,0.6822,0.0523,0.0876,0.0325,38976.0,38976.0,52449.0,22386.0,5191.0,0.4579,11.0,12186.0,0.3791,0.7173,0.2683982684,65605.0,0.6975,0.6471,57550.0,27000.0,107.921
191126,Fashion Institute of Technology,New York,NY,Mid East,City,Public,1,0,2,4,2.0,0.6024,,,,,7637.0,0.8183,0.3694,0.0839,0.2365,0.1288,6294.0,16874.0,26838.0,19095.0,10261.0,1.0,16.0,15428.0,0.3202,0.2977,0.2760084926,46417.0,0.907,0.8068,62696.0,12000.0,107.921
191205,Five Towns College,Dix Hills,NY,Mid East,Suburb,Private for-profit,1,0,3,4,2.0,0.5382,,,,,547.0,0.3291,0.426,0.181,0.2907,0.0037,30250.0,30250.0,42458.0,22992.0,5870.0,0.1439,11.0,6645.0,0.3444,0.4215,0.3170731707,41769.5,0.6966,0.5532,35887.0,21500.0,107.921
191241,Fordham University,Bronx,NY,Mid East,City,Private nonprofit,1,0,3,4,2.0,0.5931,1418.0,690.0,700.0,32.0,10512.0,0.61,0.4393,0.0671,0.2123,0.1346,64915.0,64915.0,82762.0,44338.0,16236.0,1.0,14.0,19044.0,0.2142,0.4741,0.1764084507,97877.0,0.8852,0.8191,85569.0,24300.0,107.921
191515,Hamilton College,Clinton,NY,Mid East,Suburb,Private nonprofit,1,0,3,3,2.0,0.1362,1506.0,730.0,745.0,34.0,2030.0,0.5557,0.6222,0.0315,0.097,0.0901,68960.0,68960.0,84230.0,28985.0,12404.0,0.7645,9.0,31938.0,0.1772,0.2925,0.1328502415,83853.0,0.9481,0.9063,78411.0,17000.0,107.921
191533,Hartwick College,Oneonta,NY,Mid East,Town,Private nonprofit,1,0,3,3,2.0,0.696,1200.0,565.0,545.0,25.0,1087.0,0.6164,0.6044,0.1104,0.1003,0.023,54962.0,54962.0,68614.0,31320.0,7918.0,1.0,10.0,14712.0,0.3561,0.8076,0.2708688245,64836.0,0.7444,0.5332,61107.0,27000.0,107.921
191597,Helene Fuld College of Nursing,New York,NY,Mid East,City,Private nonprofit,1,0,2,3,2.0,0.1695,,,,,914.0,0.8665,0.0481,0.6422,0.186,0.0547,25852.0,25852.0,51340.0,47181.0,12455.0,0.2353,11.0,16235.0,0.4363,0.8213,0.462633452,43203.5,0.6667,,111027.0,15250.0,107.921
191621,Hilbert College,Hamburg,NY,Mid East,Suburb,Private nonprofit,1,0,3,4,2.0,0.972,,515.0,491.0,,921.0,0.5831,0.5635,0.1216,0.0901,0.013,33740.0,33740.0,42114.0,22723.0,6332.0,0.3186,15.0,6509.0,0.4824,0.7316,0.3813953488,41765.0,0.638,0.5631,48309.0,24750.0,107.921
191630,Hobart William Smith Colleges,Geneva,NY,Mid East,Town,Private nonprofit,1,0,3,4,2.0,0.6399,1319.0,635.0,635.0,29.0,1786.0,0.5353,0.6596,0.0739,0.1097,0.0252,65117.0,65117.0,82602.0,31563.0,9559.0,1.0,11.0,18893.0,0.2509,0.7367,0.125,111824.0,0.8636,0.7725,68831.0,27000.0,107.921
191649,Hofstra University,Hempstead,NY,Mid East,Suburb,Private nonprofit,1,0,3,4,2.0,0.6808,1319.0,635.0,640.0,29.0,6488.0,0.5746,0.4387,0.0966,0.1879,0.1571,57660.0,57660.0,70624.0,34176.0,14951.0,0.4039,13.0,19163.0,0.2527,0.4434,0.2353177796,72953.0,0.8362,0.6854,69039.0,23621.0,107.921
191676,Houghton University,Houghton,NY,Mid East,Rural,Private nonprofit,1,0,3,4,2.0,0.8866,1284.0,600.0,585.0,26.0,753.0,0.5976,0.7556,0.0531,0.0173,0.0093,18430.0,18430.0,31143.0,20519.0,6614.0,0.6068,12.0,11627.0,0.285,0.4777,0.1700819672,60483.0,0.8398,0.6522,46721.0,25250.0,107.921
191931,Iona University,New Rochelle,NY,Mid East,Suburb,Private nonprofit,1,0,3,4,2.0,0.8694,1217.0,580.0,580.0,26.0,2951.0,0.5456,0.4775,0.0908,0.3229,0.0224,47260.0,47260.0,60247.0,29188.0,9406.0,0.5378,16.0,11774.0,0.2827,0.4375,0.3134772897,61619.0,0.7693,0.56,73595.0,25999.0,107.921
191968,Ithaca College,Ithaca,NY,Mid East,Suburb,Private nonprofit,1,0,3,4,2.0,0.6901,1312.0,,,,4242.0,0.5427,0.7129,0.0448,0.1143,0.0288,53540.0,53540.0,68699.0,33926.0,9844.0,0.7776,10.0,14787.0,0.1905,0.6451,0.1375752365,92521.0,0.8467,0.7623,63548.0,24000.0,107.921
192040,Jewish Theological Seminary of America,New York,NY,Mid East,City,Private nonprofit,1,0,3,4,2.0,0.4861,1500.0,707.0,711.0,33.0,172.0,0.5581,0.7907,0.0,0.1047,0.0058,67357.0,67357.0,85945.0,43195.0,12696.0,0.4444,7.0,16476.0,0.0407,0.1163,,179864.0,0.9574,0.9032,92751.0,,107.921
192110,The Juilliard School,New York,NY,Mid East,City,Private nonprofit,1,0,3,4,2.0,0.0915,,,,,468.0,0.4551,0.2906,0.0919,0.1004,0.1389,57950.0,57950.0,83892.0,43571.0,15261.0,0.289,4.0,40451.0,0.1389,0.2116,,62436.0,0.9789,0.9256,37827.0,25500.0,107.921
192165,Kehilath Yakov Rabbinical Seminary,Ossining,NY,Mid East,Rural,Private nonprofit,1,0,3,3,1.0,,,,,,205.0,0.0,1.0,0.0,0.0,0.0,13200.0,13200.0,17850.0,3822.0,2340.0,,15.0,2807.0,0.8204,0.0,,17030.0,1.0,0.6341,36442.0,,107.921
192192,Keuka College,Keuka Park,NY,Mid East,Town,Private nonprofit,1,0,3,4,2.0,0.6808,,563.0,567.0,26.0,966.0,0.7557,0.7805,0.0735,0.0766,0.0083,39332.0,39332.0,54760.0,24338.0,7000.0,1.0,10.0,7443.0,0.4989,0.7516,0.3820840951,41789.0,0.7336,0.5836,58289.0,27000.0,107.921
192271,LIM College,New York,NY,Mid East,City,Private for-profit,1,0,3,4,2.0,0.959,1035.0,,,,1187.0,0.8863,0.3682,0.2426,0.2047,0.0859,33504.0,33504.0,53064.0,38667.0,6448.0,0.0952,20.0,7036.0,0.3771,0.6194,0.3252818035,56359.0,0.7333,0.5087,58956.0,24000.0,107.921
192323,Le Moyne College,Syracuse,NY,Mid East,Suburb,Private nonprofit,1,0,3,4,2.0,0.8298,1255.0,605.0,610.0,27.0,2439.0,0.5937,0.7196,0.0783,0.0849,0.0431,40330.0,40330.0,53183.0,22277.0,9082.0,0.4793,12.0,13943.0,0.3098,0.6372,0.2229007634,74353.0,0.8355,0.7313,62731.0,23000.0,107.921
192448,Long Island University,Brookville,NY,Mid East,Suburb,Private nonprofit,1,0,3,4,2.0,0.8616,1224.0,605.0,605.0,28.0,5520.0,0.6569,0.3739,0.1473,0.1848,0.1159,42432.0,42432.0,55424.0,33062.0,13296.0,0.3962,15.0,12497.0,0.1714,0.2889,0.3563569682,27459.0,0.7719,0.5707,59950.0,23577.0,107.921
192624,Machzikei Hadath Rabbinical College,Brooklyn,NY,Mid East,City,Private nonprofit,1,0,3,3,2.0,1.0,,,,,131.0,0.0,0.9924,0.0,0.0,0.0,13500.0,13500.0,30053.0,16515.0,6119.0,,13.0,4507.0,0.9134,0.0,,19505.0,0.76,0.3333,41527.0,,107.921
192703,Manhattan University,Riverdale,NY,Mid East,City,Private nonprofit,1,0,3,4,2.0,0.7894,1270.0,,,,2744.0,0.402,0.4107,0.0736,0.3349,0.0612,53400.0,53400.0,64348.0,27256.0,12755.0,0.4811,15.0,16204.0,0.36,0.1551,0.2541636495,76817.0,0.7598,0.6371,86316.0,26000.0,107.921
192712,Manhattan School of Music,New York,NY,Mid East,City,Private nonprofit,1,0,3,4,2.0,0.4078,,,,,539.0,0.5028,0.3692,0.0353,0.1113,0.0798,57050.0,57050.0,77703.0,51754.0,7792.0,0.2051,6.0,15393.0,0.1197,0.3315,,87262.5,0.9296,0.7832,26878.0,26994.0,107.921
192749,Manhattanville University,Purchase,NY,Mid East,Suburb,Private nonprofit,1,0,3,4,2.0,0.8734,,575.0,550.0,27.0,1362.0,0.6043,0.5198,0.1211,0.2717,0.0294,44604.0,44604.0,53499.0,20991.0,8614.0,0.1864,12.0,10221.0,0.3514,0.7856,0.3010130246,53935.0,0.7387,0.5842,58832.0,25000.0,107.921
192785,Maria College of Albany,Albany,NY,Mid East,City,Private nonprofit,1,0,2,4,2.0,0.4448,,,,,656.0,0.907,0.5091,0.2104,0.1174,0.0549,18740.0,18740.0,21798.0,13082.0,7782.0,0.9677,6.0,12077.0,0.5576,0.845,0.4099009901,31074.0,0.3333,0.3,55458.0,20528.0,107.921
192819,Marist University,Poughkeepsie,NY,Mid East,Suburb,Private nonprofit,1,0,3,4,2.0,0.5651,1295.0,647.0,632.0,28.0,5182.0,0.5805,0.7163,0.0342,0.1428,0.0394,47750.0,47750.0,67574.0,41544.0,11066.0,0.4499,15.0,14663.0,0.1445,0.4624,0.1883905013,107457.0,0.8609,0.796,77819.0,25000.0,107.921
192864,Marymount Manhattan College,New York,NY,Mid East,City,Private nonprofit,1,0,3,3,2.0,0.8261,1214.0,590.0,562.0,25.0,1577.0,0.8263,0.4242,0.0919,0.1788,0.0228,41870.0,41870.0,65767.0,36861.0,8703.0,0.1723,7.0,13777.0,0.284,0.7112,0.2263710618,58699.0,0.7018,0.4904,49131.0,25750.0,107.921
193016,Mercy University,Dobbs Ferry,NY,Mid East,Suburb,Private nonprofit,1,0,3,4,2.0,0.8584,,520.0,530.0,25.0,5735.0,0.682,0.1466,0.2581,0.4886,0.0436,22880.0,22880.0,32596.0,14072.0,9574.0,0.2528,16.0,7862.0,0.5005,0.4554,0.4186952288,27173.5,0.7572,0.4571,52055.0,19637.0,107.921
193052,Mesivta Torah Vodaath Rabbinical Seminary,Brooklyn,NY,Mid East,City,Private nonprofit,1,0,3,4,2.0,0.8,,,,,399.0,0.0,1.0,0.0,0.0,0.0,15200.0,15200.0,21810.0,4876.0,2439.0,0.6522,33.0,5900.0,0.5875,0.0,0.4074074074,13085.0,0.7667,0.5,,,107.921
193061,Mesivta of Eastern Parkway-Yeshiva Zichron Meilech,Brooklyn,NY,Mid East,City,Private nonprofit,1,0,2,3,2.0,0.5556,,,,,39.0,0.0,0.8974,0.0,0.0,0.0,10100.0,10100.0,21300.0,9927.0,3123.0,,13.0,15229.0,0.5854,0.0,,30513.5,1.0,0.6667,,,107.921
193070,Mesivtha Tifereth Jerusalem of America,New York,NY,Mid East,City,Private nonprofit,1,0,3,4,2.0,0.6,,,,,51.0,0.0,1.0,0.0,0.0,0.0,13250.0,13250.0,18560.0,8290.0,4847.0,,5.0,39905.0,0.4,0.0,,42358.0,0.8571,0.0667,,,107.921
193247,Mirrer Yeshiva Cent Institute,Brooklyn,NY,Mid East,City,Private nonprofit,1,0,2,4,2.0,0.8929,,,,,120.0,0.0,0.9583,0.0,0.0,0.0,13600.0,13600.0,20614.0,10728.0,3858.0,1.0,9.0,9980.0,0.3585,0.0,,26399.0,0.963,0.7273,41192.0,,107.921
193292,Molloy University,Rockville Centre,NY,Mid East,Suburb,Private nonprofit,1,0,3,4,2.0,0.8174,1187.0,585.0,630.0,29.0,3162.0,0.7318,0.4013,0.118,0.2767,0.0889,39790.0,39790.0,50720.0,24347.0,11277.0,0.3524,12.0,13180.0,0.3366,0.6465,0.3529824561,60092.0,0.8517,0.6993,77789.0,27000.0,107.921
193308,Monroe University,Bronx,NY,Mid East,City,Private for-profit,1,0,2,4,2.0,0.6751,,,,,5701.0,0.6771,0.0279,0.4299,0.3959,0.016,18464.0,18464.0,28285.0,14522.0,6359.0,0.6183,17.0,4404.0,0.5508,0.4431,0.4906852961,19090.0,0.6651,0.5655,41236.0,18818.0,107.921
193353,Mount Saint Mary College,Newburgh,NY,Mid East,City,Private nonprofit,1,0,3,4,2.0,0.8888,1150.0,540.0,545.0,22.0,1148.0,0.6821,0.5017,0.088,0.2822,0.0174,43450.0,43450.0,55014.0,25522.0,9710.0,0.3842,12.0,10143.0,0.2225,0.447,0.3715139442,63908.5,0.7363,0.6546,67705.0,26007.0,107.921
193399,University of Mount Saint Vincent,Bronx,NY,Mid East,City,Private nonprofit,1,0,3,4,2.0,0.8511,1090.0,560.0,555.0,20.0,2692.0,0.7708,0.429,0.1412,0.2946,0.0535,44540.0,44540.0,54170.0,21696.0,10648.0,0.1884,12.0,8447.0,0.4621,0.5329,0.4101838755,34712.0,0.7305,0.5683,65756.0,25000.0,107.921
193405,Icahn School of Medicine at Mount Sinai,New York,NY,Mid East,City,Private nonprofit,1,0,4,4,,,,,,,,,,,,,,,,,,,,25064.0,,,,,,,,,107.921
193584,Nazareth University,Rochester,NY,Mid East,Suburb,Private nonprofit,1,0,3,4,2.0,0.7472,1216.0,,,,1873.0,0.7144,0.7806,0.0561,0.0806,0.024,42450.0,42450.0,58254.0,29357.0,8439.0,0.4105,8.0,14798.0,0.2626,0.6979,0.1820603908,78894.5,0.8482,0.7279,56458.0,26038.0,107.921
193654,The New School,New York,NY,Mid East,City,Private nonprofit,1,0,3,4,2.0,0.6347,,,,,6563.0,0.7678,0.3002,0.046,0.1128,0.1284,58694.0,58694.0,88284.0,58741.0,13417.0,0.2064,9.0,19368.0,0.1501,0.2501,0.1944012442,42578.5,0.8476,0.6937,52901.0,22266.0,107.921
193751,Northeast College of Health Sciences,Seneca Falls,NY,Mid East,Rural,Private nonprofit,1,0,4,4,2.0,,,,,,71.0,0.9155,0.7887,0.0704,0.0563,0.0141,17250.0,17250.0,,,7034.0,0.5,35.0,16064.0,,,,,,,,,107.921
193821,New York Law School,New York,NY,Mid East,City,Private nonprofit,1,0,4,4,,,,,,,,,,,,,,,,,13948.0,0.3313,,29406.0,,,,1207.0,,,,,107.921
193830,New York Medical College,Valhalla,NY,Mid East,Suburb,Private nonprofit,1,0,4,4,,,,,,,,,,,,,,,,,8849.0,0.2074,,22658.0,,,,,,,,,107.921
193900,New York University,New York,NY,Mid East,City,Private nonprofit,1,0,3,4,2.0,0.0923,1520.0,735.0,775.0,34.0,28663.0,0.5926,0.2196,0.0685,0.1437,0.2224,62796.0,62796.0,84374.0,37050.0,18026.0,1.0,8.0,37294.0,0.1788,0.1908,0.2148843446,51965.5,0.9577,0.8757,82509.0,20500.0,107.921
193973,Niagara University,Niagara University,NY,Mid East,Suburb,Private nonprofit,1,0,3,4,2.0,0.8737,1168.0,570.0,577.0,25.0,2653.0,0.6649,0.5545,0.069,0.0611,0.0188,39345.0,39345.0,51632.0,17248.0,9724.0,1.0,10.0,8434.0,0.2719,0.545,0.2415153907,65545.0,0.8038,0.7451,56196.0,25475.0,107.921
194073,New York College of Podiatric Medicine,New York,NY,Mid East,City,Private nonprofit,1,0,4,4,,,,,,,,,,,,,,,,,11867.0,0.7222,,18811.0,,,,,,,,,107.921
194091,New York Institute of Technology,Old Westbury,NY,Mid East,Rural,Private nonprofit,1,0,3,4,2.0,0.8102,1311.0,590.0,620.0,28.0,3440.0,0.386,0.1962,0.1169,0.2424,0.2913,46560.0,46560.0,56976.0,22443.0,13524.0,0.3256,12.0,19326.0,0.451,0.4462,0.3296541575,39414.0,0.7799,0.5877,70080.0,23334.0,107.921
194116,New York School of Interior Design,New York,NY,Mid East,City,Private nonprofit,1,0,1,4,2.0,0.6289,,,,,427.0,0.9415,0.5527,0.082,0.1358,0.0492,32330.0,32330.0,48730.0,45271.0,,0.0431,11.0,23989.0,0.1523,0.2432,0.3636363636,31419.0,1.0,0.6923,48041.0,,107.921
194189,Ohr Hameir Theological Seminary,Peekskill,NY,Mid East,Suburb,Private nonprofit,1,0,2,3,2.0,1.0,,,,,100.0,0.0,0.97,0.0,0.0,0.0,10150.0,10150.0,,,4990.0,,17.0,12347.0,0.5745,0.0,,29724.0,,,,,107.921
194310,Pace University,New York,NY,Mid East,City,Private nonprofit,1,0,3,4,2.0,0.7592,1266.0,615.0,600.0,26.0,7665.0,0.6541,0.4444,0.1194,0.2449,0.075,53290.0,53290.0,69550.0,30892.0,12908.0,1.0,14.0,11687.0,0.2725,0.4492,0.2941176471,55332.0,0.7549,0.6003,70378.0,23250.0,107.921
194392,Paul Smiths College of Arts and Science,Paul Smiths,NY,Mid East,Rural,Private nonprofit,1,0,3,4,2.0,0.7653,,,,,579.0,0.3661,0.8377,0.0363,0.0035,0.0086,33009.0,33009.0,51506.0,26683.0,6551.0,0.8491,12.0,10287.0,0.3625,0.7234,0.2969348659,61335.0,0.7519,0.5055,46145.0,22750.0,107.921
194499,Plaza College,Forest Hills,NY,Mid East,City,Private for-profit,1,0,2,3,2.0,0.3,,,,,984.0,0.7998,0.1301,0.3201,0.3303,0.1199,15450.0,15450.0,26525.0,19860.0,6850.0,0.3659,28.0,6239.0,0.8499,0.8002,0.4835164835,14305.0,,0.6762,31519.0,20751.0,107.921
194569,Davis College,Pottersville,NY,Mid East,Rural,Private nonprofit,1,0,3,3,2.0,0.5625,,,,,106.0,0.4528,0.7453,0.0755,0.0755,0.0283,18000.0,18000.0,24830.0,12875.0,4500.0,,9.0,1621.0,0.4015,0.2263,0.2718446602,30075.5,1.0,0.2667,38450.0,,107.921
194578,Pratt Institute-Main,Brooklyn,NY,Mid East,City,Private nonprofit,1,0,3,4,2.0,0.7325,1290.0,655.0,645.0,30.0,3910.0,0.7207,0.3235,0.0519,0.1289,0.1726,61845.0,61845.0,80049.0,52659.0,12587.0,0.1483,9.0,19936.0,0.1886,0.3456,0.1925777332,67963.5,0.8826,0.7354,54295.0,26000.0,107.921
194657,Rabbinical Academy Mesivta Rabbi Chaim Berlin,Brooklyn,NY,Mid East,City,Private nonprofit,1,0,3,4,2.0,0.9362,,,,,141.0,0.0,1.0,0.0,0.0,0.0,10800.0,10800.0,20400.0,6415.0,8695.0,,19.0,6417.0,0.1813,0.0,,28140.0,0.925,0.4615,,,107.921
194666,Rabbinical College Bobover Yeshiva Bnei Zion,Brooklyn,NY,Mid East,City,Private nonprofit,1,0,3,4,1.0,,,,,,473.0,0.0,1.0,0.0,0.0,0.0,10000.0,10000.0,20075.0,9136.0,3577.0,,23.0,1439.0,0.8952,0.0,,24150.0,0.9878,0.8286,20707.0,,107.921
194693,Rabbinical College Beth Shraga,Monsey,NY,Mid East,Suburb,Private nonprofit,1,0,2,3,2.0,0.9167,,,,,52.0,0.0,0.9423,0.0,0.0,0.0,16850.0,16850.0,,,6675.0,,13.0,21636.0,0.0625,0.0,,42223.0,0.64,0.5,,,107.921
194718,Rabbinical Seminary Mkor Chaim,Lakewood,NJ,Mid East,Suburb,Private nonprofit,1,0,3,3,2.0,0.9063,,,,,96.0,0.0,1.0,0.0,0.0,0.0,8450.0,8450.0,17750.0,9494.0,1883.0,,19.0,10280.0,0.7531,0.0,,,0.871,0.0,,,108.805
194736,Rabbinical College of Long Island,Long Beach,NY,Mid East,Suburb,Private nonprofit,1,0,2,3,2.0,1.0,,,,,159.0,0.0,0.9937,0.0,0.0,0.0,10290.0,10290.0,21600.0,12117.0,5713.0,1.0,18.0,18819.0,0.3292,0.0,,44537.5,0.9111,0.2273,,,107.921
194763,Rabbinical Seminary of America,Flushing,NY,Mid East,City,Private nonprofit,1,0,3,4,2.0,0.9845,,,,,397.0,0.0,1.0,0.0,0.0,0.0,10000.0,10000.0,19700.0,4844.0,2829.0,0.9444,36.0,5977.0,0.1636,0.0,,38643.0,0.802,0.3026,,,107.921
194824,Rensselaer Polytechnic Institute,Troy,NY,Mid East,City,Private nonprofit,1,0,3,4,2.0,0.6347,1456.0,700.0,740.0,33.0,5714.0,0.3113,0.4482,0.0495,0.1094,0.2161,64081.0,64081.0,82404.0,36228.0,13820.0,0.8925,14.0,20696.0,0.1992,0.5099,0.1374501992,96975.5,0.9072,0.8362,102051.0,23750.0,107.921
194958,Roberts Wesleyan University,Rochester,NY,Mid East,Suburb,Private nonprofit,1,0,3,4,2.0,0.7063,1170.0,560.0,575.0,26.0,1149.0,0.6606,0.6493,0.154,0.0931,0.0174,38826.0,38826.0,52919.0,23130.0,7175.0,0.9175,7.0,9214.0,0.3542,0.6051,0.2720306513,53344.5,0.836,0.6667,55031.0,23750.0,107.921
195003,Rochester Institute of Technology,Rochester,NY,Mid East,Suburb,Private nonprofit,1,0,3,4,2.0,0.6693,1383.0,670.0,690.0,31.0,13215.0,0.3511,0.6021,0.0586,0.1044,0.1213,59274.0,59274.0,74626.0,34906.0,11525.0,0.7033,13.0,21369.0,0.2724,0.5291,0.194684529,69191.0,0.8879,0.6989,76571.0,26778.0,107.921
195030,University of Rochester,Rochester,NY,Mid East,City,Private nonprofit,1,0,3,4,2.0,0.4008,1488.0,700.0,745.0,33.0,6331.0,0.5272,0.3857,0.0521,0.0829,0.1807,67080.0,67080.0,85962.0,29278.0,14585.0,0.9488,9.0,40019.0,0.1725,0.3974,0.1867656153,62874.0,0.9069,0.8543,79042.0,21000.0,107.921
195049,The Rockefeller University,New York,NY,Mid East,City,Private nonprofit,1,0,4,4,,,,,,,,,,,,,,,,,22875.0,0.9259,,0.0,,,,,,,,,107.921
195128,Russell Sage College,Troy,NY,Mid East,City,Private nonprofit,1,0,3,4,2.0,0.5326,,,,,1244.0,0.672,0.5723,0.1166,0.1302,0.0498,38164.0,38164.0,50607.0,22917.0,6600.0,0.8357,10.0,9669.0,0.4204,0.7815,0.375,43377.0,0.7789,0.561,58316.0,22000.0,107.921
195155,St Bernard's School of Theology and Ministry,Rochester,NY,Mid East,Suburb,Private nonprofit,1,0,4,4,,,,,,,,,,,,,,,,,7755.0,,,10488.0,,,,,,,,,107.921
195164,St Bonaventure University,Saint Bonaventure,NY,Mid East,Town,Private nonprofit,1,0,3,4,2.0,0.8165,1197.0,580.0,590.0,24.0,2012.0,0.4791,0.7714,0.0383,0.0616,0.0214,41735.0,41735.0,57271.0,27074.0,7778.0,0.6579,13.0,8900.0,0.2675,0.9326,0.186440678,79145.5,0.8589,0.6673,57214.0,26000.0,107.921
195173,St. Francis College,Brooklyn,NY,Mid East,City,Private nonprofit,1,0,3,4,1.0,,,560.0,555.0,24.0,1684.0,0.6781,0.1663,0.2833,0.3124,0.0232,28775.0,28775.0,38098.0,18129.0,8548.0,0.2853,15.0,7091.0,0.5569,0.2901,0.4114285714,34236.0,0.6475,0.5464,58099.0,23250.0,107.921
195216,St Lawrence University,Canton,NY,Mid East,Town,Private nonprofit,1,0,3,4,2.0,0.5434,1371.0,665.0,645.0,31.0,1918.0,0.525,0.7576,0.0219,0.0553,0.0172,65900.0,65900.0,82000.0,28651.0,10401.0,0.7913,11.0,19642.0,0.2136,0.5398,0.131897712,84830.5,0.9083,0.7906,67258.0,27000.0,107.921
195243,St. Thomas Aquinas College,Sparkill,NY,Mid East,Suburb,Private nonprofit,1,0,3,4,2.0,0.9305,1000.0,568.0,568.0,29.0,972.0,0.4547,0.4198,0.1708,0.215,0.0216,39450.0,39450.0,53370.0,19994.0,9579.0,0.4016,16.0,10224.0,0.2162,0.2836,0.3166666667,61972.0,0.7336,0.5404,62909.0,23198.0,107.921
195304,Sarah Lawrence College,Bronxville,NY,Mid East,Suburb,Private nonprofit,1,0,3,4,2.0,0.6173,1366.0,710.0,655.0,31.0,1530.0,0.7993,0.6137,0.0523,0.1222,0.051,66862.0,66862.0,82467.0,41437.0,11235.0,0.3345,10.0,21462.0,0.1183,0.4043,0.1078431373,87665.0,0.8735,0.7133,53603.0,27000.0,107.921
195438,Sh'or Yoshuv Rabbinical College,Lawrence,NY,Mid East,Suburb,Private nonprofit,1,0,3,3,2.0,,,,,,156.0,0.0,0.9679,0.0,0.0,0.0,11700.0,11700.0,,,5042.0,0.9189,4.0,23095.0,0.0411,0.0,,21919.0,,0.0,,,107.921
195474,Siena University,Loudonville,NY,Mid East,Suburb,Private nonprofit,1,0,3,4,2.0,0.6902,1254.0,,,,3409.0,0.5412,0.7231,0.0425,0.0997,0.0499,46580.0,46580.0,64870.0,33733.0,9661.0,0.6404,12.0,10282.0,0.2449,0.6601,0.2053896577,84065.0,0.8269,0.7473,76079.0,26561.0,107.921
195526,Skidmore College,Saratoga Springs,NY,Mid East,Suburb,Private nonprofit,1,0,3,3,2.0,0.2105,1405.0,675.0,680.0,31.0,2694.0,0.5987,0.6429,0.0434,0.1047,0.0586,67290.0,67290.0,85270.0,32297.0,11403.0,0.7717,8.0,25466.0,0.1275,0.3303,0.1483146067,78843.5,0.8965,0.8257,69363.0,19500.0,107.921
195544,St. Joseph's University-New York,Brooklyn,NY,Mid East,City,Private nonprofit,1,0,3,4,2.0,0.7205,1190.0,573.0,583.0,26.0,3144.0,0.6641,0.5229,0.0811,0.2389,0.0417,36550.0,36550.0,41897.0,19035.0,9258.0,1.0,12.0,10842.0,0.3399,0.5206,0.3757412399,48213.5,0.807,0.6878,63905.0,22000.0,107.921
195580,Saint Vladimirs Orthodox Theological Seminary,Yonkers,NY,Mid East,Suburb,Private nonprofit,1,0,4,4,,,,,,,,,,,,,,,,,7642.0,0.3478,,19462.0,,,,,,,,,107.921
195720,St. John Fisher University,Rochester,NY,Mid East,Suburb,Private nonprofit,1,0,3,4,2.0,0.664,1214.0,590.0,600.0,26.0,2565.0,0.5774,0.7871,0.0538,0.0799,0.0343,41190.0,41190.0,55201.0,28945.0,9676.0,1.0,11.0,12170.0,0.2869,0.678,0.2521994135,73191.5,0.8642,0.7417,66944.0,23250.0,107.921
195809,St. John's University-New York,Queens,NY,Mid East,City,Private nonprofit,1,0,3,4,2.0,0.8343,1244.0,600.0,605.0,26.0,9477.0,0.5523,0.3377,0.158,0.249,0.162,53020.0,53020.0,65527.0,29999.0,13500.0,0.4585,16.0,13576.0,0.2419,0.2752,0.3164556962,50604.5,0.787,0.6609,69571.0,25000.0,107.921
196006,SUNY College of Technology at Alfred,Alfred,NY,Mid East,Rural,Public,1,0,2,3,2.0,0.7568,1094.0,,,,3563.0,0.3752,0.6767,0.119,0.1336,0.0039,8892.0,16837.0,25385.0,15016.0,6459.0,0.74,16.0,12894.0,0.4497,0.5703,0.3327526132,42370.0,0.6546,0.5506,50445.0,13750.0,107.921
196015,SUNY College of Technology at Canton,Canton,NY,Mid East,Town,Public,1,0,3,3,2.0,0.9215,,540.0,540.0,20.0,2741.0,0.5659,0.6516,0.1025,0.1186,0.0255,8742.0,13572.0,24906.0,15268.0,7884.0,0.5781,18.0,11535.0,0.5042,0.5857,0.3698092031,35630.0,0.6949,0.3845,47860.0,20000.0,107.921
196024,SUNY College of Technology at Delhi,Delhi,NY,Mid East,Rural,Public,1,0,2,4,2.0,0.8901,1004.0,,,,2843.0,0.5139,0.5463,0.1734,0.1903,0.0113,8772.0,12762.0,26944.0,17225.0,6928.0,0.6284,13.0,13774.0,0.4901,0.554,0.3786565547,35710.0,0.5694,0.4543,51629.0,15180.0,107.921
196033,SUNY College of Agriculture and Technology at Cobleskill,Cobleskill,NY,Mid East,Town,Public,1,0,3,3,2.0,0.8402,,540.0,530.0,19.0,1904.0,0.5714,0.7033,0.0851,0.1381,0.0173,8768.0,18678.0,27786.0,18701.0,7556.0,0.6424,15.0,13476.0,0.4329,0.5558,0.3289760349,42165.0,0.6871,0.4234,45030.0,16023.0,107.921
196042,Farmingdale State College,Farmingdale,NY,Mid East,Suburb,Public,1,0,3,4,2.0,0.6329,1147.0,545.0,555.0,24.0,9552.0,0.4089,0.3767,0.1128,0.3011,0.1325,8626.0,18536.0,18966.0,10867.0,9379.0,0.3574,18.0,11226.0,0.3625,0.2291,0.397044004,40461.5,0.8157,0.5278,69781.0,14718.0,107.921
196051,SUNY Morrisville,Morrisville,NY,Mid East,Rural,Public,1,0,2,3,2.0,0.9154,1130.0,,,,1923.0,0.4498,0.5268,0.2689,0.131,0.0104,8825.0,19245.0,26833.0,15939.0,7440.0,0.5415,14.0,19168.0,0.5959,0.7095,0.3506146446,37974.0,0.5749,0.2808,43295.0,18742.0,107.921
196060,University at Albany,Albany,NY,Mid East,City,Public,1,0,3,4,2.0,0.691,,595.0,590.0,26.0,12564.0,0.5415,0.365,0.2412,0.1963,0.1023,10866.0,31256.0,28802.0,17167.0,11012.0,0.569,16.0,17210.0,0.4369,0.5092,0.3008942662,43412.0,0.8344,0.6145,67979.0,19500.0,107.921
196079,Binghamton University,Vestal,NY,Mid East,Suburb,Public,1,0,3,4,2.0,0.3861,1415.0,685.0,705.0,32.0,14655.0,0.5207,0.513,0.0482,0.1364,0.1904,10567.0,30447.0,30345.0,21620.0,11086.0,0.7923,18.0,14520.0,0.2812,0.3942,0.2483826248,61401.0,0.8938,0.8162,80596.0,18500.0,107.921
196088,University at Buffalo,Buffalo,NY,Mid East,Suburb,Public,1,0,3,4,2.0,0.7418,1295.0,620.0,650.0,28.0,20112.0,0.4578,0.4384,0.0934,0.0941,0.1837,10936.0,31536.0,30785.0,20995.0,12415.0,0.7019,11.0,19048.0,0.3313,0.3974,0.2806191117,46678.0,0.8521,0.7518,70814.0,19000.0,107.921
196097,Stony Brook University,Stony Brook,NY,Mid East,Suburb,Public,1,0,3,4,2.0,0.4904,1419.0,670.0,720.0,31.0,18101.0,0.5123,0.2502,0.0614,0.1579,0.3582,10931.0,32741.0,30539.0,18784.0,14008.0,0.6174,19.0,22608.0,0.3944,0.353,0.3614088821,36504.5,0.8981,0.7556,74502.0,18228.0,107.921
196103,SUNY College of Environmental Science and Forestry,Syracuse,NY,Mid East,City,Public,1,0,3,4,2.0,0.6328,,,,,1839.0,0.5334,0.7466,0.0294,0.1088,0.0266,9303.0,22263.0,28133.0,18952.0,9954.0,0.7898,14.0,25510.0,0.1965,0.3082,0.2042553191,68412.0,0.8702,0.6632,55763.0,11000.0,107.921
196112,SUNY Polytechnic Institute,Utica,NY,Mid East,Suburb,Public,1,0,3,4,2.0,0.8135,1201.0,600.0,620.0,27.0,1849.0,0.3218,0.6452,0.0995,0.1174,0.079,8625.0,21215.0,23741.0,14164.0,9835.0,0.463,13.0,11232.0,0.3965,0.4217,0.3052415211,46601.0,0.6915,0.5508,64355.0,17250.0,107.921
196121,SUNY Brockport,Brockport,NY,Mid East,Town,Public,1,0,3,4,2.0,0.7068,1193.0,560.0,575.0,26.0,5784.0,0.5794,0.6826,0.1167,0.0975,0.0233,8752.0,15822.0,26046.0,16353.0,8645.0,0.5337,17.0,14329.0,0.4019,0.6001,0.3152955896,43518.5,0.7177,0.5513,54496.0,20000.0,107.921
196130,SUNY Buffalo State University,Buffalo,NY,Mid East,City,Public,1,0,3,4,2.0,0.7295,1070.0,515.0,530.0,,5097.0,0.556,0.4544,0.2868,0.1303,0.0661,8533.0,19653.0,24279.0,11346.0,9132.0,0.5213,14.0,15967.0,0.556,0.501,0.3401759531,32331.0,0.5772,0.3331,52334.0,21028.0,107.921
196149,State University of New York at Cortland,Cortland,NY,Mid East,Town,Public,1,0,3,4,2.0,0.5979,,580.0,585.0,25.0,5901.0,0.5286,0.7609,0.0368,0.1205,0.0112,8874.0,18784.0,28108.0,22345.0,7557.0,0.5808,15.0,11144.0,0.2742,0.6066,0.2709096968,72219.0,0.8109,0.6803,60236.0,21500.0,107.921
196158,SUNY at Fredonia,Fredonia,NY,Mid East,Town,Public,1,0,3,4,2.0,0.777,1250.0,595.0,590.0,27.0,2755.0,0.5623,0.7517,0.061,0.106,0.0145,8831.0,19771.0,25879.0,15897.0,8123.0,0.5407,11.0,17136.0,0.3883,0.651,0.2281675921,59673.0,0.7624,0.5021,54247.0,24250.0,107.921
196167,SUNY College at Geneseo,Geneseo,NY,Mid East,Town,Public,1,0,3,4,2.0,0.6645,1286.0,615.0,625.0,28.0,3869.0,0.6449,0.7839,0.0388,0.0786,0.0341,8999.0,19569.0,27709.0,18211.0,8765.0,0.6273,16.0,14838.0,0.2764,0.5072,0.1863874346,77511.0,0.8699,0.7145,67316.0,19500.0,107.921
196176,State University of New York at New Paltz,New Paltz,NY,Mid East,Town,Public,1,0,3,4,2.0,0.6161,1265.0,624.0,610.0,27.0,6086.0,0.6324,0.5822,0.0679,0.236,0.0458,8572.0,18822.0,28428.0,18809.0,8406.0,0.486,16.0,13655.0,0.319,0.42,0.3169421488,48878.0,0.8502,0.716,58073.0,18750.0,107.921
196185,SUNY Oneonta,Oneonta,NY,Mid East,Town,Public,1,0,3,4,2.0,0.696,1230.0,,,,4643.0,0.5888,0.6789,0.0683,0.1839,0.0194,8831.0,19781.0,28821.0,19158.0,7888.0,0.6117,13.0,13074.0,0.3602,0.5729,0.2577405858,72278.0,0.7551,0.6881,60386.0,19812.0,107.921
196194,State University of New York at Oswego,Oswego,NY,Mid East,Town,Public,1,0,3,4,2.0,0.8055,1187.0,585.0,585.0,27.0,5473.0,0.5138,0.6506,0.1054,0.1496,0.0265,8825.0,18735.0,27052.0,16236.0,8147.0,0.6538,15.0,13885.0,0.3965,0.5228,0.2781818182,50004.5,0.7045,0.6036,57566.0,20880.0,107.921
196200,SUNY College at Potsdam,Potsdam,NY,Mid East,Town,Public,1,0,3,4,2.0,0.777,,,,,1823.0,0.5634,0.7126,0.0724,0.1168,0.0159,8768.0,18678.0,25083.0,13624.0,7383.0,0.6272,11.0,17215.0,0.4034,0.55,0.3411488863,40619.0,0.7767,0.453,47866.0,24250.0,107.921
196219,SUNY at Purchase College,Purchase,NY,Mid East,Suburb,Public,1,0,3,4,2.0,0.7405,1312.0,625.0,595.0,29.0,3197.0,0.584,0.4689,0.1245,0.2853,0.0385,8953.0,19203.0,29043.0,18913.0,8079.0,0.4004,12.0,19625.0,0.3551,0.4193,0.2413793103,49814.5,0.8031,0.6277,45092.0,21067.0,107.921
196228,SUNY College of Optometry,New York,NY,Mid East,City,Public,1,0,4,4,,,,,,,,,,,,,,,,,12200.0,0.6259,,69143.0,,,,2618.5,,,,,107.921
196237,SUNY Old Westbury,Old Westbury,NY,Mid East,Suburb,Public,1,0,3,4,2.0,0.8363,,595.0,570.0,,4162.0,0.575,0.2319,0.2345,0.3378,0.1136,8422.0,18842.0,21287.0,11282.0,10290.0,0.4171,17.0,13648.0,0.4927,0.282,0.3938859494,30996.0,0.7177,0.4457,58526.0,14997.0,107.921
196246,State University of New York at Plattsburgh,Plattsburgh,NY,Mid East,Town,Public,1,0,3,4,2.0,0.7841,1165.0,570.0,575.0,26.0,3769.0,0.5959,0.6262,0.1167,0.1372,0.0255,9035.0,18945.0,28244.0,17156.0,8116.0,0.6319,15.0,14050.0,0.4056,0.5692,0.3137166139,50769.0,0.732,0.5851,56403.0,21196.0,107.921
196255,SUNY Downstate Health Sciences University,Brooklyn,NY,Mid East,City,Public,1,0,3,4,,,,,,,293.0,0.785,0.2765,0.1911,0.1945,0.2526,,,,,11414.0,0.7295,9.0,60266.0,0.0315,0.4266,0.3791469194,25374.5,,,109601.0,12500.0,107.921
196264,Empire State University,Saratoga Springs,NY,Mid East,Suburb,Public,1,0,3,4,1.0,,,,,,7585.0,0.6813,0.4593,0.1607,0.1636,0.0345,7648.0,17558.0,19699.0,11676.0,8539.0,0.2249,17.0,9160.0,0.3683,0.3387,0.4505520883,26758.0,0.6571,0.4123,54080.0,18730.0,107.921
196291,SUNY Maritime College,Throggs Neck,NY,Mid East,City,Public,1,0,3,4,2.0,0.7241,1214.0,594.0,600.0,26.0,1285.0,0.1206,0.6241,0.0599,0.1868,0.028,8589.0,19159.0,29786.0,22367.0,8873.0,0.7685,15.0,20252.0,0.2212,0.3878,0.2148288973,85119.0,0.8346,0.6439,95951.0,23250.0,107.921
196307,Upstate Medical University,Syracuse,NY,Mid East,City,Public,1,0,3,4,,,,,,,159.0,0.761,0.6855,0.044,0.0503,0.0692,,,,,6956.0,0.7688,8.0,78617.0,0.2712,0.5593,0.3504273504,35952.0,,,92257.0,15000.0,107.921
196413,Syracuse University,Syracuse,NY,Mid East,City,Private nonprofit,1,0,3,4,2.0,0.4592,1375.0,650.0,660.0,30.0,15477.0,0.5584,0.5651,0.0791,0.1248,0.0728,65528.0,65528.0,84517.0,38793.0,13189.0,0.6844,15.0,20551.0,0.1707,0.3242,0.1886792453,78436.0,0.9013,0.8361,79164.0,26000.0,107.921
196431,Talmudical Seminary Oholei Torah,Brooklyn,NY,Mid East,City,Private nonprofit,1,0,3,3,2.0,0.7719,,,,,400.0,0.0,0.905,0.0,0.0,0.0,8750.0,8750.0,20353.0,10755.0,6365.0,0.7143,15.0,13054.0,0.6459,0.0,,33800.0,0.8056,0.2222,39230.0,,107.921
196440,Talmudical Institute of Upstate New York,Rochester,NY,Mid East,City,Private nonprofit,1,0,3,3,2.0,1.0,,,,,13.0,0.0,0.6154,0.0,0.0,0.0,6150.0,6150.0,16850.0,7299.0,,,7.0,134386.0,0.375,0.0,,,0.3333,,,,107.921
196468,Teachers College at Columbia University,New York,NY,Mid East,City,Private nonprofit,1,0,4,4,,,,,,,,,,,,,,,,,16204.0,0.3827,,21776.0,,,,,,,73294.0,,107.921
196583,Torah Temimah Talmudical Seminary,Staten Island,NY,Mid East,City,Private nonprofit,1,0,2,3,2.0,0.5556,,,,,82.0,0.0,0.8537,0.0,0.0,0.0,9600.0,9600.0,34000.0,24475.0,5197.0,,27.0,5029.0,0.52,0.0,,29639.0,1.0,0.0,,,107.921
196592,Touro University,New York,NY,Mid East,City,Private nonprofit,1,0,3,4,2.0,0.6083,1348.0,,,,4040.0,0.7035,0.548,0.1384,0.122,0.0347,22450.0,22450.0,40500.0,29627.0,9964.0,0.4045,10.0,15871.0,0.302,0.2449,0.3827940016,24128.0,0.8883,0.7239,53419.0,15547.0,107.921
196653,Trocaire College,Buffalo,NY,Mid East,City,Private nonprofit,1,0,2,3,2.0,0.9749,,,,,984.0,0.8659,0.4726,0.3557,0.0661,0.0376,20640.0,20640.0,29845.0,16636.0,8540.0,0.172,9.0,11016.0,0.5027,0.7092,0.4330985915,28328.5,,0.3086,55318.0,20000.0,107.921
196680,Excelsior University,Albany,NY,Mid East,City,Private nonprofit,1,0,3,4,1.0,,,,,,11550.0,0.5284,0.5565,0.2084,0.1413,0.0306,,,,,6944.0,1.0,21.0,2031.0,0.2824,0.3397,0.4772967265,37975.0,,,78493.0,13769.0,107.921
196866,Union College,Schenectady,NY,Mid East,City,Private nonprofit,1,0,3,3,2.0,0.4392,1395.0,670.0,690.0,30.0,2046.0,0.4687,0.6271,0.0435,0.1095,0.0738,69039.0,69039.0,84561.0,34561.0,12031.0,0.8956,9.0,26013.0,0.1436,0.4404,0.13003663,113111.0,0.9018,0.8039,88604.0,25337.0,107.921
196884,Union Theological Seminary in the City of New York,New York,NY,Mid East,City,Private nonprofit,1,0,4,4,,,,,,,,,,,,,,,,,10758.0,0.3585,,68007.0,,,,,,,,,107.921
197018,United Talmudical Seminary,Brooklyn,NY,Mid East,City,Private nonprofit,1,0,3,3,1.0,,,,,,2241.0,0.0,0.9737,0.0,0.0013,0.0,15000.0,15000.0,22754.0,6640.0,4005.0,0.5668,15.0,8685.0,0.8744,0.0,,16516.5,0.9085,0.5813,25113.0,,107.921
197027,United States Merchant Marine Academy,Kings Point,NY,US Service Schools,Suburb,Public,1,0,3,4,2.0,0.3424,1207.0,615.0,625.0,27.0,962.0,0.1819,0.7516,0.0239,0.106,0.0489,895.0,895.0,9168.0,6174.0,11875.0,0.7872,13.0,11935.0,0.0781,0.0602,,77088.0,0.8446,0.8238,90610.0,8833.0,107.921
197036,United States Military Academy,West  Point,NY,US Service Schools,Town,Public,1,0,3,3,2.0,0.1245,1355.0,650.0,670.0,31.0,4408.0,0.2221,0.6354,0.0898,0.1166,0.1175,,,,,12102.0,0.9884,6.0,31824.0,,,,,0.9463,0.8706,,,107.921
197045,Utica University,Utica,NY,Mid East,City,Private nonprofit,1,0,3,4,2.0,0.9195,1110.0,,,,2278.0,0.554,0.6567,0.097,0.108,0.0369,26930.0,26930.0,37205.0,19108.0,9148.0,0.4509,12.0,10197.0,0.3337,0.6605,0.3156398104,47546.0,0.7071,0.5624,63277.0,22500.0,107.921
197133,Vassar College,Poughkeepsie,NY,Mid East,Suburb,Private nonprofit,1,0,3,3,2.0,0.1857,1494.0,735.0,745.0,33.0,2444.0,0.617,0.5405,0.0376,0.1358,0.117,71030.0,71030.0,87419.0,39343.0,13587.0,0.8532,7.0,34689.0,0.1924,0.3876,0.1418439716,71194.5,0.949,0.9108,71366.0,18625.0,107.921
197142,Villa Maria College,Buffalo,NY,Mid East,City,Private nonprofit,1,0,3,3,2.0,0.8659,,510.0,445.0,,603.0,0.5174,0.4428,0.3516,0.058,0.0299,28670.0,28670.0,36335.0,13494.0,5508.0,0.2231,10.0,7785.0,0.6477,0.5229,0.3789731051,23000.5,0.7647,0.3145,38857.0,21250.0,107.921
197151,School of Visual Arts,New York,NY,Mid East,City,Private for-profit,1,0,3,4,2.0,0.9264,1320.0,630.0,622.0,26.0,3244.0,0.7352,0.1489,0.0305,0.1159,0.1403,51400.0,51400.0,78051.0,57914.0,4435.0,0.1489,9.0,17394.0,0.1557,0.2568,0.2553444181,47824.0,0.8548,0.7568,46459.0,27000.0,107.921
197197,Wagner College,Staten Island,NY,Mid East,City,Private nonprofit,1,0,3,4,2.0,0.88,1243.0,,,,1651.0,0.6111,0.5584,0.0733,0.1514,0.046,53200.0,53200.0,65574.0,28241.0,8122.0,1.0,11.0,14143.0,0.2385,0.5343,0.2845303867,75806.0,0.8342,0.6514,74360.0,25000.0,107.921
197221,Webb Institute,Glen Cove,NY,Mid East,Suburb,Private nonprofit,1,0,3,3,2.0,0.1404,1496.0,705.0,745.0,33.0,106.0,0.2453,0.7642,0.0,0.0849,0.0189,63214.0,63214.0,81950.0,73043.0,13681.0,0.6667,11.0,33239.0,0.0857,0.2095,,126242.0,0.9259,0.88,,,107.921
197285,The College of Westchester,White Plains,NY,Mid East,City,Private for-profit,1,0,3,3,2.0,0.9442,,,,,759.0,0.693,0.058,0.3294,0.5046,0.0158,25191.0,25191.0,31660.0,16296.0,6287.0,0.2,19.0,5505.0,0.6229,0.5645,0.5079086116,19616.0,0.7931,0.3765,42215.0,26967.0,107.921
197601,Yeshiva Karlin Stolin,Brooklyn,NY,Mid East,City,Private nonprofit,1,0,3,3,1.0,,,,,,139.0,0.0,1.0,0.0,0.0,0.0,13300.0,13300.0,18612.0,6393.0,5013.0,,18.0,4309.0,0.8043,0.0,,16151.0,0.7895,0.2286,,,107.921
197647,Yeshiva Derech Chaim,Brooklyn,NY,Mid East,City,Private nonprofit,1,0,2,3,2.0,0.8824,,,,,115.0,0.0,0.8957,0.0,0.0,0.0,12700.0,12700.0,24200.0,12072.0,6875.0,0.3793,8.0,11430.0,0.4118,0.0,,21809.0,0.75,0.8,,,107.921
197674,Yeshiva of Nitra Rabbinical College,Chester,NY,Mid East,Rural,Private nonprofit,1,0,3,3,1.0,,,,,,243.0,0.0,1.0,0.0,0.0,0.0,14000.0,14000.0,23300.0,10880.0,2846.0,0.7143,20.0,8254.0,0.7984,0.0,,18949.5,0.82,0.1132,41785.0,,107.921
197692,Yeshivath Shaar Hatorah,Kew Gardens,NY,Mid East,City,Private nonprofit,1,0,3,3,2.0,0.7222,,,,,76.0,0.0,1.0,0.0,0.0,0.0,19550.0,19550.0,22150.0,8850.0,9350.0,,13.0,18684.0,0.0714,0.0,,,0.8621,0.5333,,,107.921
197708,Yeshiva University,New York,NY,Mid East,City,Private nonprofit,1,0,3,4,2.0,0.5562,1426.0,,,,2852.0,0.4551,0.6076,0.0025,0.0284,0.0028,51800.0,51800.0,70892.0,49965.0,13637.0,1.0,7.0,18550.0,0.1344,0.1607,0.1438596491,63623.0,0.9153,0.832,71353.0,18250.0,107.921
197735,Yeshivath Viznitz,Monsey,NY,Mid East,Suburb,Private nonprofit,1,0,3,3,1.0,,,,,,1159.0,0.0,0.9724,0.0,0.0,0.0,12000.0,12000.0,20397.0,8929.0,2680.0,0.6218,10.0,4552.0,0.9278,0.0,,15600.0,0.9591,0.6932,,,107.921
197744,Yeshivath Zichron Moshe,South Fallsburg,NY,Mid East,Town,Private nonprofit,1,0,2,3,2.0,0.3,,,,,201.0,0.0,0.9403,0.0,0.0,0.0,10880.0,10880.0,20440.0,8894.0,5460.0,,26.0,17149.0,0.5227,0.0,,30309.0,1.0,0.7,,,107.921
197869,Appalachian State University,Boone,NC,Southeast,Town,Public,1,0,3,4,2.0,0.9014,1214.0,610.0,605.0,27.0,19444.0,0.5534,0.7852,0.0309,0.0942,0.0168,7579.0,25212.0,23169.0,16836.0,9281.0,0.777,16.0,8690.0,0.2642,0.366,0.2500863558,56100.5,0.8369,0.7453,51836.0,20231.0,94.326
197911,Barton College,Wilson,NC,Southeast,Town,Private nonprofit,1,0,3,4,2.0,0.942,,525.0,535.0,20.0,982.0,0.4786,0.4949,0.3279,0.1039,0.0081,37250.0,37250.0,51935.0,23626.0,6671.0,0.9787,14.0,8229.0,0.3732,0.6371,0.3500931099,38256.0,0.6548,0.4585,47913.0,25877.0,94.326
197984,Belmont Abbey College,Belmont,NC,Southeast,Suburb,Private nonprofit,1,0,3,4,2.0,0.7465,1099.0,576.0,542.0,22.0,1276.0,0.4592,0.6356,0.0776,0.0995,0.0165,19500.0,19500.0,34788.0,24639.0,7019.0,0.6786,12.0,7400.0,0.2421,0.4764,0.2736982644,56211.0,0.7044,0.4668,47937.0,26000.0,94.326
197993,Bennett College,Greensboro,NC,Southeast,City,Private nonprofit,1,1,3,3,2.0,0.5066,925.0,,,,178.0,1.0,0.0056,0.7191,0.0281,0.0056,19140.0,19140.0,41296.0,28299.0,6566.0,0.2727,7.0,12596.0,0.7282,0.6821,0.316872428,26482.0,0.8571,0.25,36654.0,28130.0,94.326
198066,Brevard College,Brevard,NC,Southeast,Town,Private nonprofit,1,0,3,4,2.0,0.4216,1060.0,,,,815.0,0.3804,0.6221,0.1571,0.0761,0.0061,32280.0,32280.0,47288.0,23509.0,6053.0,1.0,12.0,6755.0,0.4058,0.6911,0.2946428571,42000.0,0.6151,0.4884,43545.0,25000.0,94.326
198109,Cabarrus College of Health Sciences,Concord,NC,Southeast,City,Private nonprofit,1,0,2,4,2.0,0.2338,1150.0,543.0,503.0,23.0,712.0,0.9115,0.4902,0.3034,0.1081,0.0309,16550.0,16550.0,26375.0,17618.0,8088.0,0.5385,11.0,9077.0,0.2874,0.8079,0.3699186992,42481.0,1.0,0.7143,58708.0,16000.0,94.326
198136,Campbell University,Buies Creek,NC,Southeast,Town,Private nonprofit,1,0,3,4,2.0,0.8718,,575.0,555.0,22.0,2680.0,0.5287,0.5821,0.1481,0.1399,0.0168,41600.0,41600.0,62187.0,24516.0,9210.0,0.4959,13.0,14458.0,0.3758,0.3882,0.3112033195,41354.0,0.7616,0.6096,54886.0,22500.0,94.326
198215,Catawba College,Salisbury,NC,Southeast,Suburb,Private nonprofit,1,0,3,4,2.0,0.7521,1096.0,535.0,535.0,22.0,1235.0,0.519,0.536,0.2097,0.1004,0.0121,34300.0,34300.0,49516.0,17879.0,8682.0,0.8083,13.0,12087.0,0.41,0.5318,0.2992366412,48930.0,0.773,0.4729,48793.0,25000.0,94.326
198303,Chowan University,Murfreesboro,NC,Southeast,Rural,Private nonprofit,1,0,3,4,2.0,0.6879,,475.0,503.0,18.0,603.0,0.3964,0.2836,0.4826,0.0879,0.0033,27910.0,27910.0,39027.0,14086.0,7034.0,1.0,15.0,6985.0,0.5658,0.569,0.370405278,25410.0,0.7081,0.2995,38412.0,29491.0,94.326
198385,Davidson College,Davidson,NC,Southeast,Suburb,Private nonprofit,1,0,3,3,2.0,0.1337,1469.0,,,,1867.0,0.5303,0.6042,0.0686,0.1114,0.053,64410.0,64410.0,79475.0,17379.0,13033.0,0.9598,8.0,22692.0,0.1759,0.0867,0.1577380952,80076.0,0.9461,0.9107,81400.0,18688.0,94.326
198419,Duke University,Durham,NC,Southeast,City,Private nonprofit,1,0,3,4,2.0,0.0571,1548.0,745.0,768.0,34.0,6442.0,0.5368,0.3518,0.0872,0.1073,0.2178,68758.0,68758.0,87072.0,29612.0,19001.0,0.9449,5.0,87044.0,0.1403,0.1364,0.1345885635,61560.0,0.9793,0.9678,97800.0,13000.0,94.326
198464,East Carolina University,Greenville,NC,Southeast,City,Public,1,0,3,4,2.0,0.8921,1180.0,,,,19896.0,0.5708,0.6126,0.164,0.1045,0.0261,7361.0,23638.0,23867.0,15739.0,9595.0,0.7697,17.0,14141.0,0.318,0.387,0.2646028037,51027.0,0.8272,0.6262,55146.0,22750.0,94.326
198507,Elizabeth City State University,Elizabeth City,NC,Southeast,Town,Public,1,1,3,4,2.0,0.6422,1019.0,500.0,465.0,17.0,1975.0,0.5003,0.1742,0.6689,0.0557,0.0046,6536.0,10536.0,17701.0,6364.0,8621.0,0.8058,19.0,10492.0,0.5352,0.5396,0.3745704467,23286.0,0.7688,0.4351,40026.0,21463.0,94.326
198516,Elon University,Elon,NC,Southeast,Suburb,Private nonprofit,1,0,3,4,2.0,0.6635,1208.0,,,,6452.0,0.5928,0.7565,0.0524,0.0721,0.0222,46958.0,46958.0,62266.0,41555.0,10563.0,0.8236,11.0,19988.0,0.0993,0.2447,0.0909090909,112797.0,0.898,0.8404,74545.0,20500.0,94.326
198543,Fayetteville State University,Fayetteville,NC,Southeast,City,Public,1,1,3,4,2.0,0.8215,959.0,480.0,455.0,17.0,5762.0,0.6808,0.1394,0.6407,0.0981,0.0123,4353.0,8353.0,16652.0,7892.0,9421.0,0.7692,20.0,8747.0,0.566,0.4597,0.4089541008,23815.0,0.7529,0.3846,40144.0,22987.0,94.326
198561,Gardner-Webb University,Boiling Springs,NC,Southeast,Rural,Private nonprofit,1,0,3,4,2.0,0.7721,1113.0,545.0,543.0,21.0,1856.0,0.6212,0.4898,0.1606,0.0399,0.0092,34760.0,34760.0,47091.0,17674.0,7375.0,0.9929,12.0,8808.0,0.3707,0.4717,0.354704413,36485.5,0.5533,0.5539,48039.0,24222.0,94.326
198598,Greensboro College,Greensboro,NC,Southeast,City,Private nonprofit,1,0,3,4,2.0,0.7014,,,,,708.0,0.3814,0.4167,0.3136,0.0975,0.0042,21000.0,21000.0,35165.0,17882.0,6155.0,1.0,10.0,9444.0,0.4611,0.6613,0.315978456,38100.0,0.6587,0.462,46566.0,25607.0,94.326
198613,Guilford College,Greensboro,NC,Southeast,City,Private nonprofit,1,0,3,4,2.0,0.8,1105.0,550.0,525.0,20.0,1001.0,0.4795,0.4476,0.2947,0.1558,0.02,41362.0,41362.0,55689.0,22270.0,7005.0,0.5294,12.0,8232.0,0.4371,0.5069,0.2632275132,37714.5,0.6492,0.4581,47590.0,26000.0,94.326
198677,Heritage Bible College,Dunn,NC,Southeast,Rural,Private nonprofit,1,0,3,3,1.0,,,,,,22.0,0.4091,0.5455,0.4091,0.0455,0.0,8688.0,8688.0,24868.0,18684.0,1875.0,,2.0,6612.0,0.5455,0.7576,,40466.0,1.0,,30672.0,,94.326
198695,High Point University,High Point,NC,Southeast,City,Private nonprofit,1,0,3,4,2.0,0.7531,1288.0,608.0,595.0,26.0,5129.0,0.5551,0.7434,0.0819,0.087,0.0205,45312.0,45312.0,65548.0,38707.0,9147.0,1.0,21.0,13024.0,0.1185,0.4111,0.1477869467,111649.0,0.8535,0.737,61389.0,24575.0,94.326
198756,Johnson C Smith University,Charlotte,NC,Southeast,City,Private nonprofit,1,1,3,4,2.0,0.4521,,,,,1244.0,0.5185,0.0056,0.8055,0.0048,0.0016,21300.0,21300.0,34923.0,20894.0,7806.0,0.5874,12.0,10570.0,0.6947,0.7457,0.3644171779,26404.0,0.7133,0.3429,42680.0,30000.0,94.326
198808,Lees-McRae College,Banner Elk,NC,Southeast,Rural,Private nonprofit,1,0,3,4,2.0,0.7678,,590.0,550.0,23.0,873.0,0.6667,0.5647,0.0687,0.047,0.0149,33250.0,33250.0,49498.0,28340.0,6116.0,0.5,11.0,7880.0,0.3729,0.5941,0.401384083,42683.0,0.6884,0.4208,43415.0,17375.0,94.326
198835,Lenoir-Rhyne University,Hickory,NC,Southeast,City,Private nonprofit,1,0,3,4,2.0,0.8459,,,,,1359.0,0.5342,0.6078,0.1398,0.0883,0.0191,31900.0,31900.0,44621.0,20689.0,7780.0,1.0,15.0,10703.0,0.392,0.5572,0.3166069295,44652.5,0.7553,0.4778,45543.0,26000.0,94.326
198862,Livingstone College,Salisbury,NC,Southeast,Suburb,Private nonprofit,1,1,3,4,2.0,0.5925,,460.0,439.0,14.0,924.0,0.4177,0.0206,0.8669,0.0054,0.0011,18296.0,18296.0,28305.0,13479.0,5732.0,0.7703,14.0,8418.0,0.8212,0.781,0.3921800948,20000.0,0.7063,0.2819,32600.0,31125.0,94.326
198899,Mars Hill University,Mars Hill,NC,Southeast,Rural,Private nonprofit,1,0,3,4,2.0,0.679,,,,,1044.0,0.4971,0.6312,0.1571,0.0948,0.0105,37736.0,37736.0,50099.0,19910.0,5935.0,0.621,11.0,15848.0,0.4621,0.6208,0.3440094899,38916.0,0.6933,0.4487,44781.0,26000.0,94.326
198950,Meredith College,Raleigh,NC,Southeast,City,Private nonprofit,1,0,3,4,2.0,0.7418,1204.0,605.0,581.0,26.0,1188.0,1.0,0.6002,0.0884,0.1911,0.0463,45630.0,45630.0,57313.0,22488.0,7652.0,1.0,10.0,14651.0,0.3591,0.5485,0.2199488491,61779.5,0.7938,0.7007,51539.0,25000.0,94.326
198969,Methodist University,Fayetteville,NC,Southeast,City,Private nonprofit,1,0,3,4,2.0,0.7514,1182.0,585.0,585.0,24.0,1448.0,0.4316,0.4441,0.201,0.1188,0.011,41250.0,41250.0,55796.0,24704.0,8728.0,0.6178,11.0,11574.0,0.413,0.5801,0.3206865402,38888.5,0.651,0.4351,48050.0,27000.0,94.326
199032,Montreat College,Montreat,NC,Southeast,Suburb,Private nonprofit,1,0,3,4,2.0,0.692,,565.0,560.0,25.0,762.0,0.4475,0.6247,0.1194,0.0223,0.0092,36450.0,36450.0,47133.0,27061.0,6390.0,0.3669,11.0,7421.0,0.3913,0.6772,0.3033707865,43222.0,0.5888,0.5031,45151.0,25813.0,94.326
199069,University of Mount Olive,Mount Olive,NC,Southeast,Rural,Private nonprofit,1,0,3,4,2.0,0.7575,1050.0,530.0,540.0,19.0,1796.0,0.6604,0.5056,0.2589,0.1024,0.0056,27366.0,27366.0,38569.0,18853.0,7025.0,1.0,17.0,3971.0,0.4471,0.6892,0.4325068871,30171.5,0.7165,0.5178,47139.0,27209.0,94.326
199102,North Carolina A & T State University,Greensboro,NC,Southeast,City,Public,1,1,3,4,2.0,0.499,1074.0,545.0,535.0,19.0,12182.0,0.6249,0.0259,0.7844,0.0443,0.0035,6813.0,20673.0,20427.0,10846.0,10522.0,0.6008,20.0,8093.0,0.5231,0.5476,0.2808621816,32000.0,0.7752,0.5718,44440.0,27000.0,94.326
199111,University of North Carolina Asheville,Asheville,NC,Southeast,City,Public,1,0,3,4,2.0,0.9192,1251.0,635.0,595.0,26.0,2910.0,0.5859,0.7271,0.0601,0.1034,0.0199,7501.0,24849.0,21685.0,12250.0,9155.0,0.828,13.0,13642.0,0.3237,0.3856,0.2183984116,44221.0,0.7209,0.5448,44030.0,20500.0,94.326
199120,University of North Carolina at Chapel Hill,Chapel Hill,NC,Southeast,City,Public,1,0,3,4,2.0,0.1534,1439.0,625.0,635.0,25.0,20752.0,0.6077,0.5325,0.0736,0.0971,0.1602,8994.0,41203.0,26055.0,11655.0,15046.0,0.7827,15.0,33767.0,0.2004,0.1308,0.1993713516,58193.0,0.9661,0.9117,72200.0,14000.0,94.326
199139,University of North Carolina at Charlotte,Charlotte,NC,Southeast,City,Public,1,0,3,4,2.0,0.796,1231.0,605.0,615.0,24.0,24453.0,0.4858,0.4634,0.1799,0.1554,0.1072,7239.0,22492.0,23010.0,15435.0,11828.0,0.703,21.0,11037.0,0.3394,0.3922,0.2840072549,44089.0,0.8498,0.6897,57289.0,21500.0,94.326
199148,University of North Carolina at Greensboro,Greensboro,NC,Southeast,City,Public,1,0,3,4,2.0,0.8851,1193.0,608.0,570.0,24.0,14062.0,0.6638,0.3781,0.307,0.1747,0.0583,7661.0,24012.0,21373.0,10965.0,9693.0,0.7684,18.0,9830.0,0.5024,0.4575,0.3127645051,37092.0,0.7891,0.5631,48160.0,22858.0,94.326
199157,North Carolina Central University,Durham,NC,Southeast,City,Public,1,1,3,4,2.0,0.8696,1050.0,540.0,500.0,18.0,6081.0,0.7035,0.0383,0.8408,0.0574,0.0081,6699.0,19735.0,26556.0,15359.0,9555.0,0.6768,16.0,12526.0,0.587,0.6293,0.3286619953,27183.0,0.7271,0.4165,42968.0,28250.0,94.326
199184,University of North Carolina School of the Arts,Winston Salem,NC,Southeast,City,Public,1,0,3,4,2.0,0.2997,1260.0,643.0,628.0,25.0,945.0,0.5968,0.5365,0.0868,0.127,0.0243,9477.0,27211.0,26470.0,14906.0,8980.0,0.7477,6.0,26642.0,0.2627,0.4667,,67704.0,0.9276,0.7778,38357.0,23870.0,94.326
199193,North Carolina State University at Raleigh,Raleigh,NC,Southeast,City,Public,1,0,3,4,2.0,0.4174,1376.0,665.0,690.0,30.0,27371.0,0.4989,0.6614,0.0588,0.0942,0.0978,8799.0,32847.0,26425.0,17303.0,12820.0,0.8767,15.0,18060.0,0.1958,0.3345,0.1929167376,64900.0,0.9447,0.8476,68758.0,20121.0,94.326
199209,North Carolina Wesleyan University,Rocky Mount,NC,Southeast,City,Private nonprofit,1,0,3,4,2.0,0.8023,,500.0,490.0,18.0,1214.0,0.5313,0.2043,0.3616,0.0305,0.0049,35736.0,35736.0,49974.0,17432.0,6597.0,0.4138,13.0,5633.0,0.4975,0.6394,0.4677060134,24995.0,0.5854,0.4197,45873.0,25000.0,94.326
199218,University of North Carolina Wilmington,Wilmington,NC,Southeast,City,Public,1,0,3,4,2.0,0.6424,1287.0,640.0,630.0,26.0,14922.0,0.6329,0.7883,0.0407,0.0908,0.0204,7277.0,24152.0,26547.0,20109.0,10074.0,0.7205,17.0,10765.0,0.2395,0.3613,0.2589784517,52650.0,0.8816,0.7059,54967.0,19500.0,94.326
199272,William Peace University,Raleigh,NC,Southeast,City,Private nonprofit,1,0,3,3,2.0,0.9425,1170.0,572.0,583.0,24.0,666.0,0.497,0.5345,0.2042,0.1381,0.012,34176.0,34176.0,49362.0,21649.0,6905.0,0.4857,13.0,5817.0,0.3425,0.4671,0.2936802974,35829.0,0.7358,0.4481,46643.0,22250.0,94.326
199281,University of North Carolina at Pembroke,Pembroke,NC,Southeast,Town,Public,1,0,3,4,2.0,0.9326,1056.0,520.0,495.0,19.0,5330.0,0.6274,0.3313,0.273,0.1114,0.0088,3648.0,7648.0,17261.0,10260.0,8725.0,0.7322,14.0,7136.0,0.5008,0.4255,0.3656313302,31200.0,0.7164,0.4354,43407.0,25000.0,94.326
199306,Pfeiffer University,Misenheimer,NC,Southeast,Rural,Private nonprofit,1,0,3,4,2.0,0.9603,,514.0,514.0,22.0,655.0,0.4427,0.626,0.1664,0.1084,0.0046,35070.0,35070.0,45542.0,19076.0,7705.0,0.5273,11.0,13663.0,0.5076,0.7018,0.3333333333,39008.0,0.7231,0.3497,51562.0,26163.0,94.326
199412,Queens University of Charlotte,Charlotte,NC,Southeast,City,Private nonprofit,1,0,3,4,2.0,0.6208,1206.0,575.0,574.0,24.0,1211.0,0.616,0.5211,0.147,0.1387,0.0289,45846.0,45846.0,65742.0,30857.0,8748.0,0.5605,9.0,10698.0,0.2403,0.7043,0.2190332326,53591.5,0.7406,0.6131,57673.0,25000.0,94.326
199458,Mid-Atlantic Christian University,Elizabeth City,NC,Southeast,Town,Private nonprofit,1,0,3,3,2.0,0.6216,1000.0,495.0,465.0,18.0,132.0,0.1818,0.4924,0.2803,0.0227,0.0,17280.0,17280.0,33011.0,18328.0,5406.0,0.4375,9.0,10309.0,0.3764,0.5281,0.3504273504,34565.5,0.3158,0.2075,38342.0,27000.0,94.326
199582,Saint Augustine's University,Raleigh,NC,Southeast,City,Private nonprofit,1,1,3,4,2.0,0.338,,,,,172.0,0.564,0.0058,0.936,0.0407,0.0058,16896.0,16896.0,33179.0,24313.0,6609.0,0.5417,10.0,10716.0,0.5054,0.371,0.3453689168,22161.5,0.0,0.25,35730.0,29669.0,94.326
199607,Salem College,Winston-Salem,NC,Southeast,City,Private nonprofit,1,0,3,4,2.0,0.7667,1082.0,580.0,547.0,19.0,423.0,0.9953,0.4894,0.1939,0.1986,0.0236,33848.0,33848.0,48532.0,18277.0,6493.0,0.5072,9.0,12304.0,0.552,0.4457,0.3273137698,35899.0,0.6753,0.5743,44640.0,26649.0,94.326
199643,Shaw University,Raleigh,NC,Southeast,City,Private nonprofit,1,1,3,4,2.0,0.8016,,,,,875.0,0.5143,0.0171,0.7189,0.0583,0.0046,17538.0,17538.0,30861.0,16512.0,5041.0,0.5729,14.0,7287.0,0.6643,0.7117,0.4005474453,21406.0,0.5165,0.2179,34409.0,32500.0,94.326
199759,Southeastern Baptist Theological Seminary,Wake Forest,NC,Southeast,Suburb,Private nonprofit,1,0,3,4,2.0,0.7463,1127.0,,,,585.0,0.4137,0.7915,0.0838,0.0547,0.0205,11318.0,11318.0,22632.0,13090.0,8527.0,0.473,9.0,5721.0,0.1887,0.0,,,0.8462,0.5806,,,94.326
199847,Wake Forest University,Winston-Salem,NC,Southeast,City,Private nonprofit,1,0,3,4,2.0,0.2167,1475.0,,,,5485.0,0.5515,0.6512,0.0644,0.0968,0.0527,67642.0,67642.0,87499.0,28719.0,12666.0,0.7559,10.0,35708.0,0.1009,0.1398,0.1196808511,94263.0,0.9256,0.8915,78158.0,21500.0,94.326
199865,Warren Wilson College,Swannanoa,NC,Southeast,Rural,Private nonprofit,1,0,3,4,2.0,0.7134,1350.0,,,27.0,707.0,0.6676,0.768,0.0495,0.0863,0.0085,41500.0,41500.0,56966.0,21249.0,6280.0,0.6905,12.0,11579.0,0.396,0.5262,0.2040133779,44436.0,0.7092,0.42,36260.0,25000.0,94.326
199883,Watts College of Nursing,Durham,NC,Southeast,City,Private nonprofit,1,0,3,3,,,,,,,124.0,0.8065,0.4839,0.2581,0.0806,0.0726,,,,,6333.0,1.0,8.0,13077.0,0.3507,1.0,,,,,,,94.326
199962,Wingate University,Wingate,NC,Southeast,Suburb,Private nonprofit,1,0,3,4,2.0,0.9113,1111.0,,,,2668.0,0.5855,0.3992,0.2133,0.1023,0.0157,41636.0,41636.0,57473.0,20748.0,8244.0,0.54,15.0,9981.0,0.4424,0.5183,0.2878645343,57959.5,0.7048,0.4635,52649.0,25000.0,94.326
199971,Carolina Christian College,Winston Salem,NC,Southeast,City,Private nonprofit,1,0,3,3,1.0,,,,,,52.0,0.4808,0.0769,0.6154,0.2308,0.0192,9970.0,9970.0,28817.0,22366.0,2500.0,,9.0,2937.0,0.4815,0.6296,,13895.0,0.0,0.1538,40672.0,,94.326
199999,Winston-Salem State University,Winston-Salem,NC,Southeast,City,Public,1,1,3,4,2.0,0.7826,945.0,480.0,480.0,17.0,4170.0,0.7357,0.0489,0.8324,0.0475,0.0062,6126.0,16782.0,23147.0,13479.0,9217.0,0.671,15.0,11408.0,0.6491,0.6793,0.3535598706,28551.5,0.7725,0.4668,45344.0,25000.0,94.326
200004,Western Carolina University,Cullowhee,NC,Southeast,Town,Public,1,0,3,4,2.0,0.8183,1157.0,580.0,565.0,22.0,10024.0,0.5753,0.7529,0.0667,0.0879,0.0128,4630.0,8630.0,19992.0,13315.0,9069.0,0.7351,16.0,9410.0,0.3464,0.4422,0.329004329,46182.0,0.7911,0.6026,49458.0,21868.0,94.326
200013,Rasmussen University-North Dakota,Fargo,ND,Plains,City,Private for-profit,0,0,2,3,1.0,,,,,,52.0,0.75,0.4615,0.3654,0.0192,0.0769,13957.0,13957.0,,,7055.0,,4.0,4663.0,0.383,0.6809,0.4757427831,25123.5,,0.2857,39080.0,20899.0,88.959
200022,Bismarck State College,Bismarck,ND,Plains,City,Public,1,0,2,3,1.0,,,,,,2839.0,0.4459,0.8035,0.0377,0.0409,0.0144,5247.0,7331.0,15771.0,10270.0,7184.0,0.9222,13.0,8671.0,0.1456,0.2025,0.272327044,55668.0,0.7681,0.4724,54277.0,11533.0,88.959
200059,Dickinson State University,Dickinson,ND,Plains,Town,Public,1,0,3,4,2.0,0.3702,,488.0,506.0,19.0,1090.0,0.5514,0.767,0.0275,0.0651,0.0138,9118.0,9118.0,20567.0,14092.0,7146.0,0.5,16.0,7350.0,0.2148,0.3412,0.3053016453,58846.0,0.6744,0.506,50720.0,18442.0,88.959
200086,Nueta Hidatsa Sahnish College,New Town,ND,Plains,Rural,Public,1,0,2,3,1.0,,,,,,161.0,0.6335,0.0683,0.0124,0.0745,0.0,3870.0,3870.0,14090.0,9971.0,6030.0,0.9545,6.0,13659.0,0.1921,0.0,,,,0.0732,,,88.959
200156,University of Jamestown,Jamestown,ND,Plains,Town,Private nonprofit,1,0,3,4,2.0,0.8808,,505.0,515.0,21.0,1041.0,0.4352,0.7195,0.0269,0.073,0.0038,24990.0,24990.0,38013.0,19567.0,7294.0,1.0,13.0,10448.0,0.2552,0.6141,0.2822966507,77811.5,0.6735,0.4904,56621.0,27000.0,88.959
200217,University of Mary,Bismarck,ND,Plains,Rural,Private nonprofit,1,0,3,4,2.0,0.753,1159.0,,,,2416.0,0.5973,0.7856,0.0265,0.0,0.0161,22356.0,22356.0,33672.0,17770.0,8186.0,0.6196,14.0,8897.0,0.209,0.4435,0.1786833856,77856.0,0.8354,0.666,60909.0,24000.0,88.959
200226,Mayville State University,Mayville,ND,Plains,Rural,Public,1,0,3,4,1.0,,,,,20.0,733.0,0.5703,0.6971,0.0791,0.0614,0.0055,7979.0,11237.0,20657.0,11456.0,7328.0,0.5467,14.0,8244.0,0.2736,0.3901,0.3016194332,47272.0,0.8068,0.406,47828.0,18585.0,88.959
200253,Minot State University,Minot,ND,Plains,City,Public,1,0,3,4,2.0,0.6462,1051.0,540.0,555.0,20.0,2062.0,0.6125,0.6455,0.0403,0.0718,0.0145,8702.0,8702.0,19339.0,12703.0,8340.0,0.881,11.0,9367.0,0.2445,0.365,0.3471741638,51786.5,0.6648,0.4505,51759.0,19609.0,88.959
200280,University of North Dakota,Grand Forks,ND,Plains,City,Public,1,0,3,4,2.0,0.769,,590.0,610.0,23.0,9981.0,0.451,0.7813,0.0279,0.0602,0.024,10951.0,15570.0,25605.0,18551.0,10049.0,0.9247,17.0,18456.0,0.1715,0.4109,0.191217343,78651.0,0.8402,0.6048,63552.0,22057.0,88.959
200332,North Dakota State University-Main Campus,Fargo,ND,Plains,City,Public,1,0,3,4,2.0,0.9496,1150.0,589.0,616.0,23.0,9471.0,0.5137,0.8362,0.0341,0.0372,0.0177,11110.0,15764.0,23716.0,15543.0,10624.0,0.9751,19.0,11618.0,0.1973,0.5199,0.1727807971,80195.0,0.7842,0.6389,62203.0,23199.0,88.959
200466,Sitting Bull College,Fort Yates,ND,Plains,Rural,Public,1,0,2,4,1.0,,,,,,257.0,0.6537,0.0428,0.0078,0.0078,0.0,4010.0,4010.0,10012.0,4605.0,7180.0,0.6579,8.0,16341.0,0.6856,0.0,0.3851351351,4660.5,,0.2162,28488.0,,88.959
200484,Trinity Bible College and Graduate School,Ellendale,ND,Plains,Rural,Private nonprofit,1,0,3,4,2.0,0.2575,,,,,141.0,0.5532,0.7518,0.0355,0.0993,0.0142,19700.0,19700.0,31544.0,19359.0,5047.0,1.0,9.0,9323.0,0.6181,0.6319,0.3193277311,36727.0,0.6286,0.4595,35604.0,22531.0,88.959
200527,Turtle Mountain College,Belcourt,ND,Plains,Rural,Private nonprofit,1,0,1,4,1.0,,,,,,543.0,0.6059,0.0221,0.0055,0.0018,0.0,2794.0,2794.0,13655.0,3428.0,7744.0,0.7143,14.0,9372.0,0.583,0.0,0.3467153285,5804.5,1.0,0.4341,32079.0,,88.959
200554,United Tribes Technical College,Bismarck,ND,Plains,Suburb,Private nonprofit,1,0,2,3,1.0,,,,,,569.0,0.6626,0.0264,0.0105,0.0035,0.0,4632.0,4632.0,14309.0,3569.0,5115.0,0.7652,12.0,8559.0,0.7823,0.0,0.3468013468,9746.0,,0.2133,25292.0,,88.959
200572,Valley City State University,Valley City,ND,Plains,Town,Public,1,0,3,4,2.0,0.9907,1041.0,540.0,523.0,20.0,958.0,0.5355,0.8017,0.0386,0.0324,0.0094,8514.0,13544.0,20468.0,11890.0,6935.0,0.5067,12.0,14718.0,0.1689,0.2955,0.2624768946,59878.0,0.7086,0.5333,52725.0,20369.0,88.959
200697,Air Force Institute of Technology-Graduate School of Engineering & Management,Wright-Patterson AFB,OH,US Service Schools,Suburb,Public,1,0,4,4,,,,,,,,,,,,,,,,,,,,,,,,,,,,,92.774
200785,Herzing University-Akron,Akron,OH,Great Lakes,Suburb,Private nonprofit,0,0,2,3,2.0,0.9457,,,,,391.0,0.913,0.4476,0.4194,0.023,0.0102,13450.0,13450.0,27417.0,18934.0,6817.0,0.1563,13.0,5535.0,0.7638,0.8346,0.5209032652,18321.0,0.25,0.1892,36909.0,21500.0,92.774
200800,University of Akron Main Campus,Akron,OH,Great Lakes,City,Public,1,0,3,4,2.0,0.5967,1081.0,,,,9052.0,0.4606,0.6669,0.1304,0.0426,0.038,13135.0,20815.0,26284.0,13946.0,10255.0,0.4957,17.0,9734.0,0.291,0.324,0.3636497859,44867.0,0.7298,0.5186,46600.0,23250.0,92.774
200846,University of Akron Wayne College,Orrville,OH,Great Lakes,Rural,Public,0,0,3,3,2.0,0.8992,1040.0,,,,457.0,0.6608,0.8249,0.0153,0.046,0.0153,7723.0,15403.0,15993.0,6032.0,7842.0,0.0556,42.0,7838.0,0.1249,0.0889,0.3636497859,44867.0,0.5854,0.1852,46600.0,23250.0,92.774
200873,Allegheny Wesleyan College,Salem,OH,Great Lakes,Rural,Private nonprofit,1,0,3,3,1.0,,,,,,46.0,0.5,0.8696,0.0,0.0,0.0217,6800.0,6800.0,14612.0,5355.0,2210.0,0.3824,6.0,0.0,0.5,0.0,,23737.5,0.3636,0.4615,37453.0,,92.774
201061,Art Academy of Cincinnati,Cincinnati,OH,Great Lakes,City,Private nonprofit,1,0,3,4,2.0,0.3449,,,,,205.0,0.7707,0.6683,0.1707,0.0537,0.0049,41375.0,41375.0,53879.0,34253.0,5527.0,0.2632,9.0,6541.0,0.5059,0.6902,0.3076923077,48389.0,0.5088,0.4127,34368.0,27000.0,92.774
201104,Ashland University,Ashland,OH,Great Lakes,Town,Private nonprofit,1,0,3,4,2.0,0.764,1120.0,580.0,570.0,23.0,2199.0,0.5157,0.7667,0.0946,0.0409,0.0118,31210.0,31210.0,43434.0,21988.0,7701.0,0.2992,14.0,11063.0,0.2885,0.3794,0.4089443997,10702.0,0.7652,0.6063,52928.0,25000.0,92.774
201140,Athenaeum of Ohio,Cincinnati,OH,Great Lakes,City,Private nonprofit,1,0,1,4,1.0,,,,,,36.0,0.0833,0.9444,0.0,0.0,0.0,,,,,7822.0,1.0,7.0,18959.0,0.0,0.0,,,,,,,92.774
201177,Aultman College of Nursing and Health Sciences,Canton,OH,Great Lakes,City,Private nonprofit,1,0,2,3,2.0,0.4588,1020.0,,,21.0,280.0,0.8786,0.8321,0.0679,0.0143,0.0071,20230.0,20230.0,28979.0,24204.0,7225.0,0.3158,11.0,10386.0,0.3693,0.556,0.5240174672,29546.0,0.7222,0.5333,63582.0,20000.0,92.774
201195,Baldwin Wallace University,Berea,OH,Great Lakes,Suburb,Private nonprofit,1,0,3,4,2.0,0.757,1194.0,575.0,570.0,24.0,2842.0,0.5419,0.7646,0.069,0.0788,0.0208,39832.0,39832.0,55606.0,27603.0,8614.0,0.5523,12.0,15441.0,0.2916,0.822,0.3180887372,56960.0,0.8384,0.6677,54122.0,27000.0,92.774
201371,Bluffton University,Bluffton,OH,Great Lakes,Rural,Private nonprofit,1,0,3,4,2.0,0.6723,976.0,,,,582.0,0.4227,0.6254,0.189,0.0344,0.0103,37362.0,37362.0,51862.0,19943.0,5689.0,0.5111,11.0,11125.0,0.4468,0.7658,0.3272311213,60399.0,0.5957,0.5294,49547.0,27000.0,92.774
201432,Bowling Green State University-Firelands,Huron,OH,Great Lakes,Rural,Public,0,0,2,3,1.0,,,,,,1251.0,0.6211,0.6667,0.1463,0.0839,0.008,6407.0,14395.0,22070.0,17480.0,8169.0,0.3221,18.0,6109.0,0.2822,0.2998,0.3032948465,63845.0,0.5062,0.1132,47896.0,25000.0,92.774
201441,Bowling Green State University-Main Campus,Bowling Green,OH,Great Lakes,Town,Public,1,0,3,4,2.0,0.8096,1117.0,560.0,555.0,23.0,12812.0,0.5692,0.7831,0.0667,0.0579,0.0117,14460.0,22448.0,33007.0,24022.0,10477.0,0.7093,17.0,11814.0,0.2313,0.4794,0.3032948465,63845.0,0.8157,0.6373,47896.0,25000.0,92.774
201469,Bryant & Stratton College-Parma,Parma,OH,Great Lakes,Suburb,Private nonprofit,0,0,2,3,1.0,,,,,,624.0,0.7901,0.4199,0.4231,0.0304,0.016,19580.0,19580.0,23917.0,12849.0,5954.0,0.2617,11.0,8789.0,0.7204,0.7929,0.5378553335,15184.0,,0.1882,32568.0,21549.0,92.774
201548,Capital University,Columbus,OH,Great Lakes,Suburb,Private nonprofit,1,0,3,4,2.0,0.7022,1068.0,575.0,555.0,23.0,1585.0,0.5685,0.6562,0.1363,0.0826,0.0227,43234.0,43234.0,57130.0,22576.0,8673.0,0.4625,9.0,13045.0,0.3389,0.6274,0.275147929,61200.0,0.7554,0.6027,54143.0,26889.0,92.774
201645,Case Western Reserve University,Cleveland,OH,Great Lakes,City,Private nonprofit,1,0,3,4,2.0,0.3654,1513.0,710.0,760.0,34.0,6437.0,0.4794,0.3357,0.0626,0.1164,0.3048,66608.0,66608.0,85851.0,41190.0,13338.0,0.7518,9.0,35710.0,0.1752,0.4741,0.1085126286,94000.0,0.9214,0.8717,87989.0,24000.0,92.774
201654,Cedarville University,Cedarville,OH,Great Lakes,Rural,Private nonprofit,1,0,3,4,2.0,0.6529,1241.0,630.0,605.0,26.0,4024.0,0.537,0.8469,0.0144,0.0355,0.0261,37150.0,37150.0,49320.0,24468.0,8563.0,0.5739,14.0,9927.0,0.1522,0.333,0.1265597148,78221.0,0.8958,0.7253,55443.0,20937.0,92.774
201672,Central Ohio Technical College,Newark,OH,Great Lakes,Suburb,Public,1,0,2,3,1.0,,,,,,1941.0,0.7883,0.6347,0.1571,0.0381,0.0706,5256.0,8016.0,14764.0,9948.0,7407.0,1.0,16.0,7612.0,0.2699,0.159,0.5031958164,27213.0,1.0,0.3026,39168.0,12072.0,92.774
201690,Central State University,Wilberforce,OH,Great Lakes,Rural,Public,1,1,3,4,2.0,0.9861,,425.0,435.0,16.0,2620.0,0.6401,0.0989,0.5775,0.0477,0.0073,8058.0,10058.0,21929.0,13096.0,7698.0,1.0,16.0,4813.0,0.527,0.4164,0.4003590664,22475.5,0.5592,0.2281,33267.0,30739.0,92.774
201821,The Christ College of Nursing and Health Sciences,Cincinnati,OH,Great Lakes,City,Private nonprofit,1,0,3,3,2.0,0.5894,1090.0,,,20.0,713.0,0.9102,0.7111,0.1935,0.0295,0.0309,16836.0,16836.0,28094.0,18378.0,7243.0,0.6923,11.0,8118.0,0.349,0.6092,0.3959899749,44819.0,0.6912,0.5571,68303.0,24250.0,92.774
201867,Cincinnati College of Mortuary Science,Cincinnati,OH,Great Lakes,Suburb,Private nonprofit,1,0,3,3,,,,,,,107.0,0.8224,0.757,0.0841,0.028,0.0,,,,,6825.0,,13.0,8653.0,0.2621,0.6602,,36901.0,,,55695.0,15000.0,92.774
201885,University of Cincinnati-Main Campus,Cincinnati,OH,Great Lakes,City,Public,1,0,3,4,2.0,0.8529,1282.0,620.0,630.0,27.0,29882.0,0.503,0.6897,0.0918,0.0536,0.0538,13976.0,29310.0,32171.0,25648.0,11468.0,0.572,19.0,12292.0,0.1876,0.3732,0.3097519247,57821.5,0.8535,0.7496,54810.0,21250.0,92.774
201928,Cincinnati State Technical and Community College,Cincinnati,OH,Great Lakes,City,Public,1,0,1,3,1.0,,,,,,5667.0,0.6383,0.4706,0.3162,0.0439,0.0298,5517.0,10044.0,12229.0,4968.0,9970.0,1.0,10.0,6231.0,0.2969,0.2678,0.4643213573,23172.5,0.5,0.1633,40137.0,14715.0,92.774
201946,University of Cincinnati-Clermont College,Batavia,OH,Great Lakes,Suburb,Public,0,0,2,3,1.0,,,,,,3019.0,0.6784,0.7148,0.1206,0.0739,0.0199,6750.0,13982.0,19165.0,13803.0,9643.0,0.269,21.0,5141.0,0.1282,0.149,0.3097519247,57821.5,,0.2374,54810.0,21250.0,92.774
201955,University of Cincinnati-Blue Ash College,Blue Ash,OH,Great Lakes,Suburb,Public,0,0,2,3,1.0,,,,,,4354.0,0.5866,0.5409,0.2386,0.0882,0.0485,7200.0,15998.0,21784.0,16508.0,9342.0,0.5134,19.0,7882.0,0.2218,0.2178,0.3097519247,57821.5,,0.159,54810.0,21250.0,92.774
201964,Ohio Christian University,Circleville,OH,Great Lakes,Rural,Private nonprofit,1,0,3,4,2.0,0.3797,,,,,862.0,0.5812,0.71,0.1729,0.0499,0.0116,24600.0,24600.0,35017.0,20607.0,4506.0,1.0,14.0,4905.0,0.3366,0.4239,0.5474074074,19859.5,0.6237,0.3394,39813.0,29579.0,92.774
201973,Clark State College,Springfield,OH,Great Lakes,City,Public,1,0,1,3,1.0,,,,,,3456.0,0.7054,0.6337,0.2216,0.0469,0.009,4393.0,8049.0,16812.0,12135.0,6961.0,0.2813,13.0,6835.0,0.3825,0.4094,0.5274801244,22130.0,1.0,0.2176,39584.0,14490.0,92.774
202046,Cleveland Institute of Art,Cleveland,OH,Great Lakes,City,Private nonprofit,1,0,3,3,2.0,0.6135,1193.0,610.0,545.0,23.0,539.0,0.7403,0.6234,0.1558,0.1113,0.0371,49400.0,49400.0,64587.0,29208.0,7134.0,0.4712,9.0,14182.0,0.4223,0.788,0.2671232877,53314.0,0.878,0.5771,42509.0,27000.0,92.774
202073,Cleveland Institute of Music,Cleveland,OH,Great Lakes,City,Private nonprofit,1,0,3,4,2.0,0.4731,,,,,159.0,0.5031,0.4277,0.0314,0.0629,0.1698,52880.0,52880.0,61212.0,28226.0,7572.0,0.2817,6.0,30729.0,0.1371,0.3249,,93006.0,0.9024,0.7213,32641.0,24968.0,92.774
202134,Cleveland State University,Cleveland,OH,Great Lakes,City,Public,1,0,3,4,2.0,0.913,,520.0,515.0,23.0,8969.0,0.5354,0.5589,0.1773,0.0947,0.0404,12988.0,18510.0,27159.0,14764.0,9480.0,0.8399,16.0,12674.0,0.4051,0.737,0.3837554585,33556.0,0.7032,0.5057,52131.0,21797.0,92.774
202170,Columbus College of Art & Design,Columbus,OH,Great Lakes,City,Private nonprofit,1,0,3,4,2.0,0.6766,,,,,882.0,0.7302,0.6644,0.1213,0.0873,0.0408,40825.0,40825.0,54443.0,29439.0,5663.0,0.3519,10.0,13051.0,0.3919,0.6988,0.2456140351,58108.0,0.8032,0.556,40664.0,27000.0,92.774
202222,Columbus State Community College,Columbus,OH,Great Lakes,City,Public,1,0,1,3,1.0,,,,,,17549.0,0.5301,0.3962,0.2543,0.0871,0.0446,5488.0,11224.0,13381.0,8400.0,7602.0,1.0,18.0,5134.0,0.2596,0.1798,0.4379317351,25752.0,,0.2806,39435.0,8749.0,92.774
202480,University of Dayton,Dayton,OH,Great Lakes,City,Private nonprofit,1,0,3,4,2.0,0.6545,1335.0,615.0,615.0,26.0,7682.0,0.4732,0.7916,0.0492,0.0672,0.0174,49140.0,49140.0,65881.0,29533.0,9699.0,0.7029,14.0,13290.0,0.1581,0.4044,0.1024121879,114495.0,0.8906,0.8018,75537.0,23250.0,92.774
202514,Defiance College,Defiance,OH,Great Lakes,Town,Private nonprofit,1,0,3,4,2.0,0.4755,,490.0,495.0,20.0,499.0,0.3647,0.5331,0.3467,0.0681,0.004,29320.0,29320.0,53667.0,26337.0,6646.0,0.6,11.0,11859.0,0.4978,0.7241,0.3553719008,58500.0,0.5565,0.3057,49351.0,26813.0,92.774
202523,Denison University,Granville,OH,Great Lakes,Suburb,Private nonprofit,1,0,3,3,2.0,0.1739,1410.0,650.0,680.0,30.0,2380.0,0.5223,0.6034,0.0538,0.0731,0.0424,67000.0,67000.0,81900.0,40007.0,11237.0,0.952,9.0,25080.0,0.1255,0.505,0.1712328767,77800.5,0.8852,0.789,67753.0,26000.0,92.774
202763,The University of Findlay,Findlay,OH,Great Lakes,Town,Private nonprofit,1,0,3,4,2.0,0.8337,,562.0,550.0,23.0,2223.0,0.6779,0.7665,0.0432,0.0463,0.0157,41164.0,41164.0,54580.0,27221.0,7542.0,0.5079,12.0,11807.0,0.1469,0.3505,0.2931174089,67984.0,0.7374,0.5786,56996.0,25439.0,92.774
202806,Franklin University,Columbus,OH,Great Lakes,City,Private nonprofit,1,0,3,4,1.0,,,,,,5562.0,0.6196,0.5322,0.2017,0.0778,0.0212,9577.0,9577.0,30696.0,25243.0,10339.0,0.0726,17.0,3021.0,0.3718,0.4057,0.503413746,29655.0,0.359,0.1111,51892.0,20836.0,92.774
202903,Gods Bible School and College,Cincinnati,OH,Great Lakes,City,Private nonprofit,1,0,2,4,2.0,0.7532,,,,,281.0,0.5018,0.7687,0.0391,0.0356,0.0071,7710.0,7710.0,18358.0,9329.0,1073.0,0.9167,9.0,10577.0,0.3669,0.0647,0.35,36501.0,0.8095,0.4048,37722.0,4522.0,92.774
202912,Good Samaritan College of Nursing and Health Science,Cincinnati,OH,Great Lakes,City,Private nonprofit,1,0,2,3,2.0,0.4574,,,,21.0,690.0,0.9304,0.6043,0.3232,0.0464,0.0232,15470.0,15470.0,26627.0,19622.0,5714.0,0.6,9.0,8651.0,0.5098,0.7418,0.4568965517,50996.5,,0.7273,66111.0,20625.0,92.774
203067,Hebrew Union College-Jewish Institute of Religion,New York,NY,Mid East,City,Private nonprofit,1,0,4,4,,,,,,,,,,,,,,,,,7528.0,0.3072,,56811.0,,,,,,,,,107.921
203085,Heidelberg University,Tiffin,OH,Great Lakes,Town,Private nonprofit,1,0,3,4,2.0,0.8579,,551.0,545.0,22.0,915.0,0.4514,0.8262,0.1137,0.024,0.0022,33650.0,33650.0,47025.0,20556.0,6994.0,0.4762,14.0,8859.0,0.366,0.9067,0.3218390805,67418.5,0.7413,0.5198,48466.0,27000.0,92.774
203128,Hiram College,Hiram,OH,Great Lakes,Rural,Private nonprofit,1,0,3,4,2.0,0.9353,,,,,777.0,0.4736,0.5019,0.1055,0.0901,0.0077,27600.0,27600.0,40572.0,21058.0,6756.0,1.0,11.0,12391.0,0.3174,0.5585,0.3757961783,45871.0,0.7186,0.5451,54311.0,27000.0,92.774
203368,John Carroll University,University Heights,OH,Great Lakes,Suburb,Private nonprofit,1,0,3,4,2.0,0.809,1298.0,620.0,610.0,27.0,2274.0,0.4595,0.7964,0.0633,0.0391,0.0286,50500.0,50500.0,65827.0,28746.0,10285.0,1.0,13.0,15871.0,0.2059,0.5466,0.1859861592,97381.0,0.8288,0.7855,62860.0,26000.0,92.774
203447,Kent State University at Ashtabula,Ashtabula,OH,Great Lakes,Town,Public,0,0,2,3,1.0,,,,,,1290.0,0.6388,0.7674,0.0845,0.0667,0.0132,7492.0,17342.0,17513.0,12205.0,8104.0,0.3977,22.0,10219.0,0.3324,0.3762,0.3594029851,50411.0,0.4865,0.2471,45388.0,24500.0,92.774
203456,Kent State University at East Liverpool,East Liverpool,OH,Great Lakes,Town,Public,0,0,2,3,1.0,,,,,,797.0,0.6274,0.788,0.0891,0.0502,0.0075,7492.0,17342.0,18635.0,13392.0,8854.0,0.375,37.0,8513.0,0.2233,0.2817,0.3594029851,50411.0,0.3333,0.2632,45388.0,24500.0,92.774
203465,Kent State University at Stark,North Canton,OH,Great Lakes,Suburb,Public,0,0,2,3,1.0,,,,,,2692.0,0.6296,0.7756,0.0884,0.0383,0.0212,7492.0,17342.0,15936.0,10897.0,8977.0,0.4852,24.0,8382.0,0.2909,0.3606,0.3594029851,50411.0,0.5415,0.3672,45388.0,24500.0,92.774
203474,Kent State University at Trumbull,Warren,OH,Great Lakes,Rural,Public,0,0,2,3,1.0,,,,,,1629.0,0.6483,0.7815,0.1044,0.0417,0.0086,7492.0,17342.0,18371.0,11135.0,8750.0,0.6406,32.0,9801.0,0.3871,0.3461,0.3594029851,50411.0,0.4684,0.3218,45388.0,24500.0,92.774
203483,Kent State University at Tuscarawas,New Philadelphia,OH,Great Lakes,Town,Public,0,0,2,3,1.0,,,,,,1654.0,0.5949,0.8132,0.0701,0.0496,0.0127,7492.0,17342.0,17539.0,12542.0,8067.0,0.395,22.0,9467.0,0.3435,0.3732,0.3594029851,50411.0,0.5,0.3774,45388.0,24500.0,92.774
203492,Kent State University at Salem,Salem,OH,Great Lakes,Rural,Public,0,0,2,3,1.0,,,,,,1164.0,0.7148,0.8076,0.0859,0.0387,0.0077,7492.0,17342.0,18446.0,13799.0,8066.0,0.3867,26.0,9078.0,0.3348,0.3982,0.3594029851,50411.0,0.4722,0.3087,45388.0,24500.0,92.774
203517,Kent State University at Kent,Kent,OH,Great Lakes,Suburb,Public,1,0,3,4,2.0,0.8634,1099.0,555.0,550.0,22.0,19320.0,0.6197,0.7299,0.0969,0.0485,0.0241,13232.0,23082.0,30567.0,20787.0,10622.0,0.6087,20.0,10496.0,0.2851,0.5009,0.3594029851,50411.0,0.8094,0.6372,45388.0,24500.0,92.774
203526,Kent State University at Geauga,Burton,OH,Great Lakes,Rural,Public,0,0,2,3,1.0,,,,,,1601.0,0.644,0.7102,0.1562,0.0531,0.0156,7492.0,17342.0,16480.0,12044.0,7671.0,0.4286,33.0,7534.0,0.247,0.2972,0.3594029851,50411.0,0.4912,0.2027,45388.0,24500.0,92.774
203535,Kenyon College,Gambier,OH,Great Lakes,Rural,Private nonprofit,1,0,3,3,2.0,0.3103,1429.0,715.0,705.0,33.0,1732.0,0.5641,0.657,0.0248,0.082,0.0433,71520.0,71520.0,87590.0,38512.0,9767.0,0.9781,9.0,26237.0,0.0952,0.212,,109673.5,0.9163,0.8234,71830.0,18527.0,92.774
203544,Kettering College,Kettering,OH,Great Lakes,City,Private nonprofit,1,0,3,4,2.0,0.7654,1050.0,,,20.0,549.0,0.8525,0.6339,0.0965,0.0364,0.0383,16320.0,16320.0,32839.0,21650.0,8475.0,0.5487,9.0,10138.0,0.241,0.421,0.4026845638,46615.0,0.7353,0.6512,67492.0,23500.0,92.774
203580,Lake Erie College,Painesville,OH,Great Lakes,Suburb,Private nonprofit,1,0,3,4,2.0,0.7036,,510.0,508.0,20.0,852.0,0.5153,0.5857,0.2148,0.0399,0.007,37634.0,37634.0,50790.0,20961.0,6902.0,0.5055,12.0,5968.0,0.3723,0.5457,0.327014218,54421.0,0.5936,0.3795,50417.0,26000.0,92.774
203678,James A. Rhodes State College,Lima,OH,Great Lakes,Rural,Public,1,0,1,3,1.0,,,,,,1590.0,0.7384,0.817,0.0673,0.0044,0.0082,4560.0,9120.0,14578.0,8757.0,5989.0,0.3509,18.0,4468.0,0.1515,0.0774,0.4724809483,31967.0,,0.4697,41855.0,12000.0,92.774
203748,Lorain County Community College,Elyria,OH,Great Lakes,Suburb,Public,1,0,1,3,1.0,,,,,,5373.0,0.6259,0.6544,0.1139,0.1396,0.0099,4265.0,8860.0,9860.0,3967.0,7880.0,1.0,14.0,9178.0,0.2552,0.0742,0.5126231527,21057.0,,0.3094,38837.0,13680.0,92.774
203757,Lourdes University,Sylvania,OH,Great Lakes,Suburb,Private nonprofit,1,0,3,4,2.0,0.7413,,,,20.0,543.0,0.5341,0.6648,0.1215,0.0866,0.0184,29500.0,29500.0,45378.0,23206.0,5984.0,0.9444,12.0,12048.0,0.2999,0.8102,0.3360488798,45241.5,0.8712,0.3246,48150.0,27000.0,92.774
203775,Malone University,Canton,OH,Great Lakes,City,Private nonprofit,1,0,3,4,2.0,0.7586,1081.0,537.0,549.0,21.0,798.0,0.5689,0.703,0.0576,0.0301,0.0113,37160.0,37160.0,49754.0,20948.0,6917.0,0.3803,14.0,7647.0,0.3252,0.5856,0.3270893372,58891.0,0.7558,0.4498,48909.0,26289.0,92.774
203845,Marietta College,Marietta,OH,Great Lakes,Town,Private nonprofit,1,0,3,4,2.0,0.7931,1088.0,545.0,525.0,21.0,952.0,0.4664,0.834,0.0399,0.0336,0.0032,39652.0,39652.0,53709.0,21083.0,7828.0,1.0,10.0,16371.0,0.3355,0.6866,0.2596153846,69660.0,0.6943,0.6138,57180.0,27000.0,92.774
203881,Marion Technical College,Marion,OH,Great Lakes,Town,Public,1,0,2,3,1.0,,,,,,1475.0,0.5756,0.7769,0.1336,0.0292,0.0088,6595.0,11225.0,13026.0,7417.0,6517.0,1.0,14.0,5665.0,0.2261,0.0798,0.5040214477,27000.0,,0.3062,41495.0,8300.0,92.774
203960,Mercy College of Ohio,Toledo,OH,Great Lakes,City,Private nonprofit,1,0,3,4,2.0,0.9322,947.0,434.0,395.0,19.0,939.0,0.8743,0.6763,0.1725,0.098,0.0138,19470.0,19470.0,30260.0,17989.0,7613.0,0.4627,5.0,11187.0,0.3273,0.4414,0.4932680539,37468.0,0.8667,0.5581,65409.0,20834.0,92.774
203997,Methodist Theological School in Ohio,Delaware,OH,Great Lakes,Suburb,Private nonprofit,1,0,4,4,,,,,,,,,,,,,,,,,7358.0,0.5789,,13387.0,,,,,,,,,92.774
204006,Miami University-Hamilton,Hamilton,OH,Great Lakes,Suburb,Public,0,0,3,4,1.0,,,,,,2043.0,0.5296,0.6681,0.0964,0.0759,0.0489,7491.0,19407.0,15352.0,11286.0,8267.0,1.0,12.0,8465.0,0.3036,0.3245,0.2286336418,79777.0,0.5341,0.2494,55076.0,23000.0,92.774
204015,Miami University-Middletown,Middletown,OH,Great Lakes,Suburb,Public,0,0,3,3,1.0,,,,,,837.0,0.5197,0.7455,0.0729,0.0597,0.0131,7491.0,19407.0,14890.0,10809.0,7731.0,1.0,15.0,7360.0,0.2721,0.2844,0.2286336418,79777.0,0.6667,0.3175,55076.0,23000.0,92.774
204024,Miami University-Oxford,Oxford,OH,Great Lakes,Town,Public,1,0,3,4,2.0,0.754,1317.0,630.0,635.0,27.0,16656.0,0.5211,0.8267,0.0292,0.047,0.0239,18161.0,41221.0,38757.0,28384.0,10834.0,1.0,16.0,11183.0,0.1259,0.3324,0.2286336418,79777.0,0.9014,0.7979,55076.0,23000.0,92.774
204176,Mount Carmel College of Nursing,Columbus,OH,Great Lakes,City,Private nonprofit,1,0,3,4,2.0,0.8429,,,,19.0,532.0,0.8647,0.5902,0.2556,0.0583,0.0602,22080.0,22080.0,21446.0,10420.0,8983.0,0.8462,8.0,13038.0,0.327,0.6522,0.39408867,57843.0,0.8077,0.5385,75103.0,22082.0,92.774
204185,University of Mount Union,Alliance,OH,Great Lakes,Town,Private nonprofit,1,0,3,4,2.0,0.782,1088.0,525.0,555.0,22.0,1995.0,0.4932,0.7774,0.1013,0.0456,0.01,36600.0,36600.0,49276.0,23280.0,7830.0,0.9912,15.0,11301.0,0.2782,0.7644,0.2249240122,74635.0,0.7668,0.5865,53217.0,27000.0,92.774
204194,Mount Vernon Nazarene University,Mount Vernon,OH,Great Lakes,Town,Private nonprofit,1,0,3,4,2.0,0.8415,1131.0,564.0,555.0,22.0,1358.0,0.592,0.7901,0.0191,0.039,0.0118,37158.0,37158.0,49858.0,22421.0,5687.0,0.9605,13.0,7665.0,0.3029,0.5015,0.3759398496,55970.0,0.7941,0.6811,49555.0,25000.0,92.774
204200,Mount St. Joseph University,Cincinnati,OH,Great Lakes,Suburb,Private nonprofit,1,0,3,4,2.0,0.5912,1183.0,539.0,567.0,24.0,1129.0,0.5385,0.7228,0.1399,0.0602,0.0044,38150.0,38150.0,46719.0,16530.0,7744.0,0.9794,12.0,11290.0,0.3031,0.543,0.3781388479,52331.0,0.6873,0.5633,51509.0,26827.0,92.774
204255,Zane State College,Zanesville,OH,Great Lakes,Town,Public,1,0,2,3,1.0,,,,,,715.0,0.551,0.8741,0.0378,0.0224,0.0028,6006.0,11766.0,13935.0,8062.0,5738.0,0.413,17.0,6093.0,0.1834,0.113,0.4825253664,26824.0,,0.4648,35006.0,6834.0,92.774
204264,Muskingum University,New Concord,OH,Great Lakes,Rural,Private nonprofit,1,0,3,4,2.0,0.8184,1017.0,,,,1376.0,0.5327,0.8089,0.0763,0.0334,0.0058,32665.0,32665.0,44658.0,19532.0,7587.0,1.0,14.0,9506.0,0.3911,0.8097,0.3565107459,48426.0,0.7346,0.5637,48440.0,25369.0,92.774
204422,North Central State College,Mansfield,OH,Great Lakes,Rural,Public,1,0,2,3,1.0,,,,,,1273.0,0.6897,0.7769,0.0605,0.0511,0.0079,4624.0,9103.0,10118.0,4687.0,5688.0,1.0,17.0,5201.0,0.2175,0.1469,0.4966118103,28337.0,0.7143,0.3606,38158.0,8252.0,92.774
204477,Northeast Ohio Medical University,Rootstown,OH,Great Lakes,Suburb,Public,1,0,4,4,,,,,,,,,,,,,,,,,11815.0,0.7097,,23383.0,,,,,,,,,92.774
204486,University of Northwestern Ohio,Lima,OH,Great Lakes,Suburb,Private nonprofit,1,0,2,4,1.0,,,,,,2494.0,0.1772,0.7875,0.0505,0.0613,0.008,13875.0,13875.0,26266.0,21807.0,5680.0,1.0,24.0,4987.0,0.3394,0.5836,0.4414168937,44571.5,0.6132,0.5402,50968.0,17084.0,92.774
204501,Oberlin College,Oberlin,OH,Great Lakes,Town,Private nonprofit,1,0,3,4,2.0,0.3418,1447.0,715.0,684.0,32.0,2887.0,0.5902,0.6093,0.0433,0.0918,0.0509,67366.0,67366.0,87404.0,38645.0,11232.0,0.7916,9.0,26123.0,0.0964,0.3102,0.0886699507,111580.0,0.91,0.8089,58343.0,26000.0,92.774
204617,Ohio Dominican University,Columbus,OH,Great Lakes,City,Private nonprofit,1,0,3,4,2.0,0.9423,,,,,760.0,0.4882,0.5118,0.2961,0.0513,0.0211,35720.0,35720.0,47621.0,20079.0,8164.0,0.9219,12.0,8272.0,0.3691,0.566,0.3791469194,50001.0,0.6396,0.4102,51748.0,26000.0,92.774
204635,Ohio Northern University,Ada,OH,Great Lakes,Town,Private nonprofit,1,0,3,4,2.0,0.744,1252.0,590.0,605.0,25.0,2489.0,0.4496,0.8043,0.0293,0.0434,0.0177,39800.0,39800.0,53580.0,24478.0,9306.0,0.7909,13.0,14868.0,0.206,0.5459,0.2356756757,79216.0,0.8433,0.7548,80928.0,27000.0,92.774
204671,Ohio State University-Lima Campus,Lima,OH,Great Lakes,Rural,Public,0,0,3,3,1.0,,,,,,621.0,0.5749,0.781,0.0596,0.0692,0.0274,9488.0,36266.0,19487.0,12940.0,11181.0,0.3871,17.0,12869.0,0.295,0.3356,0.2622386537,64713.5,0.4231,0.2271,60409.0,19976.0,92.774
204680,Ohio State University-Mansfield Campus,Mansfield,OH,Great Lakes,Rural,Public,0,0,2,3,1.0,,,,,,736.0,0.587,0.712,0.1046,0.0611,0.0435,9488.0,36266.0,23623.0,16197.0,10183.0,0.3867,17.0,13305.0,0.3879,0.3701,0.2622386537,64713.5,0.3402,0.1531,60409.0,19976.0,92.774
204699,Ohio State University-Marion Campus,Marion,OH,Great Lakes,Town,Public,0,0,2,3,1.0,,,,,,794.0,0.5101,0.7305,0.0428,0.0479,0.1008,9488.0,36266.0,18928.0,11488.0,10918.0,0.4598,14.0,12546.0,0.2964,0.2964,0.2622386537,64713.5,0.4024,0.2669,60409.0,19976.0,92.774
204705,Ohio State University-Newark Campus,Newark,OH,Great Lakes,Suburb,Public,0,0,2,3,1.0,,,,,,2396.0,0.4871,0.525,0.2391,0.0722,0.0672,9488.0,36266.0,22063.0,14767.0,11805.0,0.3796,29.0,8166.0,0.3922,0.3315,0.2622386537,64713.5,0.2528,0.2915,60409.0,19976.0,92.774
204796,Ohio State University-Main Campus,Columbus,OH,Great Lakes,City,Public,1,0,3,4,2.0,0.6057,1387.0,660.0,685.0,29.0,45638.0,0.505,0.5975,0.0794,0.0581,0.1078,13244.0,40022.0,30305.0,17339.0,14386.0,0.6272,16.0,23612.0,0.2016,0.2877,0.2622386537,64713.5,0.9423,0.8772,60409.0,19976.0,92.774
204802,Ohio University-Eastern Campus,Saint Clairsville,OH,Great Lakes,Rural,Public,0,0,3,3,1.0,,,,,,298.0,0.6711,0.8725,0.0302,0.0134,0.0101,6362.0,9444.0,10777.0,3925.0,8290.0,0.5806,15.0,7404.0,0.0983,0.0722,0.3386957545,58609.0,0.6289,0.2065,52581.0,21056.0,92.774
204820,Ohio University-Chillicothe Campus,Chillicothe,OH,Great Lakes,Town,Public,0,0,2,3,1.0,,,,,,833.0,0.6687,0.8691,0.0312,0.0252,0.0036,6362.0,9444.0,11356.0,5755.0,7891.0,0.3556,17.0,6399.0,0.1587,0.1834,0.3386957545,58609.0,0.669,0.1439,52581.0,21056.0,92.774
204839,Ohio University-Southern Campus,Ironton,OH,Great Lakes,Suburb,Public,0,0,2,3,1.0,,,,,,415.0,0.7084,0.8578,0.0169,0.0289,0.0072,6362.0,9444.0,11607.0,5993.0,7947.0,0.4528,13.0,6942.0,0.1293,0.1226,0.3386957545,58609.0,0.5361,0.2103,52581.0,21056.0,92.774
204848,Ohio University-Lancaster Campus,Lancaster,OH,Great Lakes,Rural,Public,0,0,3,3,1.0,,,,,,691.0,0.6454,0.8408,0.026,0.0405,0.0029,6362.0,9444.0,10984.0,5650.0,8565.0,0.5238,16.0,7398.0,0.1179,0.1173,0.3386957545,58609.0,0.5027,0.1441,52581.0,21056.0,92.774
204857,Ohio University-Main Campus,Athens,OH,Great Lakes,Town,Public,1,0,3,4,2.0,0.8499,1212.0,595.0,585.0,25.0,19633.0,0.6162,0.8159,0.0516,0.0489,0.0146,14158.0,24838.0,30586.0,21637.0,9814.0,0.7494,18.0,10470.0,0.2121,0.4753,0.3386957545,58609.0,0.8389,0.6545,52581.0,21056.0,92.774
204866,Ohio University-Zanesville Campus,Zanesville,OH,Great Lakes,Town,Public,0,0,2,3,1.0,,,,,,560.0,0.7643,0.8464,0.0304,0.025,0.0054,6362.0,9444.0,11041.0,5746.0,8667.0,0.4384,13.0,7443.0,0.1301,0.1362,0.3386957545,58609.0,0.5957,0.216,52581.0,21056.0,92.774
204909,Ohio Wesleyan University,Delaware,OH,Great Lakes,Suburb,Private nonprofit,1,0,3,3,2.0,0.556,,650.0,650.0,25.0,1516.0,0.564,0.7117,0.095,0.0627,0.0237,53888.0,53888.0,68424.0,20897.0,8792.0,0.5799,12.0,15050.0,0.2817,0.6205,0.2150537634,65861.0,0.8474,0.5857,55624.0,27000.0,92.774
204936,Otterbein University,Westerville,OH,Great Lakes,Suburb,Private nonprofit,1,0,3,4,2.0,0.8453,1220.0,565.0,566.0,23.0,2157.0,0.6027,0.6885,0.1252,0.0542,0.0352,35548.0,35548.0,48321.0,19237.0,8630.0,0.4508,12.0,11946.0,0.3063,0.5314,0.2612440191,75003.0,0.7992,0.6788,53313.0,26000.0,92.774
204990,Payne Theological Seminary,Wilberforce,OH,Great Lakes,Rural,Private nonprofit,1,0,4,4,,,,,,,,,,,,,,,,,4978.0,1.0,,7769.0,,,,,,,,,92.774
205027,Pontifical College Josephinum,Columbus,OH,Great Lakes,City,Private nonprofit,1,0,3,4,2.0,0.9583,,,,,60.0,0.0,0.8667,0.0333,0.0333,0.0,28691.0,28691.0,,,5595.0,1.0,5.0,38872.0,0.0667,0.2222,,43460.5,1.0,0.3158,,,92.774
205054,Professional Skills Institute,Maumee,OH,Great Lakes,Suburb,Private for-profit,1,0,2,3,2.0,0.8312,,,,,395.0,0.9215,0.2785,0.6051,0.0354,0.0025,15884.0,15884.0,27427.0,20721.0,5683.0,0.3846,17.0,6981.0,0.7264,0.8607,0.4921700224,19101.0,0.75,0.4348,47765.0,17813.0,92.774
205124,Rabbinical College Telshe,Wickliffe,OH,Great Lakes,Suburb,Private nonprofit,1,0,3,3,2.0,0.8333,,,,,50.0,0.0,1.0,0.0,0.0,0.0,18000.0,18000.0,25000.0,10398.0,4754.0,0.5,13.0,14166.0,0.3684,0.0,,38516.5,0.8235,0.5263,,,92.774
205203,University of Rio Grande,Rio Grande,OH,Great Lakes,Rural,Private nonprofit,1,0,2,4,1.0,,,,,,1400.0,0.5636,0.6307,0.0386,0.0114,0.0036,20560.0,20560.0,33716.0,23686.0,6655.0,0.418,20.0,6201.0,0.3363,0.5407,0.5242451967,29830.0,0.5625,0.3602,41478.0,17750.0,92.774
205391,The Modern College of Design,Kettering,OH,Great Lakes,City,Private for-profit,1,0,2,3,2.0,0.917,,,,,211.0,0.6777,0.8104,0.0758,0.0664,0.0142,31468.0,31468.0,47229.0,39359.0,6410.0,0.2727,6.0,9165.0,0.5333,0.8564,0.3641304348,61366.0,,0.6905,42187.0,12000.0,92.774
205443,Shawnee State University,Portsmouth,OH,Great Lakes,Town,Public,1,0,3,4,1.0,,,,,,2247.0,0.5812,0.7067,0.0387,0.0022,0.0067,10626.0,17358.0,21974.0,14381.0,7368.0,0.4306,12.0,6719.0,0.3856,0.386,0.4326872708,34861.0,0.7199,0.4811,39596.0,23000.0,92.774
205470,Sinclair Community College,Dayton,OH,Great Lakes,City,Public,1,0,1,3,1.0,,,,,,13308.0,0.5654,0.6037,0.1807,0.0564,0.0191,3675.0,8556.0,11003.0,5992.0,8506.0,0.321,16.0,6687.0,0.3107,0.2105,0.4523201076,24543.0,0.8,0.4111,37558.0,12000.0,92.774
205957,Franciscan University of Steubenville,Steubenville,OH,Great Lakes,City,Private nonprofit,1,0,3,4,2.0,0.5836,1220.0,615.0,590.0,25.0,2901.0,0.5371,0.7308,0.0117,0.1703,0.0276,34100.0,34100.0,44580.0,23589.0,6622.0,1.0,17.0,7038.0,0.2304,0.5252,0.1091370558,88379.5,0.8748,0.7545,50030.0,23384.0,92.774
206048,Tiffin University,Tiffin,OH,Great Lakes,Town,Private nonprofit,1,0,3,4,2.0,0.8005,986.0,,,,2051.0,0.5027,0.5261,0.1599,0.0054,0.0249,34790.0,34790.0,48004.0,26500.0,7387.0,1.0,22.0,4796.0,0.3147,0.5013,0.384279476,42858.0,0.7158,0.3987,35942.0,27000.0,92.774
206084,University of Toledo,Toledo,OH,Great Lakes,City,Public,1,0,3,4,2.0,0.9202,1235.0,570.0,585.0,25.0,9770.0,0.5121,0.6474,0.1058,0.0693,0.0364,12744.0,22104.0,26512.0,17249.0,10195.0,0.7449,18.0,15494.0,0.2746,0.3632,0.3344627299,48412.0,0.773,0.5704,50632.0,22250.0,92.774
206154,Tri-State Bible College,South Point,OH,Great Lakes,Suburb,Private nonprofit,1,0,3,3,1.0,,,,,,17.0,0.2353,1.0,0.0,0.0,0.0,9100.0,9100.0,,,,,1.0,2428.0,0.6,0.1333,,11956.0,,0.0,31675.0,,92.774
206288,United Theological Seminary,Dayton,OH,Great Lakes,Suburb,Private nonprofit,1,0,4,4,,,,,,,,,,,,,,,,,7463.0,0.6087,,5734.0,,,,,,,,,92.774
206349,Ursuline College,Pepper Pike,OH,Great Lakes,Suburb,Private nonprofit,1,0,3,4,2.0,0.7493,1097.0,584.0,522.0,23.0,670.0,0.9224,0.4985,0.2836,0.0239,0.0313,38990.0,38990.0,50523.0,16164.0,6612.0,0.3865,8.0,7706.0,0.4301,0.8524,0.3440233236,37541.0,0.7018,0.6667,56878.0,26250.0,92.774
206437,Walsh University,North Canton,OH,Great Lakes,Suburb,Private nonprofit,1,0,3,4,2.0,0.7074,1193.0,553.0,575.0,23.0,1390.0,0.4712,0.5475,0.0489,0.0266,0.0101,35745.0,35745.0,47575.0,20493.0,5760.0,1.0,14.0,8346.0,0.2736,0.5221,0.3418259023,65293.5,0.7237,0.585,59764.0,27000.0,92.774
206446,Washington State College of Ohio,Marietta,OH,Great Lakes,Town,Public,1,0,2,3,1.0,,,,,,1484.0,0.6819,0.8848,0.0155,0.0236,0.0088,4128.0,4152.0,12847.0,7714.0,6945.0,0.2826,14.0,3940.0,0.2981,0.2169,0.4715099715,27858.0,,0.3238,37988.0,11000.0,92.774
206491,Wilberforce University,Wilberforce,OH,Great Lakes,Rural,Private nonprofit,1,1,3,4,2.0,0.405,,515.0,449.0,18.0,822.0,0.5304,0.0024,0.9927,0.0,0.0,16448.0,16448.0,25676.0,5567.0,7300.0,0.6029,12.0,5667.0,0.7409,0.9734,0.4649681529,17329.0,0.7417,0.1202,38298.0,26468.0,92.774
206507,Wilmington College,Wilmington,OH,Great Lakes,Town,Private nonprofit,1,0,3,4,2.0,0.924,1029.0,525.0,530.0,20.0,1006.0,0.5298,0.7087,0.1213,0.0308,0.006,32082.0,32082.0,43431.0,24153.0,6539.0,0.5593,12.0,5718.0,0.3885,0.7608,0.3507462687,58976.5,0.7203,0.4727,48491.0,24208.0,92.774
206516,Winebrenner Theological Seminary,Findlay,OH,Great Lakes,Town,Private nonprofit,1,0,4,4,,,,,,,,,,,,,,,,,4827.0,,,4375.0,,,,,,,,,92.774
206525,Wittenberg University,Springfield,OH,Great Lakes,City,Private nonprofit,1,0,3,4,2.0,0.7235,1179.0,570.0,550.0,23.0,1215.0,0.4765,0.6996,0.1284,0.0593,0.0132,45940.0,45940.0,57799.0,18649.0,7827.0,0.7536,12.0,13725.0,0.3486,0.854,0.2356902357,69012.0,0.6345,0.5269,54947.0,27000.0,92.774
206589,The College of Wooster,Wooster,OH,Great Lakes,Town,Private nonprofit,1,0,3,3,2.0,0.5953,1353.0,670.0,655.0,29.0,1730.0,0.5283,0.6121,0.096,0.0538,0.0405,61640.0,61640.0,75656.0,23458.0,8909.0,0.8278,10.0,17263.0,0.209,0.4467,0.1433389545,88984.5,0.8208,0.7394,59629.0,26500.0,92.774
206604,Wright State University-Main Campus,Dayton,OH,Great Lakes,Suburb,Public,1,0,3,4,2.0,0.9633,,555.0,543.0,21.0,6762.0,0.5535,0.672,0.1154,0.0478,0.0321,11522.0,21222.0,24373.0,15415.0,10222.0,0.5679,16.0,11536.0,0.3447,0.4174,0.3512629475,45025.0,0.6793,0.4169,49500.0,22750.0,92.774
206613,Wright State University-Lake Campus,Celina,OH,Great Lakes,Rural,Public,0,0,3,3,1.0,,,395.0,445.0,21.0,892.0,0.6087,0.8924,0.0235,0.028,0.0123,7728.0,17428.0,16340.0,11081.0,11112.0,0.5556,13.0,5908.0,0.2117,0.2382,0.3512629475,45025.0,0.6059,0.4091,49500.0,22750.0,92.774
206622,Xavier University,Cincinnati,OH,Great Lakes,City,Private nonprofit,1,0,3,4,2.0,0.8641,1217.0,600.0,585.0,25.0,4207.0,0.5498,0.7262,0.1188,0.0694,0.0178,50640.0,50640.0,65476.0,32997.0,9257.0,0.5782,10.0,13013.0,0.1627,0.5254,0.1603348358,93802.0,0.7747,0.6865,64873.0,23250.0,92.774
206695,Youngstown State University,Youngstown,OH,Great Lakes,City,Public,1,0,3,4,2.0,0.8445,1120.0,530.0,525.0,21.0,7961.0,0.5503,0.6565,0.08,0.0486,0.0161,11113.0,11473.0,21708.0,12767.0,8731.0,0.9032,20.0,8188.0,0.3378,0.3846,0.3843734881,42139.0,0.7573,0.5048,41544.0,24000.0,92.774
206835,Oklahoma Wesleyan University,Bartlesville,OK,Southwest,Town,Private nonprofit,1,0,3,4,2.0,0.6617,,505.0,500.0,20.0,673.0,0.4591,0.5126,0.0936,0.162,0.0104,33550.0,33550.0,44743.0,28358.0,5562.0,0.2727,15.0,5716.0,0.2925,0.5194,0.4082568807,50830.0,0.5,0.3476,59841.0,24813.0,87.843
206862,Southern Nazarene University,Bethany,OK,Southwest,Suburb,Private nonprofit,1,0,3,4,1.0,,,,,,1455.0,0.5485,0.4914,0.1313,0.1835,0.0124,31190.0,31190.0,46465.0,22084.0,6779.0,0.4953,15.0,7999.0,0.4696,0.6038,0.3804713805,46277.0,0.7286,0.5051,54951.0,21900.0,87.843
206914,Cameron University,Lawton,OK,Southwest,City,Public,1,0,3,4,1.0,,,,,,2492.0,0.6348,0.445,0.0947,0.1866,0.0225,7095.0,16515.0,19862.0,10912.0,7155.0,0.5189,18.0,9215.0,0.3884,0.2605,0.469858156,27268.0,0.672,0.3067,40118.0,21500.0,87.843
206941,University of Central Oklahoma,Edmond,OK,Southwest,Suburb,Public,1,0,3,4,2.0,0.7812,1090.0,,,21.0,10170.0,0.6215,0.509,0.0831,0.1553,0.0456,8818.0,19704.0,26392.0,18309.0,8207.0,1.0,18.0,10973.0,0.3649,0.3317,0.3719072667,35444.0,0.6523,0.3676,48351.0,21000.0,87.843
207041,East Central University,Ada,OK,Southwest,Town,Public,1,0,3,4,2.0,0.5815,1049.0,424.0,497.0,20.0,2467.0,0.5967,0.4674,0.0657,0.0912,0.0061,8032.0,17842.0,18459.0,8683.0,5650.0,1.0,18.0,6556.0,0.45,0.3593,0.4641319943,35364.0,0.6061,0.3442,44962.0,17671.0,87.843
207157,Randall University,Moore,OK,Southwest,Suburb,Private nonprofit,1,0,3,4,2.0,0.5786,980.0,505.0,465.0,18.0,267.0,0.3783,0.4082,0.0412,0.2697,0.0037,17714.0,17714.0,26126.0,16383.0,3236.0,0.2778,11.0,3755.0,0.3737,0.2776,0.4020100503,34143.0,0.5625,0.2639,42051.0,22626.0,87.843
207209,Langston University,Langston,OK,Southwest,Rural,Public,1,1,2,4,1.0,,,,,,1742.0,0.5735,0.0299,0.7463,0.0568,0.004,6863.0,14616.0,21394.0,11504.0,6261.0,0.7551,17.0,8500.0,0.6781,0.6007,0.3640776699,25135.0,0.5394,0.1684,33261.0,26000.0,87.843
207236,Murray State College,Tishomingo,OK,Southwest,Rural,Public,1,0,2,3,1.0,,,,,,1786.0,0.7088,0.4832,0.028,0.1008,0.0017,7230.0,11430.0,20726.0,12844.0,5150.0,1.0,18.0,4571.0,0.2867,0.395,0.5573089701,26278.5,,0.2713,36545.0,13387.0,87.843
207254,Spartan College of Aeronautics and Technology,Tulsa,OK,Southwest,City,Private for-profit,1,0,2,3,1.0,,,,,,840.0,0.106,0.4952,0.1214,0.1071,0.0393,20940.0,20940.0,36273.0,29776.0,4911.0,,8.0,9495.0,0.0919,0.0636,0.4952681388,26896.0,,0.5139,49944.0,16750.0,87.843
207263,Northeastern State University,Tahlequah,OK,Southwest,Town,Public,1,0,3,4,2.0,0.9959,1049.0,517.0,465.0,20.0,4772.0,0.6174,0.4049,0.049,0.0878,0.026,7810.0,17290.0,21551.0,12710.0,8084.0,0.7423,16.0,11563.0,0.4509,0.359,0.418079096,30816.0,0.605,0.3536,45379.0,17367.0,87.843
207306,Northwestern Oklahoma State University,Alva,OK,Southwest,Town,Public,1,0,3,4,2.0,0.6545,1003.0,485.0,485.0,20.0,1498.0,0.5774,0.6041,0.0761,0.1475,0.0053,5970.0,11664.0,18672.0,10104.0,7182.0,0.5617,15.0,8667.0,0.4142,0.3724,0.430952381,39030.0,0.6507,0.3035,44358.0,17355.0,87.843
207315,Oklahoma State University Center for Health Sciences,Tulsa,OK,Southwest,City,Public,1,0,4,4,,,,,,,,,,,,,,,,,,,,52843.0,,,,,,,,,87.843
207324,Oklahoma Christian University,Edmond,OK,Southwest,City,Private nonprofit,1,0,3,4,2.0,0.9654,1122.0,560.0,550.0,23.0,1885.0,0.557,0.6149,0.13,0.1072,0.0212,27180.0,27180.0,39106.0,21872.0,6798.0,0.203,19.0,6440.0,0.3302,0.4495,0.1784172662,74627.0,0.7252,0.5551,49203.0,26000.0,87.843
207342,University of Oklahoma-Health Sciences Center,Oklahoma City,OK,Southwest,City,Public,0,0,3,4,,,,,,,1214.0,0.8756,0.57,0.0527,0.1293,0.07,,,,,9873.0,0.6729,8.0,84869.0,0.2861,0.5223,0.2836890989,50976.0,,,63126.0,20654.0,87.843
207351,Oklahoma Panhandle State University,Goodwell,OK,Southwest,Rural,Public,1,0,3,3,1.0,,,,,,917.0,0.5529,0.4602,0.1189,0.2312,0.012,8092.0,8673.0,15055.0,7413.0,5225.0,0.5,17.0,7665.0,0.4771,0.6359,0.4123314066,40463.0,0.5591,0.2094,44933.0,12500.0,87.843
207388,Oklahoma State University-Main Campus,Stillwater,OK,Southwest,Town,Public,1,0,3,4,2.0,0.7504,1150.0,580.0,570.0,24.0,21773.0,0.5277,0.6583,0.0417,0.1041,0.0193,10234.0,25754.0,28290.0,17447.0,10704.0,0.8585,19.0,10663.0,0.2799,0.3716,0.2863196126,48983.0,0.8478,0.6817,57413.0,20500.0,87.843
207397,Oklahoma State University-Oklahoma City,Oklahoma City,OK,Southwest,City,Public,1,0,2,3,1.0,,,,,,3514.0,0.6554,0.5017,0.1249,0.1935,0.0191,3779.0,9564.0,12881.0,7081.0,6789.0,1.0,17.0,6699.0,0.3166,0.1952,0.4842718447,26054.0,,0.1485,41307.0,14250.0,87.843
207403,Oklahoma Baptist University,Shawnee,OK,Southwest,Town,Private nonprofit,1,0,3,4,2.0,0.4941,1024.0,560.0,535.0,22.0,1308.0,0.5474,0.6231,0.0635,0.0352,0.0183,35570.0,35570.0,48695.0,20958.0,8621.0,0.4719,16.0,10243.0,0.1739,0.2314,0.2573696145,51701.0,0.7166,0.5237,48434.0,24801.0,87.843
207458,Oklahoma City University,Oklahoma City,OK,Southwest,City,Private nonprofit,1,0,3,4,2.0,0.7702,1177.0,585.0,552.0,25.0,1514.0,0.6618,0.609,0.0608,0.1321,0.0291,35648.0,35648.0,47247.0,22857.0,7805.0,0.5792,11.0,15051.0,0.2391,0.4485,0.2679355783,65071.5,0.8391,0.6488,54655.0,20835.0,87.843
207500,University of Oklahoma-Norman Campus,Norman,OK,Southwest,Suburb,Public,1,0,3,4,2.0,0.766,1246.0,625.0,620.0,26.0,22734.0,0.5213,0.5527,0.0525,0.147,0.0711,9797.0,27377.0,28872.0,15300.0,11610.0,0.8481,18.0,14268.0,0.2497,0.3231,0.2836890989,50976.0,0.9,0.7533,63126.0,20654.0,87.843
207564,Oklahoma State University Institute of Technology,Okmulgee,OK,Southwest,Town,Public,1,0,2,3,1.0,,,,,,2028.0,0.3407,0.5123,0.0572,0.1105,0.0133,5774.0,11384.0,17256.0,10999.0,5185.0,0.4969,16.0,8416.0,0.4152,0.3285,0.4350433045,29751.0,,0.4239,45634.0,11334.0,87.843
207582,Oral Roberts University,Tulsa,OK,Southwest,City,Private nonprofit,1,0,3,4,2.0,0.989,1196.0,535.0,520.0,23.0,3487.0,0.5781,0.3295,0.1302,0.158,0.0433,35470.0,35470.0,50004.0,25365.0,7834.0,0.3957,18.0,6864.0,0.2843,0.416,0.309352518,43800.5,0.8049,0.5683,46885.0,27000.0,87.843
207661,Rogers State University,Claremore,OK,Southwest,Town,Public,1,0,3,4,1.0,,,,,,2657.0,0.5992,0.5149,0.0452,0.0933,0.0267,7750.0,16410.0,21064.0,15314.0,6427.0,0.4293,18.0,5581.0,0.4014,0.3659,0.425519955,32701.0,0.6965,0.2896,43166.0,20500.0,87.843
207722,University of Science and Arts of Oklahoma,Chickasha,OK,Southwest,Town,Public,1,0,3,3,2.0,0.6582,1152.0,,,,941.0,0.6514,0.5792,0.0351,0.119,0.0043,9000.0,20190.0,20662.0,6624.0,6356.0,0.4952,13.0,8206.0,0.512,0.372,0.4317617866,34238.0,0.663,0.4413,41913.0,21750.0,87.843
207847,Southeastern Oklahoma State University,Durant,OK,Southwest,Town,Public,1,0,3,4,2.0,0.7643,1087.0,490.0,490.0,20.0,3018.0,0.5765,0.5262,0.0643,0.0971,0.0089,7530.0,16740.0,18594.0,8039.0,7173.0,1.0,25.0,7498.0,0.416,0.3143,0.4446130501,32051.0,0.6343,0.3154,45079.0,17000.0,87.843
207856,Southwestern Christian University,Bethany,OK,Southwest,Suburb,Private nonprofit,1,0,3,4,1.0,,,,,,377.0,0.3846,0.4164,0.1141,0.0875,0.0027,21900.0,21900.0,33305.0,20146.0,5229.0,0.3276,13.0,4001.0,0.4672,0.4644,0.403892944,31144.5,0.5789,0.1613,40391.0,20715.0,87.843
207865,Southwestern Oklahoma State University,Weatherford,OK,Southwest,Town,Public,1,0,3,4,1.0,,,,,20.0,3514.0,0.6244,0.5999,0.0518,0.1429,0.0105,8469.0,8499.0,23334.0,14459.0,7875.0,0.9953,19.0,10504.0,0.389,0.3091,0.4062827225,41302.0,0.677,0.3969,45744.0,15954.0,87.843
207971,University of Tulsa,Tulsa,OK,Southwest,City,Private nonprofit,1,0,3,4,2.0,0.6151,1389.0,605.0,615.0,26.0,2813.0,0.5215,0.4966,0.0739,0.1269,0.08,50061.0,50061.0,64459.0,15000.0,12082.0,0.7055,10.0,18075.0,0.2696,0.3288,0.2284946237,56709.0,0.9211,0.7229,61408.0,21500.0,87.843
208390,Chemeketa Community College,Salem,OR,Far West,Suburb,Public,1,0,2,3,1.0,,,,,,6610.0,0.5654,0.502,0.0147,0.3605,0.0197,6345.0,14040.0,16151.0,8200.0,8834.0,0.4176,22.0,10850.0,0.3692,0.1738,0.487960688,25181.5,,0.2134,40968.0,12822.0,103.361
208512,Sumner College,Portland,OR,Far West,City,Private for-profit,1,0,1,3,2.0,0.8889,,,,,532.0,0.7688,0.4925,0.2256,0.1297,0.0263,,,,29411.0,4167.0,0.2714,13.0,3840.0,0.3325,0.6359,0.4081632653,32309.0,1.0,0.8333,46639.0,16500.0,103.361
208646,Eastern Oregon University,La Grande,OR,Far West,Town,Public,1,0,3,4,2.0,0.9831,,,,,2172.0,0.5806,0.657,0.0193,0.1506,0.0101,11076.0,25431.0,26718.0,17148.0,8548.0,0.5587,14.0,7792.0,0.3475,0.371,0.46485623,32240.0,0.7148,0.43,50112.0,20500.0,103.361
208725,New Hope Christian College-Eugene,Eugene,OR,Far West,City,Private nonprofit,1,0,3,3,2.0,0.8,,,,,56.0,0.4464,0.4286,0.0357,0.1786,0.0357,17620.0,17620.0,30849.0,21600.0,,,13.0,15268.0,0.6444,0.6667,,22167.0,0.6667,0.5172,31115.0,27000.0,103.361
208822,George Fox University,Newberg,OR,Far West,Town,Private nonprofit,1,0,3,4,2.0,0.9351,1197.0,620.0,600.0,23.0,2699.0,0.5847,0.6621,0.0182,0.1627,0.0456,42750.0,42750.0,58644.0,31679.0,8565.0,0.3449,17.0,13166.0,0.2344,0.5409,0.2756302521,65806.0,0.8344,0.7196,59761.0,24250.0,103.361
209056,Lewis & Clark College,Portland,OR,Far West,City,Private nonprofit,1,0,3,4,2.0,0.7849,,690.0,640.0,30.0,2120.0,0.6321,0.6316,0.0283,0.1307,0.0472,64828.0,64828.0,79987.0,36013.0,10908.0,0.9717,12.0,17689.0,0.2028,0.6586,0.173380035,76292.0,0.8881,0.7536,62205.0,19500.0,103.361
209065,Linfield University,McMinnville,OR,Far West,Town,Private nonprofit,1,0,3,4,2.0,0.8517,,,,,1621.0,0.644,0.5743,0.0191,0.232,0.0592,50850.0,50850.0,65935.0,26536.0,7672.0,1.0,10.0,14007.0,0.3033,0.8391,0.3032258065,61012.0,0.7971,0.7046,78638.0,25000.0,103.361
209241,Mount Angel Seminary,Saint Benedict,OR,Far West,Rural,Private nonprofit,1,0,3,4,2.0,1.0,,,,,38.0,0.0,0.2895,0.0263,0.4211,0.1053,31490.0,31490.0,,,8584.0,0.6571,6.0,18169.0,0.1765,0.0882,,,1.0,0.5,57436.0,,103.361
209296,National University of Natural Medicine,Portland,OR,Far West,City,Private nonprofit,1,0,3,4,,,,,,,41.0,0.9512,0.3902,0.0244,0.122,0.0244,,,,,8403.0,0.16,9.0,15782.0,0.5769,0.5385,,35142.0,,,,,103.361
209409,Bushnell University,Eugene,OR,Far West,City,Private nonprofit,1,0,3,4,2.0,0.6728,1020.0,608.0,570.0,18.0,517.0,0.5416,0.6015,0.0271,0.1702,0.0329,35800.0,35800.0,47143.0,20789.0,6083.0,1.0,12.0,6850.0,0.3271,0.6075,0.3476923077,45289.5,0.759,0.56,53623.0,23500.0,103.361
209490,Oregon Health & Science University,Portland,OR,Far West,City,Public,1,0,3,4,,,,,,,836.0,0.8158,0.6244,0.0239,0.2057,0.0598,,,,,13120.0,0.6164,5.0,92948.0,0.2893,0.5647,0.3155416013,19006.0,,,101028.0,16625.0,103.361
209506,Oregon Institute of Technology,Klamath Falls,OR,Far West,Town,Public,1,0,3,4,2.0,0.9502,1150.0,594.0,589.0,25.0,2892.0,0.4879,0.6373,0.0163,0.1846,0.065,13260.0,37196.0,27524.0,15706.0,8845.0,0.9394,17.0,10507.0,0.1786,0.2245,0.3946564885,36182.0,0.6898,0.5378,72273.0,22500.0,103.361
209542,Oregon State University,Corvallis,OR,Far West,City,Public,1,0,3,4,2.0,0.773,1290.0,620.0,625.0,25.0,30743.0,0.4919,0.6343,0.0217,0.1316,0.0808,14400.0,38190.0,31653.0,19604.0,11437.0,0.7838,18.0,12607.0,0.2277,0.3255,0.31369606,44450.0,0.8776,0.7011,64010.0,21221.0,103.361
209551,University of Oregon,Eugene,OR,Far West,City,Public,1,0,3,4,2.0,0.883,1272.0,,,,20497.0,0.562,0.6069,0.0297,0.1681,0.0696,16137.0,44598.0,34793.0,22182.0,12404.0,0.7145,19.0,15863.0,0.2135,0.2929,0.2844585749,51607.0,0.864,0.7169,61324.0,20139.0,103.361
209603,Pacific Northwest College of Art,Portland,OR,Far West,City,Private nonprofit,1,0,3,4,2.0,0.7485,,,,,420.0,0.7857,0.5905,0.0476,0.1762,0.0262,49006.0,49006.0,70376.0,35785.0,8311.0,0.1905,9.0,16928.0,0.4053,0.5218,0.1796407186,47348.0,0.6949,0.2913,34883.0,25000.0,103.361
209612,Pacific University,Forest Grove,OR,Far West,Suburb,Private nonprofit,1,0,3,4,2.0,0.8956,1090.0,600.0,600.0,23.0,1516.0,0.5613,0.4175,0.027,0.1999,0.1332,56374.0,56374.0,72374.0,35273.0,9129.0,0.6848,10.0,12774.0,0.2777,0.8053,0.2857142857,64458.0,0.7945,0.6698,60583.0,23223.0,103.361
209807,Portland State University,Portland,OR,Far West,City,Public,1,0,3,4,2.0,0.9087,,575.0,550.0,21.0,13182.0,0.5617,0.4654,0.0566,0.2321,0.1006,11679.0,31074.0,21590.0,9552.0,11893.0,0.5679,17.0,13280.0,0.4165,0.3227,0.391093011,25986.0,0.7611,0.5266,57906.0,20500.0,103.361
209825,University of Portland,Portland,OR,Far West,City,Private nonprofit,1,0,3,4,2.0,0.8917,1277.0,643.0,620.0,29.0,2957.0,0.6496,0.3791,0.0301,0.2134,0.2191,58100.0,58100.0,73224.0,28210.0,10167.0,0.5891,9.0,19056.0,0.221,0.3862,0.1792792793,90442.5,0.8832,0.7984,82804.0,21370.0,103.361
209922,Reed College,Portland,OR,Far West,City,Private nonprofit,1,0,3,4,2.0,0.2461,1437.0,,,,1320.0,0.5856,0.5826,0.0167,0.1227,0.0811,69350.0,69350.0,86376.0,33013.0,12578.0,0.9535,9.0,30286.0,0.1459,0.3975,,93231.0,0.8764,0.7147,62927.0,21500.0,103.361
210146,Southern Oregon University,Ashland,OR,Far West,Suburb,Public,1,0,3,4,2.0,0.8862,,565.0,540.0,22.0,2751.0,0.634,0.5333,0.0167,0.1396,0.0156,12762.0,31887.0,27636.0,16732.0,9721.0,0.5603,23.0,10493.0,0.2486,0.2814,0.4037692747,32578.0,0.6785,0.4253,49175.0,20332.0,103.361
210304,Warner Pacific University,Portland,OR,Far West,City,Private nonprofit,1,0,3,3,2.0,0.7114,,,,,375.0,0.6027,0.3307,0.1173,0.3147,0.12,22220.0,22220.0,38948.0,25629.0,6822.0,1.0,14.0,7444.0,0.4786,0.6604,0.4658869396,35115.0,0.9167,0.4918,55204.0,25000.0,103.361
210331,Corban University,Salem,OR,Far West,City,Private nonprofit,1,0,3,4,2.0,0.939,,554.0,530.0,24.0,678.0,0.5295,0.5988,0.0251,0.1593,0.0147,40280.0,40280.0,52019.0,28035.0,6449.0,0.4343,17.0,5172.0,0.2497,0.3446,0.2252427184,67205.0,0.777,0.6059,48917.0,22625.0,103.361
210368,Western Seminary,Portland,OR,Far West,City,Private nonprofit,1,0,4,4,,,,,,,,,,,,,,,,,6955.0,0.2703,,11938.0,,,,,,,,,103.361
210401,Willamette University,Salem,OR,Far West,City,Private nonprofit,1,0,3,4,2.0,0.7709,1377.0,,,,1592.0,0.6187,0.6501,0.0245,0.1489,0.0389,51156.0,51156.0,67501.0,25121.0,11083.0,0.6897,13.0,15686.0,0.2355,0.3934,0.192,73572.0,0.8651,0.7124,56911.0,21500.0,103.361
210429,Western Oregon University,Monmouth,OR,Far West,Town,Public,1,0,3,4,2.0,0.981,,,,,3103.0,0.6429,0.5546,0.0309,0.272,0.0261,11879.0,32534.0,25062.0,17237.0,7388.0,0.7405,13.0,9229.0,0.4113,0.738,0.4193877551,41710.0,0.7274,0.4712,51815.0,20609.0,103.361
210438,University of Western States,Portland,OR,Far West,City,Private nonprofit,1,0,3,4,,,,,,,0.0,0.0,0.0,0.0,0.0,0.0,,,,,7650.0,0.2848,,8511.0,,,,8829.0,,,27382.0,,103.361
210492,Bryn Athyn College of the New Church,Bryn Athyn,PA,Mid East,Suburb,Private nonprofit,1,0,3,4,2.0,0.8294,,600.0,534.0,28.0,244.0,0.4713,0.5738,0.168,0.082,0.0287,28917.0,28917.0,41093.0,20586.0,7653.0,0.6667,8.0,15919.0,0.4029,0.6557,0.3381294964,53222.0,0.7333,0.6774,40457.0,22250.0,97.572
210508,Academy of Vocal Arts,Philadelphia,PA,Mid East,City,Private nonprofit,1,0,4,4,,,,,,,,,,,,,,,,,,,,,,,,,,,,,97.572
210571,Albright College,Reading,PA,Mid East,City,Private nonprofit,1,0,3,4,2.0,0.7633,,,,,1217.0,0.5316,0.4421,0.2128,0.2161,0.023,29082.0,29082.0,43711.0,20024.0,6685.0,0.6569,11.0,13903.0,0.5004,0.735,0.3605263158,47557.0,0.6167,0.507,58700.0,27000.0,97.572
210669,Allegheny College,Meadville,PA,Mid East,Town,Private nonprofit,1,0,3,3,2.0,0.5457,1275.0,630.0,615.0,26.0,1156.0,0.5147,0.6912,0.09,0.0692,0.026,56550.0,56550.0,71348.0,22940.0,8582.0,0.7853,8.0,17999.0,0.2849,0.5633,0.2213333333,65273.0,0.7794,0.7255,62069.0,27000.0,97.572
210739,DeSales University,Center Valley,PA,Mid East,Suburb,Private nonprofit,1,0,3,4,2.0,0.7709,1186.0,595.0,575.0,26.0,2128.0,0.6363,0.6809,0.0569,0.1621,0.0536,46800.0,46800.0,62745.0,31643.0,8905.0,0.4088,12.0,11727.0,0.2378,0.6384,0.2954747116,65095.0,0.8303,0.722,61295.0,25788.0,97.572
210775,Alvernia University,Reading,PA,Mid East,City,Private nonprofit,1,0,3,4,2.0,0.5806,1170.0,,,,2152.0,0.645,0.6069,0.1078,0.1705,0.0158,45000.0,45000.0,57565.0,28138.0,8028.0,1.0,14.0,8245.0,0.3624,0.8254,0.4500458295,52761.0,0.7198,0.5553,55055.0,27000.0,97.572
210809,American College of Financial Services,King of Prussia,PA,Mid East,Suburb,Private nonprofit,1,0,1,4,,,,,,,5144.0,0.2562,0.4621,0.0399,0.0249,0.035,,,,,9962.0,1.0,67.0,4345.0,0.0,0.0,,,,,,,97.572
211088,Arcadia University,Glenside,PA,Mid East,Suburb,Private nonprofit,1,0,3,4,2.0,0.8022,1190.0,600.0,580.0,25.0,1948.0,0.6299,0.5477,0.1679,0.117,0.0411,49610.0,49610.0,64645.0,29466.0,8854.0,0.3662,10.0,10749.0,0.2831,0.6148,0.3067010309,66802.0,0.788,0.6674,58336.0,27000.0,97.572
211273,Bryn Mawr College,Bryn Mawr,PA,Mid East,Suburb,Private nonprofit,1,0,3,4,2.0,0.2943,1396.0,,,,1359.0,1.0,0.5077,0.0486,0.0912,0.1185,65920.0,65920.0,83250.0,31759.0,12083.0,0.8178,8.0,26652.0,0.1475,0.493,0.1515892421,75124.0,0.9224,0.8179,75217.0,25000.0,97.572
211291,Bucknell University,Lewisburg,PA,Mid East,Town,Private nonprofit,1,0,3,4,2.0,0.2893,1410.0,675.0,698.0,31.0,3876.0,0.5214,0.7348,0.0421,0.0903,0.0439,67812.0,67812.0,83756.0,40766.0,13254.0,0.9711,9.0,24614.0,0.1238,0.3466,0.1200607903,107136.0,0.9368,0.8632,93807.0,27000.0,97.572
211431,Carlow University,Pittsburgh,PA,Mid East,City,Private nonprofit,1,0,3,4,2.0,0.8695,1080.0,535.0,513.0,23.0,1348.0,0.8375,0.6602,0.1907,0.0467,0.0319,35874.0,35874.0,49327.0,20786.0,7520.0,1.0,12.0,10746.0,0.4301,0.6927,0.3683574879,40539.0,0.8443,0.5992,51051.0,25500.0,97.572
211440,Carnegie Mellon University,Pittsburgh,PA,Mid East,City,Private nonprofit,1,0,3,4,2.0,0.1166,1546.0,735.0,785.0,34.0,7304.0,0.4914,0.2159,0.04,0.0998,0.3449,66246.0,66246.0,83654.0,31944.0,13972.0,0.9247,5.0,41024.0,0.1604,0.3357,0.0995024876,91372.0,0.98,0.9413,114862.0,21750.0,97.572
211468,Cedar Crest College,Allentown,PA,Mid East,City,Private nonprofit,1,0,3,4,2.0,0.8407,,575.0,540.0,25.0,834.0,0.9149,0.4688,0.1019,0.1775,0.036,46314.0,46314.0,57206.0,18659.0,7285.0,0.478,9.0,11600.0,0.4357,0.7032,0.433681073,39394.0,0.7097,0.6039,59460.0,27000.0,97.572
211477,Central Penn College,Summerdale,PA,Mid East,Suburb,Private for-profit,1,0,1,4,2.0,0.1846,,,,,662.0,0.6571,0.5514,0.1798,0.0952,0.0302,19854.0,19854.0,27116.0,18953.0,5380.0,0.4,7.0,8554.0,0.4901,0.6576,0.5058823529,28097.5,0.6471,0.5091,45370.0,23194.0,97.572
211556,Chatham University,Pittsburgh,PA,Mid East,City,Private nonprofit,1,0,3,4,2.0,0.6196,1198.0,,,,1232.0,0.6729,0.7638,0.0779,0.0576,0.0381,44626.0,44626.0,61261.0,29954.0,8160.0,1.0,10.0,13358.0,0.2183,0.5289,0.2969348659,56203.5,0.7781,0.6306,52410.0,23250.0,97.572
211583,Chestnut Hill College,Philadelphia,PA,Mid East,City,Private nonprofit,1,0,3,4,2.0,0.7446,,505.0,490.0,,815.0,0.5558,0.3006,0.3227,0.1337,0.0196,39870.0,39870.0,58168.0,27970.0,5821.0,0.3314,10.0,9714.0,0.5208,0.7845,0.4440104167,32669.5,0.6243,0.4878,52015.0,26389.0,97.572
211608,Cheyney University of Pennsylvania,Cheyney,PA,Mid East,Rural,Public,1,1,3,3,1.0,,,,,,617.0,0.6613,0.0065,0.8784,0.0551,0.013,10904.0,18870.0,26782.0,14265.0,10536.0,0.7059,15.0,10769.0,0.6602,0.5773,0.4469453376,25393.0,0.6852,0.4059,37837.0,21785.0,97.572
211893,Curtis Institute of Music,Philadelphia,PA,Mid East,City,Private nonprofit,1,0,3,4,2.0,0.0458,,,,,109.0,0.4771,0.2661,0.0183,0.0275,0.1376,0.0,0.0,,,8958.0,0.2941,2.0,92076.0,0.0094,0.0,,63436.0,1.0,0.9615,,,97.572
211981,Delaware Valley University,Doylestown,PA,Mid East,Suburb,Private nonprofit,1,0,3,4,2.0,0.9321,1204.0,585.0,565.0,26.0,1628.0,0.6216,0.7052,0.0921,0.1167,0.0166,44850.0,44850.0,59933.0,28278.0,9069.0,0.4242,14.0,9499.0,0.299,0.7453,0.3632850242,65247.0,0.6928,0.5591,55838.0,25000.0,97.572
212009,Dickinson College,Carlisle,PA,Mid East,City,Private nonprofit,1,0,3,4,2.0,0.4209,1391.0,,,,2273.0,0.6005,0.6656,0.0361,0.0761,0.0462,65650.0,65650.0,82902.0,37607.0,10034.0,0.8107,11.0,19764.0,0.1275,0.3852,0.1219512195,100109.0,0.9198,0.7978,70204.0,19000.0,97.572
212054,Drexel University,Philadelphia,PA,Mid East,City,Private nonprofit,1,0,3,4,2.0,0.7944,1345.0,645.0,665.0,29.0,13233.0,0.4924,0.4044,0.102,0.091,0.2429,62412.0,62412.0,76835.0,38509.0,12380.0,0.5765,9.0,22377.0,0.2676,0.4932,0.2922854785,52511.0,0.8951,0.7816,84648.0,25325.0,97.572
212106,Duquesne University,Pittsburgh,PA,Mid East,City,Private nonprofit,1,0,3,4,2.0,0.8356,1276.0,620.0,605.0,27.0,5350.0,0.6254,0.771,0.0563,0.0568,0.0348,48986.0,48986.0,67776.0,37730.0,10204.0,0.4807,12.0,16449.0,0.2024,0.6743,0.1729686243,88633.0,0.8415,0.7749,74742.0,26244.0,97.572
212115,East Stroudsburg University of Pennsylvania,East Stroudsburg,PA,Mid East,Town,Public,1,0,3,4,2.0,0.9205,1084.0,530.0,525.0,23.0,4814.0,0.5503,0.5174,0.2067,0.1892,0.0164,11536.0,19502.0,27917.0,18134.0,10957.0,0.7452,21.0,8277.0,0.4149,0.5708,0.3954457986,50096.5,0.7213,0.4312,56148.0,24218.0,97.572
212133,Eastern University,Saint Davids,PA,Mid East,Suburb,Private nonprofit,1,0,3,4,2.0,0.9077,,,,,2404.0,0.626,0.4089,0.2704,0.1726,0.0212,38400.0,38400.0,55001.0,26662.0,5855.0,0.2671,21.0,4064.0,0.4192,0.5725,0.3649155722,36522.0,0.6547,0.54,51655.0,25000.0,97.572
212197,Elizabethtown College,Elizabethtown,PA,Mid East,Suburb,Private nonprofit,1,0,3,4,2.0,0.7787,1204.0,595.0,580.0,26.0,1868.0,0.5851,0.8335,0.0284,0.0653,0.0219,37950.0,37950.0,50865.0,26598.0,9109.0,0.476,13.0,12151.0,0.2084,0.6511,0.2995689655,79305.5,0.8372,0.7617,62399.0,27000.0,97.572
212577,Franklin and Marshall College,Lancaster,PA,Mid East,City,Private nonprofit,1,0,3,3,2.0,0.2819,1392.0,,,,1799.0,0.5136,0.5909,0.0484,0.0917,0.0545,70794.0,70794.0,85776.0,36425.0,11293.0,0.7873,9.0,20636.0,0.158,0.4448,0.1948275862,84574.0,0.9024,0.8377,76124.0,19000.0,97.572
212601,Gannon University,Erie,PA,Mid East,City,Private nonprofit,1,0,3,4,2.0,0.7416,,560.0,560.0,24.0,2365.0,0.5721,0.6093,0.0596,0.055,0.0254,40656.0,40656.0,52869.0,22553.0,8733.0,0.4462,11.0,10356.0,0.2384,0.6445,0.2606679035,70028.5,0.7617,0.6636,58845.0,27000.0,97.572
212656,Geneva College,Beaver Falls,PA,Mid East,Suburb,Private nonprofit,1,0,3,4,1.0,,,,,,1096.0,0.4626,0.7701,0.0703,0.0474,0.0082,33450.0,33450.0,45407.0,25890.0,7481.0,1.0,15.0,9782.0,0.3124,0.7781,0.2459499264,60970.0,0.7846,0.6098,50004.0,25198.0,97.572
212674,Gettysburg College,Gettysburg,PA,Mid East,Town,Private nonprofit,1,0,3,4,2.0,0.389,1379.0,680.0,675.0,30.0,2099.0,0.4912,0.6198,0.0486,0.1091,0.0243,66640.0,66640.0,81960.0,31490.0,10433.0,0.8089,10.0,15097.0,0.2099,0.4769,0.1372282609,107337.5,0.9121,0.8253,71517.0,26999.0,97.572
212771,Gratz College,Jenkintown,PA,Mid East,Suburb,Private nonprofit,1,0,3,4,,,,,,,143.0,1.0,0.9161,0.0,0.007,0.0,,,,,6939.0,0.7667,10.0,2680.0,0.0226,0.009,,42177.5,,,,,97.572
212805,Grove City College,Grove City,PA,Mid East,Town,Private nonprofit,1,0,3,4,2.0,0.7232,1272.0,631.0,626.0,27.0,2216.0,0.477,0.9003,0.005,0.0072,0.0212,21700.0,21700.0,,,,,13.0,16618.0,0.0,0.0,,,0.8833,0.8317,,,97.572
212832,Gwynedd Mercy University,Gwynedd Valley,PA,Mid East,Suburb,Private nonprofit,1,0,3,4,2.0,0.8963,1090.0,550.0,545.0,,1067.0,0.7142,0.6298,0.1631,0.0628,0.0515,40122.0,40122.0,55786.0,27483.0,7592.0,0.3063,12.0,9202.0,0.2491,0.5484,0.4371584699,41705.0,0.7752,0.5688,67145.0,25000.0,97.572
212911,Haverford College,Haverford,PA,Mid East,Suburb,Private nonprofit,1,0,3,3,2.0,0.1237,1513.0,735.0,745.0,34.0,1430.0,0.5692,0.4916,0.0441,0.1147,0.1294,70688.0,70688.0,90382.0,25314.0,11785.0,0.8634,8.0,29284.0,0.1545,0.0913,0.162055336,65396.0,0.9383,0.8964,79966.0,13621.0,97.572
212984,Holy Family University,Philadelphia,PA,Mid East,City,Private nonprofit,1,0,3,4,2.0,0.7104,1060.0,578.0,498.0,21.0,2464.0,0.6928,0.5061,0.1514,0.1709,0.069,35330.0,35330.0,40539.0,13143.0,7978.0,0.2202,14.0,8979.0,0.4105,0.6958,0.4630390144,45549.5,0.7773,0.6091,62235.0,25125.0,97.572
213011,Immaculata University,Immaculata,PA,Mid East,Suburb,Private nonprofit,1,0,3,4,2.0,0.8576,1260.0,590.0,567.0,25.0,1320.0,0.6955,0.6667,0.1106,0.1364,0.0273,29330.0,29330.0,43979.0,24258.0,4852.0,1.0,11.0,6267.0,0.2283,0.5029,0.350877193,65352.0,0.8303,0.7104,75701.0,27000.0,97.572
213020,Indiana University of Pennsylvania,Indiana,PA,Mid East,Town,Public,1,0,3,4,2.0,0.9077,1082.0,530.0,510.0,21.0,6764.0,0.62,0.7589,0.0943,0.0517,0.0112,11380.0,16297.0,26898.0,16804.0,11877.0,0.8351,23.0,10440.0,0.3683,0.5899,0.3225602028,56548.0,0.7534,0.5551,51019.0,26798.0,97.572
213251,Juniata College,Huntingdon,PA,Mid East,Town,Private nonprofit,1,0,3,4,2.0,0.7891,1227.0,,,,1191.0,0.5189,0.6961,0.0495,0.089,0.0151,58580.0,58580.0,71850.0,23988.0,9004.0,0.7656,11.0,14358.0,0.2904,0.67,0.1996434938,80555.0,0.8333,0.735,56918.0,27000.0,97.572
213303,Keystone College,La Plume,PA,Mid East,Suburb,Private nonprofit,1,0,3,4,2.0,0.848,,520.0,525.0,,771.0,0.5292,0.6667,0.1686,0.061,0.0039,18300.0,18300.0,32071.0,22051.0,5423.0,0.3065,12.0,7039.0,0.4178,0.8525,0.4772393539,43829.0,0.5723,0.3587,44976.0,26000.0,97.572
213321,King's College,Wilkes-Barre,PA,Mid East,City,Private nonprofit,1,0,3,4,2.0,0.9311,1170.0,,,,1484.0,0.4757,0.7116,0.064,0.1462,0.0283,44100.0,44100.0,57973.0,23093.0,8851.0,0.5907,13.0,12208.0,0.3038,0.7447,0.2935779817,76296.0,0.757,0.5989,59498.0,27000.0,97.572
213349,Kutztown University of Pennsylvania,Kutztown,PA,Mid East,Town,Public,1,0,3,4,2.0,0.9075,1210.0,555.0,540.0,21.0,6180.0,0.571,0.7209,0.0659,0.1382,0.0196,11314.0,16068.0,29866.0,21331.0,11035.0,0.8337,20.0,10174.0,0.3266,0.6266,0.3466419884,65385.0,0.7779,0.5382,53775.0,26000.0,97.572
213358,La Roche University,Pittsburgh,PA,Mid East,Suburb,Private nonprofit,1,0,3,4,2.0,0.7576,1055.0,545.0,518.0,21.0,751.0,0.5433,0.6032,0.0772,0.0533,0.008,34052.0,34052.0,47111.0,20794.0,7208.0,0.3493,11.0,6881.0,0.1009,0.1857,0.3569131833,49806.0,0.6882,0.5721,52341.0,25000.0,97.572
213367,La Salle University,Philadelphia,PA,Mid East,City,Private nonprofit,1,0,3,4,2.0,0.9659,,,,,1953.0,0.6549,0.3441,0.2913,0.2043,0.0486,37800.0,37800.0,48337.0,19409.0,9355.0,0.4357,12.0,10414.0,0.3505,0.4276,0.3697585769,41664.0,0.739,0.5712,67416.0,25000.0,97.572
213376,Lackawanna College,Scranton,PA,Mid East,City,Private nonprofit,1,0,2,3,1.0,,,,,,1947.0,0.6143,0.529,0.1407,0.1772,0.0169,18400.0,18400.0,28770.0,19951.0,4440.0,1.0,21.0,5121.0,0.5952,0.7189,0.4690909091,27497.0,0.8333,0.3673,41000.0,18075.0,97.572
213385,Lafayette College,Easton,PA,Mid East,Suburb,Private nonprofit,1,0,3,3,2.0,0.3145,1424.0,680.0,700.0,32.0,2757.0,0.4991,0.6659,0.0588,0.0987,0.0345,65398.0,65398.0,83133.0,34433.0,12663.0,0.8661,10.0,25883.0,0.1165,0.1961,0.1484018265,111341.0,0.8967,0.8759,91410.0,16000.0,97.572
213400,Lancaster Bible College,Lancaster,PA,Mid East,Suburb,Private nonprofit,1,0,3,4,2.0,0.5589,1180.0,565.0,545.0,23.0,1569.0,0.559,0.6361,0.2511,0.0147,0.0121,29990.0,29990.0,44066.0,25480.0,5811.0,0.1259,19.0,6507.0,0.3549,0.491,0.3549668874,44041.5,0.7939,0.6667,44096.0,20500.0,97.572
213507,Lebanon Valley College,Annville,PA,Mid East,Suburb,Private nonprofit,1,0,3,4,2.0,0.8377,1240.0,589.0,595.0,,1684.0,0.5594,0.8355,0.0267,0.0659,0.0172,52080.0,52080.0,66497.0,26979.0,8422.0,0.4558,11.0,12519.0,0.2485,0.6906,0.2760814249,85949.0,0.8298,0.6496,62621.0,27000.0,97.572
213543,Lehigh University,Bethlehem,PA,Mid East,City,Private nonprofit,1,0,3,4,2.0,0.2593,1440.0,688.0,720.0,32.0,5898.0,0.48,0.5966,0.0497,0.1105,0.1077,64980.0,64980.0,80856.0,36931.0,15219.0,0.8475,10.0,24840.0,0.1771,0.3657,0.1687657431,90738.0,0.937,0.8791,105584.0,21960.0,97.572
213598,Lincoln University,Lincoln University,PA,Mid East,Suburb,Public,1,1,3,4,2.0,0.6572,920.0,498.0,484.0,19.0,1539.0,0.6387,0.0071,0.8421,0.0572,0.0013,12512.0,19384.0,28505.0,14977.0,9580.0,1.0,12.0,9815.0,0.6867,0.7903,0.3862134089,30819.0,0.7341,0.4355,43167.0,28250.0,97.572
213631,United Lutheran Seminary,Gettysburg,PA,Mid East,Town,Private nonprofit,1,0,4,4,,,,,,,,,,,,,,,,,7540.0,1.0,,23783.0,,,,,,,,,97.572
213668,Lycoming College,Williamsport,PA,Mid East,City,Private nonprofit,1,0,3,3,2.0,0.7407,1160.0,585.0,580.0,25.0,996.0,0.508,0.6265,0.1165,0.1305,0.0161,50029.0,50029.0,64105.0,19140.0,8261.0,0.8276,10.0,15750.0,0.3801,0.7107,0.3659359191,58938.0,0.7611,0.5963,56210.0,27000.0,97.572
213774,Manor College,Jenkintown,PA,Mid East,Suburb,Private nonprofit,1,0,2,3,2.0,0.9486,820.0,,,,443.0,0.6885,0.2777,0.3815,0.1761,0.0429,21780.0,21780.0,27557.0,13078.0,5606.0,0.2468,12.0,5401.0,0.5199,0.5997,0.5032822757,24346.0,0.5588,0.2574,46825.0,19000.0,97.572
213826,Marywood University,Scranton,PA,Mid East,City,Private nonprofit,1,0,3,4,2.0,0.6058,1162.0,570.0,550.0,22.0,1784.0,0.6429,0.7623,0.0286,0.13,0.028,41420.0,41420.0,55582.0,23388.0,7773.0,0.3561,11.0,9607.0,0.3196,0.809,0.2949640288,66370.5,0.7981,0.7165,55817.0,26186.0,97.572
213987,Mercyhurst University,Erie,PA,Mid East,City,Private nonprofit,1,0,3,4,2.0,0.8102,,,,,2191.0,0.5733,0.7339,0.0739,0.0557,0.0155,45770.0,45770.0,59557.0,19444.0,7193.0,0.6,14.0,9031.0,0.3133,0.647,0.2866626433,51028.0,0.7979,0.6017,47452.0,25305.0,97.572
213996,Messiah University,Mechanicsburg,PA,Mid East,Suburb,Private nonprofit,1,0,3,4,2.0,0.7897,1236.0,615.0,605.0,27.0,2259.0,0.5746,0.7508,0.0398,0.0943,0.0376,42240.0,42240.0,55875.0,26502.0,9179.0,0.4672,12.0,10324.0,0.1964,0.5414,0.18173258,85483.0,0.8857,0.7496,54064.0,25621.0,97.572
214041,Millersville University of Pennsylvania,Millersville,PA,Mid East,Suburb,Public,1,0,3,4,2.0,0.8619,1110.0,560.0,550.0,,5728.0,0.5848,0.7311,0.0822,0.1086,0.0325,11128.0,22952.0,26913.0,20787.0,11531.0,0.6627,19.0,10132.0,0.2731,0.5126,0.3472617917,66601.0,0.7711,0.5763,55246.0,23507.0,97.572
214069,Misericordia University,Dallas,PA,Mid East,Suburb,Private nonprofit,1,0,3,4,2.0,0.7093,,,,,1672.0,0.6226,0.8014,0.049,0.0837,0.0084,40370.0,40370.0,53648.0,37485.0,8504.0,1.0,11.0,11838.0,0.2719,0.7425,0.2994071146,69527.0,0.7764,0.7171,64313.0,26973.0,97.572
214148,Moore College of Art and Design,Philadelphia,PA,Mid East,City,Private nonprofit,1,0,3,4,2.0,0.5646,1282.0,,,,535.0,1.0,0.4785,0.157,0.0636,0.0336,52812.0,52812.0,71327.0,43086.0,8081.0,0.2476,9.0,14319.0,0.4333,0.8487,0.3140096618,55988.0,0.8056,0.5714,37839.0,26000.0,97.572
214157,Moravian University,Bethlehem,PA,Mid East,City,Private nonprofit,1,0,3,4,2.0,0.5417,1183.0,,,,1949.0,0.6121,0.6516,0.0616,0.175,0.0262,53500.0,53500.0,65601.0,30670.0,8295.0,1.0,10.0,14586.0,0.319,0.7493,0.2921236291,71944.5,0.7917,0.7169,61860.0,26793.0,97.572
214166,Mount Aloysius College,Cresson,PA,Mid East,Town,Private nonprofit,1,0,3,4,2.0,0.8205,1070.0,,,,1094.0,0.7093,0.7559,0.0366,0.0,0.0128,27072.0,27072.0,40435.0,22344.0,7396.0,0.4189,11.0,6920.0,0.1543,0.311,0.4204851752,47792.0,0.5612,0.5691,46165.0,24287.0,97.572
214175,Muhlenberg College,Allentown,PA,Mid East,City,Private nonprofit,1,0,3,4,2.0,0.7199,1343.0,650.0,635.0,30.0,1727.0,0.579,0.6815,0.0712,0.1285,0.0382,62805.0,62805.0,77270.0,28905.0,9647.0,0.5323,9.0,20619.0,0.212,0.5274,0.1576704545,105406.0,0.8993,0.8223,69107.0,25455.0,97.572
214272,Neumann University,Aston,PA,Mid East,Suburb,Private nonprofit,1,0,3,4,2.0,0.8128,,503.0,493.0,21.0,1533.0,0.6119,0.4677,0.3503,0.0841,0.0215,39100.0,39100.0,57180.0,27804.0,7550.0,0.3828,13.0,7816.0,0.4277,0.7032,0.4275582573,51006.0,0.7209,0.5368,57817.0,27000.0,97.572
214591,Pennsylvania State University-Penn State Erie-Behrend College,Erie,PA,Mid East,Suburb,Public,0,0,3,4,2.0,0.9683,1228.0,,,,3240.0,0.3762,0.7522,0.0404,0.0512,0.0519,15972.0,26958.0,34081.0,24558.0,10333.0,0.7846,12.0,4725.0,0.2889,0.5546,0.2875652533,61924.0,0.8325,0.4363,63435.0,25000.0,97.572
214607,Pennsylvania State University-Penn State Great Valley,Malvern,PA,Mid East,Suburb,Public,0,0,4,4,,,,,,,,,,,,,,,,,13371.0,0.6905,,18975.0,,,0.2875652533,61924.0,,,63435.0,25000.0,97.572
214625,Pennsylvania State University-Penn State New Kensington,New Kensington,PA,Mid East,Rural,Public,0,0,3,4,2.0,0.9529,1190.0,,,,416.0,0.3486,0.7668,0.0673,0.0817,0.0264,14408.0,24134.0,26863.0,18305.0,9403.0,0.6545,9.0,6101.0,0.318,0.4803,0.2875652533,61924.0,0.8544,0.2761,63435.0,25000.0,97.572
214634,Pennsylvania State University-Penn State Shenango,Sharon,PA,Mid East,Town,Public,0,0,3,3,2.0,0.922,,,,,256.0,0.5938,0.7734,0.1133,0.0508,0.0078,14024.0,23560.0,26821.0,18095.0,9036.0,0.5319,7.0,6344.0,0.3916,0.4398,0.2875652533,61924.0,0.6579,0.4194,63435.0,25000.0,97.572
214643,Pennsylvania State University-Penn State Wilkes-Barre,Dallas,PA,Mid East,Rural,Public,0,0,3,3,2.0,0.9699,1200.0,,,,313.0,0.3387,0.7508,0.0958,0.0895,0.0224,14280.0,24006.0,25994.0,16448.0,9188.0,0.6923,10.0,5378.0,0.3937,0.5431,0.2875652533,61924.0,0.8072,0.2273,63435.0,25000.0,97.572
214652,Pennsylvania State University-Penn State Scranton,Dunmore,PA,Mid East,Suburb,Public,0,0,3,3,2.0,0.9852,1190.0,,,,793.0,0.4237,0.6822,0.053,0.1097,0.0933,15208.0,25392.0,27862.0,17910.0,9774.0,0.5851,11.0,3561.0,0.4182,0.5663,0.2875652533,61924.0,0.7931,0.3929,63435.0,25000.0,97.572
214670,Pennsylvania State University-Penn State Lehigh Valley,Center Valley,PA,Mid East,Suburb,Public,0,0,3,3,2.0,0.9737,1210.0,,,,859.0,0.4075,0.5017,0.0768,0.213,0.1222,15208.0,25392.0,28109.0,18220.0,8550.0,0.55,14.0,2942.0,0.3501,0.4319,0.2875652533,61924.0,0.8339,0.1783,63435.0,25000.0,97.572
214689,Pennsylvania State University-Penn State Altoona,Altoona,PA,Mid East,City,Public,0,0,3,3,2.0,0.9806,1187.0,,,,2367.0,0.463,0.6836,0.079,0.0951,0.0477,15972.0,26958.0,32559.0,22213.0,9491.0,0.7689,13.0,3624.0,0.2937,0.5366,0.2875652533,61924.0,0.7952,0.165,63435.0,25000.0,97.572
214698,Pennsylvania State University-Penn State Beaver,Monaca,PA,Mid East,Suburb,Public,0,0,3,3,2.0,0.9565,1214.0,,,,482.0,0.4315,0.6867,0.1037,0.0685,0.0498,14408.0,24134.0,26210.0,17418.0,9688.0,0.5556,12.0,4378.0,0.3194,0.5476,0.2875652533,61924.0,0.7561,0.2174,63435.0,25000.0,97.572
214704,Pennsylvania State University-Penn State Berks,Reading,PA,Mid East,Suburb,Public,0,0,3,3,2.0,0.9867,1174.0,,,,1872.0,0.4145,0.5785,0.086,0.1549,0.0892,15972.0,26958.0,32242.0,24356.0,10158.0,0.7006,13.0,3318.0,0.2876,0.518,0.2875652533,61924.0,0.7675,0.3152,63435.0,25000.0,97.572
214713,Pennsylvania State University-Penn State Harrisburg,Middletown,PA,Mid East,Suburb,Public,0,0,3,4,2.0,0.976,1227.0,,,,4031.0,0.4044,0.4599,0.1012,0.096,0.1444,15972.0,26958.0,32521.0,23330.0,11107.0,0.5979,15.0,3651.0,0.2613,0.4147,0.2875652533,61924.0,0.8212,0.2612,63435.0,25000.0,97.572
214731,Pennsylvania State University-Penn State Brandywine,Media,PA,Mid East,Suburb,Public,0,0,3,3,2.0,0.9811,1200.0,,,,1223.0,0.3745,0.4759,0.1872,0.1104,0.1382,15208.0,25392.0,31088.0,22585.0,9857.0,0.5625,15.0,3078.0,0.3369,0.4906,0.2875652533,61924.0,0.7262,0.2598,63435.0,25000.0,97.572
214740,Pennsylvania State University-Penn State DuBois,DuBois,PA,Mid East,Town,Public,0,0,3,3,2.0,0.9712,1080.0,,,,349.0,0.3696,0.8968,0.0372,0.0372,0.0057,14408.0,24134.0,28530.0,17428.0,9056.0,0.7727,9.0,6092.0,0.2946,0.5099,0.2875652533,61924.0,0.8636,0.3381,63435.0,25000.0,97.572
214759,Pennsylvania State University-Penn State Fayette- Eberly,Lemont Furnace,PA,Mid East,Rural,Public,0,0,3,3,2.0,0.9547,1170.0,,,,402.0,0.5299,0.8756,0.0498,0.0224,0.0174,14408.0,24134.0,25154.0,14596.0,9599.0,0.7037,9.0,5538.0,0.3866,0.5823,0.2875652533,61924.0,0.7778,0.3862,63435.0,25000.0,97.572
214768,Pennsylvania State University-Penn State Hazleton,Hazleton,PA,Mid East,Suburb,Public,0,0,3,3,2.0,0.9641,1200.0,,,,501.0,0.4391,0.5629,0.0858,0.2495,0.0399,15208.0,25392.0,29677.0,17597.0,9943.0,0.6792,12.0,4953.0,0.4275,0.598,0.2875652533,61924.0,0.7514,0.2615,63435.0,25000.0,97.572
214777,Pennsylvania State University-Main Campus,University Park,PA,Mid East,City,Public,1,0,3,4,2.0,0.6056,1337.0,,,,42284.0,0.4735,0.6268,0.0455,0.0933,0.0762,20644.0,41790.0,39694.0,32875.0,13120.0,0.8648,16.0,15699.0,0.1388,0.3991,0.2875652533,61924.0,0.9264,0.8609,63435.0,25000.0,97.572
214786,Pennsylvania State University-Penn State Greater Allegheny,McKeesport,PA,Mid East,Suburb,Public,0,0,3,3,2.0,0.9647,1160.0,,,,349.0,0.3754,0.5702,0.2006,0.0688,0.086,14408.0,24134.0,26214.0,15521.0,10177.0,0.6735,9.0,6757.0,0.4127,0.5956,0.2875652533,61924.0,0.7788,0.1897,63435.0,25000.0,97.572
214795,Pennsylvania State University-Penn State Mont Alto,Mont Alto,PA,Mid East,Rural,Public,0,0,3,3,2.0,0.9821,1160.0,,,,559.0,0.5975,0.7728,0.0537,0.0751,0.034,14408.0,24134.0,28841.0,19454.0,9579.0,0.6216,10.0,4815.0,0.2675,0.5077,0.2875652533,61924.0,0.8286,0.3365,63435.0,25000.0,97.572
214801,Pennsylvania State University-Penn State Abington,Abington,PA,Mid East,Suburb,Public,0,0,3,4,2.0,0.9677,1181.0,,,,2877.0,0.4164,0.4418,0.1279,0.1279,0.1839,15268.0,25664.0,28795.0,18071.0,9204.0,0.5424,14.0,2874.0,0.3877,0.4643,0.2875652533,61924.0,0.7723,0.1975,63435.0,25000.0,97.572
214810,Pennsylvania State University-Penn State Schuylkill,Schuylkill Haven,PA,Mid East,Town,Public,0,0,3,3,2.0,0.9664,1130.0,,,,620.0,0.6339,0.679,0.1145,0.1339,0.029,15208.0,25392.0,30065.0,19659.0,8985.0,0.8039,14.0,4334.0,0.4046,0.6215,0.2875652533,61924.0,0.7823,0.3188,63435.0,25000.0,97.572
214829,Pennsylvania State University-Penn State York,York,PA,Mid East,Suburb,Public,0,0,3,4,2.0,0.9741,1140.0,,,,668.0,0.3802,0.6437,0.0808,0.1153,0.0539,15208.0,25392.0,27826.0,19047.0,10236.0,0.5538,14.0,4532.0,0.302,0.4872,0.2875652533,61924.0,0.7684,0.1627,63435.0,25000.0,97.572
214883,Peirce College,Philadelphia,PA,Mid East,City,Private nonprofit,1,0,3,4,1.0,,,,,,799.0,0.7559,0.2165,0.5094,0.1264,0.0313,15060.0,15060.0,18660.0,12148.0,7911.0,1.0,13.0,8797.0,0.5278,0.6215,0.5548628429,22866.0,,0.1,50660.0,31250.0,97.572
214971,Pennsylvania Academy of the Fine Arts,Philadelphia,PA,Mid East,City,Private nonprofit,1,0,3,4,2.0,,,,,,23.0,0.6957,0.5652,0.0435,0.1304,0.0435,44600.0,44600.0,66106.0,42454.0,4469.0,0.875,2.0,21577.0,0.3535,0.6465,,46413.5,0.0,0.5758,29881.0,22309.0,97.572
215053,Pennsylvania College of Art and Design,Lancaster,PA,Mid East,City,Private nonprofit,1,0,3,3,2.0,0.9924,,,,,400.0,0.685,0.6175,0.1475,0.03,0.0475,32150.0,32150.0,43815.0,30083.0,4574.0,0.2375,10.0,8279.0,0.4737,0.6935,,56987.5,0.8511,0.6852,33301.0,27000.0,97.572
215062,University of Pennsylvania,Philadelphia,PA,Mid East,City,Private nonprofit,1,0,3,4,2.0,0.054,1553.0,745.0,780.0,34.0,10650.0,0.5501,0.2738,0.0904,0.1134,0.2839,68686.0,68686.0,89028.0,28699.0,22117.0,0.7865,8.0,67953.0,0.1653,0.0972,0.1876351059,39832.0,0.9888,0.9654,111371.0,15715.0,97.572
215114,Cairn University-Langhorne,Langhorne,PA,Mid East,Suburb,Private nonprofit,1,0,3,4,2.0,0.8817,1110.0,,,,775.0,0.4929,0.6658,0.0723,0.0348,0.0465,34009.0,34009.0,46233.0,27642.0,6206.0,0.3615,11.0,6370.0,0.3205,0.531,0.295890411,49950.0,0.7662,0.5968,44172.0,26926.0,97.572
215123,Philadelphia College of Osteopathic Medicine,Philadelphia,PA,Mid East,City,Private nonprofit,1,0,4,4,,,,,,,,,,,,,,,,,,,,25612.0,,,,100.0,,,138767.0,,97.572
215266,University of Pittsburgh-Bradford,Bradford,PA,Mid East,Town,Public,0,0,3,3,2.0,0.8854,1125.0,545.0,540.0,24.0,995.0,0.5126,0.6764,0.0995,0.0834,0.0322,14770.0,26644.0,30478.0,15350.0,9088.0,0.7979,12.0,11392.0,0.4706,0.6152,0.2096720027,81308.0,0.6557,0.4761,66125.0,24250.0,97.572
215275,University of Pittsburgh-Greensburg,Greensburg,PA,Mid East,Suburb,Public,0,0,3,3,2.0,0.9521,1160.0,565.0,555.0,22.0,1305.0,0.5441,0.7149,0.072,0.0513,0.0513,14710.0,26584.0,30141.0,17945.0,8269.0,0.6333,14.0,8456.0,0.3771,0.5656,0.2096720027,81308.0,0.6907,0.397,66125.0,24250.0,97.572
215284,University of Pittsburgh-Johnstown,Johnstown,PA,Mid East,Suburb,Public,0,0,3,3,2.0,0.9484,1105.0,565.0,560.0,24.0,1808.0,0.4392,0.6958,0.0553,0.0426,0.0376,14906.0,26780.0,30349.0,18202.0,8540.0,0.82,14.0,11380.0,0.3237,0.5753,0.2096720027,81308.0,0.7511,0.5582,66125.0,24250.0,97.572
215293,University of Pittsburgh-Pittsburgh Campus,Pittsburgh,PA,Mid East,City,Public,1,0,3,4,2.0,0.5808,1370.0,675.0,685.0,31.0,20370.0,0.5794,0.6112,0.0526,0.0684,0.1505,21926.0,41430.0,38105.0,30434.0,12140.0,0.8067,13.0,21712.0,0.1398,0.361,0.2096720027,81308.0,0.9199,0.855,66125.0,24250.0,97.572
215424,Pittsburgh Theological Seminary,Pittsburgh,PA,Mid East,City,Private nonprofit,1,0,4,4,,,,,,,,,,,,,,,,,10747.0,1.0,,35639.0,,,,,,,,,97.572
215442,Point Park University,Pittsburgh,PA,Mid East,City,Private nonprofit,1,0,3,4,2.0,0.9691,,545.0,520.0,22.0,2331.0,0.6469,0.6263,0.1579,0.094,0.0154,39570.0,39570.0,52643.0,25942.0,9211.0,0.3066,12.0,11481.0,0.387,0.7382,0.292798111,50701.0,0.7394,0.5854,45856.0,27000.0,97.572
215619,Reconstructionist Rabbinical College,Wyncote,PA,Mid East,Suburb,Private nonprofit,1,0,4,4,,,,,,,,,,,,,,,,,7333.0,0.875,,35127.0,,,,,,,,,97.572
215637,Walnut Hill College,Philadelphia,PA,Mid East,City,Private for-profit,1,0,2,3,2.0,0.4272,,,,,175.0,0.4457,0.1943,0.1314,0.1029,0.0114,29499.0,29499.0,35504.0,32351.0,6197.0,0.6897,20.0,21729.0,0.315,0.5669,0.4346405229,34833.0,0.8571,0.5763,36689.0,18765.0,97.572
215655,Robert Morris University,Moon Township,PA,Mid East,Suburb,Private nonprofit,1,0,3,4,2.0,0.8989,,,,,2896.0,0.4517,0.7234,0.0887,0.0363,0.02,35970.0,35970.0,51621.0,23003.0,13576.0,1.0,14.0,9132.0,0.233,0.4136,0.3001745201,62641.0,0.832,0.6569,62105.0,26950.0,97.572
215691,Rosemont College,Rosemont,PA,Mid East,Suburb,Private nonprofit,1,0,3,4,2.0,0.7634,,565.0,525.0,21.0,486.0,0.4877,0.249,0.214,0.07,0.0082,23845.0,23845.0,38498.0,20150.0,6270.0,0.1985,12.0,8506.0,0.4489,0.7098,0.3746556474,38541.0,0.8202,0.5714,48555.0,27000.0,97.572
215743,Saint Francis University,Loretto,PA,Mid East,Rural,Private nonprofit,1,0,3,4,2.0,0.7682,1155.0,,,,1557.0,0.6018,0.7726,0.0662,0.0283,0.0167,44000.0,44000.0,59815.0,23526.0,7645.0,1.0,16.0,10246.0,0.177,0.3713,0.2571428571,73361.0,0.8302,0.7439,62101.0,27000.0,97.572
215770,Saint Joseph's University - Philadelphia,Philadelphia,PA,Mid East,City,Private nonprofit,1,0,3,4,2.0,0.8883,1258.0,615.0,600.0,28.0,4948.0,0.5424,0.6823,0.0683,0.0928,0.0889,53260.0,53260.0,67954.0,29689.0,11284.0,1.0,11.0,11891.0,0.198,0.5623,0.1751018034,108285.0,0.8868,0.7884,86881.0,25500.0,97.572
215798,Saint Vincent College,Latrobe,PA,Mid East,Suburb,Private nonprofit,1,0,3,4,2.0,0.6173,1116.0,545.0,537.0,25.0,1259.0,0.4059,0.7562,0.0524,0.0516,0.0135,42396.0,42396.0,56752.0,23510.0,8302.0,1.0,11.0,13359.0,0.2672,0.8156,0.2679355783,79271.0,0.8225,0.6859,59982.0,27000.0,97.572
215813,Saint Vincent Seminary,Latrobe,PA,Mid East,Suburb,Private nonprofit,0,0,4,4,,,,,,,,,,,,,,,,,2348.0,,,12723.0,,,0.2679355783,79271.0,,,59982.0,27000.0,97.572
215929,University of Scranton,Scranton,PA,Mid East,City,Private nonprofit,1,0,3,4,2.0,0.8123,1237.0,600.0,590.0,26.0,3554.0,0.5585,0.7414,0.0318,0.1317,0.034,53983.0,53983.0,69552.0,32568.0,11510.0,0.6867,11.0,14866.0,0.2406,0.6386,0.2034722222,99655.0,0.8538,0.7979,74652.0,27000.0,97.572
215947,Seton Hill University,Greensburg,PA,Mid East,Suburb,Private nonprofit,1,0,3,4,2.0,0.7953,1117.0,,,,1492.0,0.6387,0.7782,0.069,0.0416,0.0295,42944.0,42944.0,56183.0,22204.0,8143.0,0.9322,13.0,10140.0,0.3127,0.7071,0.242506812,73391.0,0.8088,0.6736,51748.0,27000.0,97.572
216010,Shippensburg University of Pennsylvania,Shippensburg,PA,Mid East,Town,Public,1,0,3,4,2.0,0.865,1120.0,540.0,535.0,,4086.0,0.5091,0.7504,0.1008,0.0783,0.0108,13720.0,15974.0,30785.0,23726.0,12033.0,0.8066,18.0,11381.0,0.2977,0.5815,0.3353272343,65945.0,0.7681,0.557,56351.0,25000.0,97.572
216038,Slippery Rock University of Pennsylvania,Slippery Rock,PA,Mid East,Town,Public,1,0,3,4,2.0,0.7147,1095.0,540.0,530.0,23.0,6788.0,0.5549,0.8365,0.0402,0.0351,0.009,10568.0,14676.0,25537.0,19608.0,11014.0,0.8697,20.0,9095.0,0.3052,0.6053,0.2945736434,70320.0,0.8401,0.6557,53032.0,25000.0,97.572
216047,Saint Charles Borromeo Seminary-Overbrook,Ambler,PA,Mid East,Suburb,Private nonprofit,1,0,3,4,2.0,1.0,,,,,38.0,0.0,0.7368,0.0263,0.2105,0.0,25774.0,25774.0,,,5231.0,0.9444,4.0,10785.0,0.0732,0.0488,,70453.0,0.5833,0.4167,55225.0,,97.572
216278,Susquehanna University,Selinsgrove,PA,Mid East,Town,Private nonprofit,1,0,3,4,2.0,0.8143,1232.0,,,,2163.0,0.5696,0.7776,0.0712,0.0661,0.0153,59850.0,59850.0,75410.0,28819.0,9249.0,0.6364,13.0,12425.0,0.249,0.6591,0.2158979392,85160.0,0.8633,0.8174,61723.0,27000.0,97.572
216287,Swarthmore College,Swarthmore,PA,Mid East,Suburb,Private nonprofit,1,0,3,3,2.0,0.0746,1534.0,740.0,755.0,34.0,1613.0,0.5208,0.3025,0.0949,0.155,0.1662,65494.0,65494.0,84103.0,23149.0,14961.0,0.9366,7.0,46961.0,0.1948,0.1064,0.2687747036,48016.0,0.9398,0.9227,80257.0,17500.0,97.572
216311,Talmudical Yeshiva of Philadelphia,Philadelphia,PA,Mid East,City,Private nonprofit,1,0,3,3,2.0,0.9024,,,,,112.0,0.0,0.9464,0.0,0.0,0.0,11512.0,11512.0,22680.0,11008.0,5704.0,,14.0,25101.0,0.3583,0.0,,46396.0,0.8529,0.5,,,97.572
216339,Temple University,Philadelphia,PA,Mid East,City,Public,1,0,3,4,2.0,0.8041,,,,,20970.0,0.5562,0.4032,0.204,0.1086,0.1527,23011.0,38958.0,40903.0,28198.0,12479.0,0.5657,12.0,18465.0,0.3197,0.5332,0.2959157015,59850.0,0.8261,0.7505,63727.0,24395.0,97.572
216348,Theological Seminary of the Reformed Episcopal Church,Oreland,PA,Mid East,Suburb,Private nonprofit,1,0,4,4,,,,,,,,,,,,,,,,,2180.0,,,31570.0,,,,,,,,,97.572
216357,Thiel College,Greenville,PA,Mid East,Town,Private nonprofit,1,0,3,4,2.0,0.7155,,538.0,528.0,21.0,788.0,0.481,0.7919,0.1117,0.0368,0.0051,38344.0,38344.0,53202.0,22347.0,7413.0,0.6744,12.0,9821.0,0.4078,0.7875,0.3155555556,53480.5,0.7327,0.4873,49714.0,27000.0,97.572
216366,Thomas Jefferson University,Philadelphia,PA,Mid East,City,Private nonprofit,1,0,3,4,2.0,0.8097,1243.0,610.0,615.0,28.0,3755.0,0.7361,0.4349,0.167,0.1411,0.1601,47505.0,47505.0,64197.0,28928.0,10627.0,0.3988,12.0,32364.0,0.3747,0.8609,0.3297985154,39995.5,0.8246,0.6857,77449.0,14744.0,97.572
216463,Trinity Anglican Seminary,Ambridge,PA,Mid East,Suburb,Private nonprofit,1,0,4,4,,,,,,,,,,,,,,,,,8082.0,0.1098,,16775.0,,,,,,,,,97.572
216524,Ursinus College,Collegeville,PA,Mid East,Suburb,Private nonprofit,1,0,3,3,2.0,0.9177,1310.0,645.0,635.0,30.0,1491.0,0.4782,0.7163,0.0959,0.0805,0.0329,61210.0,61210.0,76815.0,30536.0,9216.0,0.8043,10.0,15033.0,0.2011,0.6542,0.1884550085,99302.0,0.8691,0.7328,73721.0,27000.0,97.572
216542,University of Valley Forge,Phoenixville,PA,Mid East,Suburb,Private nonprofit,1,0,3,4,2.0,0.612,,,,,471.0,0.4926,0.5032,0.1083,0.2675,0.0234,25240.0,25240.0,45422.0,32265.0,5928.0,0.3038,12.0,8098.0,0.4739,0.7189,0.3333333333,36580.0,0.7849,0.4904,39016.0,27000.0,97.572
216597,Villanova University,Villanova,PA,Mid East,Suburb,Private nonprofit,1,0,3,4,2.0,0.2698,1460.0,695.0,725.0,33.0,6938.0,0.5382,0.6766,0.0647,0.1134,0.0669,67776.0,67776.0,84793.0,43756.0,13825.0,0.6312,10.0,21398.0,0.1202,0.3499,0.1257420399,110409.0,0.9506,0.9186,100423.0,25874.0,97.572
216667,Washington & Jefferson College,Washington,PA,Mid East,Suburb,Private nonprofit,1,0,3,3,2.0,0.8064,,590.0,585.0,26.0,1295.0,0.4564,0.7745,0.0556,0.0587,0.0162,29392.0,29392.0,42972.0,25002.0,8324.0,1.0,11.0,17584.0,0.3115,0.6928,0.2160493827,79951.0,0.8121,0.6952,67918.0,27000.0,97.572
216694,Waynesburg University,Waynesburg,PA,Mid East,Town,Private nonprofit,1,0,3,4,2.0,0.8982,1090.0,,,,1009.0,0.5144,0.8127,0.0813,0.0535,0.002,30480.0,30480.0,44397.0,18235.0,6739.0,0.4106,12.0,12470.0,0.3816,0.7313,0.2635327635,69370.0,0.7164,0.6554,58537.0,27000.0,97.572
216764,West Chester University of Pennsylvania,West Chester,PA,Mid East,Suburb,Public,1,0,3,4,2.0,0.784,1187.0,585.0,575.0,26.0,14164.0,0.5825,0.732,0.104,0.0818,0.029,10775.0,22599.0,28394.0,23331.0,11216.0,0.7179,20.0,8968.0,0.254,0.5436,0.2813085705,75332.5,0.8311,0.7051,61258.0,23500.0,97.572
216807,Westminster College,New Wilmington,PA,Mid East,Rural,Private nonprofit,1,0,3,4,2.0,0.9256,,582.0,568.0,23.0,1041.0,0.488,0.7406,0.0576,0.0538,0.0096,40290.0,40290.0,53003.0,19859.0,7574.0,0.608,12.0,10159.0,0.2682,0.6696,0.2553571429,71144.0,0.8097,0.6455,53861.0,26060.0,97.572
216816,Westminster Theological Seminary,Glenside,PA,Mid East,Suburb,Private nonprofit,1,0,4,4,,,,,,,,,,,,,,,,,8755.0,0.9231,,14688.0,,,,,,,,,97.572
216852,Widener University,Chester,PA,Mid East,Suburb,Private nonprofit,1,0,3,4,2.0,0.7093,1180.0,588.0,590.0,,2951.0,0.6113,0.5127,0.2857,0.0966,0.0413,55730.0,55730.0,70621.0,25759.0,8979.0,0.3946,11.0,14606.0,0.328,0.7165,0.3003778338,77624.0,0.7836,0.6832,70920.0,27000.0,97.572
216931,Wilkes University,Wilkes-Barre,PA,Mid East,City,Private nonprofit,1,0,3,4,2.0,0.9064,1136.0,575.0,570.0,24.0,1985.0,0.5184,0.663,0.0599,0.1164,0.0297,43496.0,43496.0,56765.0,27743.0,9848.0,0.3949,13.0,11892.0,0.3446,0.7249,0.3461237275,62518.0,0.7157,0.6317,63454.0,26000.0,97.572
217013,Wilson College,Chambersburg,PA,Mid East,City,Private nonprofit,1,0,3,4,2.0,0.9211,1000.0,550.0,530.0,,865.0,0.8405,0.7572,0.0879,0.1006,0.0104,27100.0,27100.0,39344.0,21741.0,7205.0,1.0,15.0,6026.0,0.2347,0.6746,0.43,49481.0,0.7447,0.4815,43326.0,26328.0,97.572
217059,York College of Pennsylvania,York,PA,Mid East,Suburb,Private nonprofit,1,0,3,4,2.0,0.7374,1162.0,564.0,560.0,25.0,3265.0,0.5694,0.7103,0.0848,0.1109,0.0211,25588.0,25588.0,37319.0,18556.0,9539.0,0.4182,15.0,12340.0,0.2808,0.5813,0.3032258065,81845.0,0.7821,0.641,61012.0,26000.0,97.572
217156,Brown University,Providence,RI,New England,City,Private nonprofit,1,0,3,4,2.0,0.0539,1546.0,745.0,770.0,34.0,7226.0,0.5003,0.3292,0.0818,0.1212,0.2288,71412.0,71412.0,87648.0,25184.0,17839.0,0.9243,6.0,42520.0,0.1384,0.0959,0.1704035874,82670.5,0.9882,0.9569,93487.0,11428.0,102.28
217165,Bryant University,Smithfield,RI,New England,Suburb,Private nonprofit,1,0,3,4,2.0,0.6546,1265.0,600.0,610.0,28.0,3194.0,0.3544,0.7267,0.0423,0.0939,0.0388,52677.0,52677.0,69964.0,41219.0,14681.0,0.5648,13.0,10480.0,0.1253,0.5151,0.160667252,110617.0,0.8691,0.7975,90008.0,26849.0,102.28
217235,Johnson & Wales University-Providence,Providence,RI,New England,City,Private nonprofit,1,0,3,4,2.0,0.8841,1050.0,,,,3868.0,0.6251,0.5869,0.1109,0.1699,0.0367,42419.0,42419.0,60314.0,31027.0,10624.0,1.0,14.0,13658.0,0.3004,0.7171,0.3464140731,41456.0,0.8199,0.5541,43418.0,26000.0,102.28
217305,New England Institute of Technology,East Greenwich,RI,New England,Suburb,Private nonprofit,1,0,2,4,2.0,0.6673,,534.0,519.0,,1718.0,0.4348,0.5343,0.1251,0.1461,0.0297,37275.0,37275.0,48543.0,36483.0,7564.0,1.0,11.0,17493.0,0.4334,0.712,0.4141132776,30450.0,0.74,0.5954,48684.0,16668.0,102.28
217402,Providence College,Providence,RI,New England,City,Private nonprofit,1,0,3,4,2.0,0.5089,1346.0,620.0,605.0,29.0,4229.0,0.541,0.7924,0.0239,0.0882,0.0132,63550.0,63550.0,80466.0,48523.0,12190.0,0.7234,11.0,17553.0,0.1343,0.5705,0.1464401294,121852.5,0.9395,0.8582,87054.0,27000.0,102.28
217420,Rhode Island College,Providence,RI,New England,Suburb,Public,1,0,3,4,2.0,0.9182,990.0,,,,5049.0,0.678,0.4793,0.1171,0.2838,0.0341,11300.0,27299.0,17454.0,9478.0,11523.0,1.0,15.0,10795.0,0.4205,0.4706,0.4470872113,35669.0,0.7334,0.4813,56318.0,20500.0,102.28
217484,University of Rhode Island,Kingston,RI,New England,Suburb,Public,1,0,3,4,2.0,0.7216,1160.0,600.0,590.0,28.0,13381.0,0.5822,0.7309,0.0462,0.1235,0.0314,16942.0,37146.0,34321.0,21440.0,11089.0,0.6941,17.0,10555.0,0.2176,0.4917,0.2632854745,80297.5,0.8362,0.7331,69743.0,22250.0,102.28
217493,Rhode Island School of Design,Providence,RI,New England,City,Private nonprofit,1,0,3,4,2.0,0.1866,1473.0,670.0,725.0,31.0,2084.0,0.7063,0.2121,0.0489,0.0811,0.2577,62688.0,62688.0,81727.0,50507.0,11226.0,0.3891,8.0,21446.0,0.1482,0.2859,0.1055155875,81183.5,0.9504,0.8877,68140.0,27000.0,102.28
217518,Roger Williams University,Bristol,RI,New England,Suburb,Private nonprofit,1,0,3,4,2.0,0.8771,1223.0,,,,3946.0,0.5188,0.6964,0.04,0.1158,0.0203,44418.0,44418.0,61950.0,37999.0,13293.0,0.4227,10.0,17170.0,0.164,0.556,0.1965909091,103564.5,0.8109,0.6865,70266.0,26940.0,102.28
217536,Salve Regina University,Newport,RI,New England,Suburb,Private nonprofit,1,0,3,4,2.0,0.6817,1232.0,,,,2121.0,0.6978,0.744,0.0217,0.1113,0.0165,50100.0,50100.0,70630.0,36967.0,9135.0,0.95,12.0,10870.0,0.1507,0.7024,0.1858500528,96000.0,0.8279,0.7688,72975.0,27000.0,102.28
217606,Northpoint Bible College,Haverhill,MA,New England,Suburb,Private nonprofit,1,0,3,4,1.0,,,,,,86.0,0.4419,0.5116,0.093,0.2442,0.0,14160.0,14160.0,29902.0,23635.0,3491.0,0.2,6.0,5448.0,0.5109,0.6196,0.4375,30352.0,0.4,0.5435,42210.0,25000.0,105.757
217624,Allen University,Columbia,SC,Southeast,City,Private nonprofit,1,1,3,4,2.0,0.7254,,,,,576.0,0.4392,0.0069,0.9184,0.0417,0.0,14304.0,14304.0,23998.0,10972.0,5502.0,0.4937,12.0,4373.0,0.7654,0.8016,0.5065616798,18921.0,0.4497,0.1331,30497.0,34290.0,93.749
217633,Anderson University,Anderson,SC,Southeast,City,Private nonprofit,1,0,3,4,2.0,0.5471,1202.0,,,,3183.0,0.6177,0.826,0.0553,0.0559,0.0204,34970.0,34970.0,50192.0,23544.0,7635.0,0.9953,13.0,8526.0,0.2077,0.4199,0.2534562212,64915.5,0.8186,0.6568,42101.0,26700.0,93.749
217688,Charleston Southern University,Charleston,SC,Southeast,City,Private nonprofit,1,0,3,4,2.0,0.9646,1059.0,560.0,535.0,21.0,2893.0,0.6253,0.5997,0.1791,0.0878,0.0128,32520.0,32520.0,44558.0,21666.0,6523.0,0.5833,12.0,9047.0,0.3449,0.4846,0.3071816536,40996.0,0.6314,0.4724,45898.0,26471.0,93.749
217721,Benedict College,Columbia,SC,Southeast,City,Private nonprofit,1,1,3,4,2.0,0.957,,,,,1536.0,0.5052,0.0117,0.7858,0.0273,0.0013,17440.0,17440.0,32000.0,18250.0,6890.0,0.7333,13.0,5465.0,0.6234,0.6334,0.4078762307,17950.5,0.5732,0.2426,31902.0,32500.0,93.749
217749,Bob Jones University,Greenville,SC,Southeast,City,Private nonprofit,1,0,3,4,1.0,,,,,,2005.0,0.5322,0.7456,0.0165,0.0883,0.0409,24470.0,24470.0,36580.0,16641.0,6581.0,0.9356,11.0,8550.0,0.3286,0.2378,0.1440677966,51346.5,0.8245,0.6475,44354.0,16585.0,93.749
217776,Southern Wesleyan University,Central,SC,Southeast,Suburb,Private nonprofit,1,0,3,4,2.0,0.9953,1140.0,549.0,525.0,21.0,747.0,0.6158,0.6881,0.1499,0.0857,0.004,29800.0,29800.0,39914.0,15464.0,5744.0,1.0,10.0,6423.0,0.4307,0.7824,0.3914956012,37260.0,0.6899,0.5236,47756.0,26000.0,93.749
217819,College of Charleston,Charleston,SC,Southeast,City,Public,1,0,3,4,2.0,0.6003,1247.0,610.0,575.0,26.0,10558.0,0.678,0.7894,0.0533,0.0771,0.0191,12978.0,38296.0,32362.0,18960.0,10384.0,0.6458,16.0,10229.0,0.1883,0.3804,0.2006198929,58643.0,0.8196,0.6583,56416.0,23250.0,93.749
217864,Citadel Military College of South Carolina,Charleston,SC,Southeast,City,Public,1,0,3,4,2.0,0.2272,1208.0,,,,2705.0,0.1357,0.7294,0.0832,0.0969,0.0211,12570.0,38508.0,33880.0,20723.0,10071.0,0.6981,11.0,10016.0,0.198,0.3649,0.1881881882,70469.0,0.8578,0.75,72085.0,21096.0,93.749
217873,Claflin University,Orangeburg,SC,Southeast,Town,Private nonprofit,1,1,3,4,2.0,0.6493,,,,,1706.0,0.7057,0.024,0.8916,0.0076,0.0012,18282.0,18282.0,33530.0,17800.0,7329.0,0.7195,13.0,10302.0,0.7349,0.7355,0.3235867446,25693.5,0.7549,0.516,40304.0,29000.0,93.749
217882,Clemson University,Clemson,SC,Southeast,Suburb,Public,1,0,3,4,2.0,0.3834,1353.0,655.0,665.0,30.0,23300.0,0.5429,0.7574,0.0497,0.091,0.0294,15554.0,40866.0,35015.0,22253.0,12153.0,0.8764,16.0,14641.0,0.1475,0.3116,0.1724543849,78377.0,0.9347,0.8656,71513.0,21500.0,93.749
217891,Clinton College,Rock Hill,SC,Southeast,City,Private nonprofit,1,1,3,3,1.0,,,,,,126.0,0.619,0.0079,0.9048,0.0397,0.0079,11136.0,11136.0,25015.0,11458.0,5295.0,1.0,10.0,17293.0,0.7677,0.8939,0.3962264151,16926.0,0.5814,0.1405,30180.0,28987.0,93.749
217907,Coker University,Hartsville,SC,Southeast,Town,Private nonprofit,1,0,3,4,2.0,0.9396,,515.0,535.0,20.0,840.0,0.5679,0.4798,0.1952,0.0048,0.0107,33416.0,33416.0,45805.0,20286.0,5977.0,0.4156,12.0,6216.0,0.257,0.4212,0.3761609907,31522.0,0.6941,0.3953,40117.0,26000.0,93.749
217925,Columbia International University,Columbia,SC,Southeast,City,Private nonprofit,1,0,3,4,2.0,0.9447,,538.0,500.0,21.0,716.0,0.5098,0.6243,0.1955,0.0028,0.0223,27900.0,27900.0,43045.0,26036.0,6410.0,0.9636,13.0,5595.0,0.3417,0.4585,0.2413793103,49959.5,0.5327,0.4679,38951.0,20000.0,93.749
217934,Columbia College,Columbia,SC,Southeast,City,Private nonprofit,1,0,3,4,2.0,0.9393,,,,,1343.0,0.7863,0.3708,0.4043,0.1005,0.0238,22214.0,22214.0,35258.0,18408.0,5937.0,0.337,12.0,7242.0,0.5398,0.6525,0.4139037433,34742.0,0.6042,0.3688,41338.0,22750.0,93.749
217961,Converse University,Spartanburg,SC,Southeast,City,Private nonprofit,1,0,3,4,2.0,0.6774,1138.0,,,,1173.0,0.7298,0.4322,0.1159,0.1091,0.0128,25240.0,25240.0,38838.0,23283.0,6564.0,0.9787,12.0,8708.0,0.3978,0.6097,0.3170212766,48877.0,0.7964,0.6154,40867.0,27000.0,93.749
217998,Erskine College,Due West,SC,Southeast,Rural,Private nonprofit,1,0,3,4,2.0,0.6274,,515.0,520.0,20.0,766.0,0.3107,0.4674,0.2298,0.0574,0.0235,36710.0,36710.0,55248.0,16525.0,5645.0,1.0,15.0,6597.0,0.468,0.7537,0.2225352113,60991.0,0.5578,0.4518,53459.0,27000.0,93.749
218061,Francis Marion University,Florence,SC,Southeast,Rural,Public,1,0,3,4,2.0,0.8639,1015.0,520.0,505.0,19.0,2628.0,0.6366,0.4608,0.3763,0.0651,0.0126,11160.0,21544.0,23850.0,11386.0,8506.0,0.6809,13.0,13853.0,0.3762,0.3848,0.3626782393,30782.0,0.7002,0.4339,43888.0,27000.0,93.749
218070,Furman University,Greenville,SC,Southeast,Suburb,Private nonprofit,1,0,3,4,2.0,0.4295,1371.0,675.0,656.0,31.0,2379.0,0.5784,0.7255,0.0605,0.0719,0.0336,59770.0,59770.0,76798.0,30308.0,10399.0,0.8359,10.0,25690.0,0.1319,0.278,0.1237785016,83896.0,0.9061,0.7876,68635.0,23250.0,93.749
218113,Greenville Technical College,Greenville,SC,Southeast,City,Public,1,0,1,3,1.0,,,,,,8916.0,0.5961,0.5354,0.2042,0.1677,0.0236,5495.0,10775.0,20166.0,11713.0,8257.0,0.4359,16.0,9046.0,0.3396,0.0904,0.4249955301,24067.0,,0.2087,39473.0,15392.0,93.749
218229,Lander University,Greenwood,SC,Southeast,Town,Public,1,0,3,4,2.0,0.8131,1057.0,535.0,515.0,21.0,3397.0,0.6759,0.6465,0.2367,0.0209,0.0006,11700.0,21300.0,27277.0,15363.0,7527.0,0.5432,18.0,6195.0,0.3873,0.4871,0.317092034,40987.0,0.6961,0.4977,42396.0,25000.0,93.749
218335,Medical University of South Carolina,Charleston,SC,Southeast,City,Public,1,0,3,4,,,,,,,303.0,0.901,0.7657,0.0825,0.0693,0.0297,,,,,11127.0,0.9143,11.0,47215.0,0.1139,0.6085,0.1883116883,6709.0,,,88420.0,15000.0,93.749
218399,Morris College,Sumter,SC,Southeast,City,Private nonprofit,1,1,3,3,1.0,,,,,,383.0,0.4987,0.0078,0.9164,0.0052,0.0,16664.0,16664.0,30148.0,20555.0,5816.0,0.4833,10.0,9172.0,0.9554,1.0,0.4,18311.0,0.4127,0.1735,30614.0,31400.0,93.749
218414,Newberry College,Newberry,SC,Southeast,Town,Private nonprofit,1,0,3,4,2.0,0.8979,,530.0,515.0,19.0,1479.0,0.5112,0.5166,0.3509,0.0183,0.0095,31100.0,31100.0,46442.0,21656.0,7467.0,1.0,15.0,8029.0,0.487,0.7312,0.3131313131,43889.0,0.6925,0.4514,48040.0,26805.0,93.749
218441,North Greenville University,Tigerville,SC,Southeast,Rural,Private nonprofit,1,0,3,4,2.0,0.6667,1156.0,560.0,535.0,22.0,1819.0,0.5256,0.6949,0.0902,0.055,0.0082,25800.0,25800.0,42034.0,21063.0,6276.0,0.6711,13.0,8393.0,0.3335,0.4946,0.267,50820.5,0.7249,0.5453,43035.0,23082.0,93.749
218539,Presbyterian College,Clinton,SC,Southeast,Town,Private nonprofit,1,0,3,4,2.0,0.6837,1118.0,555.0,560.0,23.0,852.0,0.5,0.5986,0.1737,0.0998,0.0094,44910.0,44910.0,60242.0,20528.0,8263.0,0.9894,11.0,13172.0,0.3333,0.505,0.1975609756,60702.0,0.7955,0.5146,60194.0,26000.0,93.749
218645,University of South Carolina Aiken,Aiken,SC,Southeast,Suburb,Public,1,0,3,4,2.0,0.7854,1120.0,545.0,520.0,20.0,2962.0,0.6087,0.5712,0.2245,0.0972,0.0149,10760.0,21218.0,21540.0,11641.0,8537.0,0.6095,16.0,10925.0,0.3924,0.4341,0.3270967742,38483.5,0.6678,0.3985,45603.0,24275.0,93.749
218654,University of South Carolina Beaufort,Bluffton,SC,Southeast,Town,Public,1,0,3,4,2.0,0.725,,,,,2052.0,0.6706,0.5848,0.192,0.1311,0.0117,10730.0,21776.0,24353.0,14656.0,8392.0,0.5272,15.0,9434.0,0.4011,0.4862,0.3095843936,36859.5,0.6126,0.3399,48088.0,24000.0,93.749
218663,University of South Carolina-Columbia,Columbia,SC,Southeast,City,Public,1,0,3,4,2.0,0.6015,1297.0,630.0,625.0,29.0,29820.0,0.5923,0.7231,0.0974,0.0677,0.0432,12688.0,35972.0,31638.0,22811.0,12414.0,0.7509,19.0,14139.0,0.1911,0.4112,0.1953144894,74190.0,0.922,0.7882,62177.0,21500.0,93.749
218724,Coastal Carolina University,Conway,SC,Southeast,City,Public,1,0,3,4,2.0,0.7527,1143.0,560.0,550.0,23.0,10377.0,0.5607,0.739,0.1154,0.0701,0.0104,11640.0,29628.0,26692.0,13966.0,9103.0,1.0,17.0,8741.0,0.2624,0.567,0.2656186198,55785.5,0.7743,0.4846,47258.0,23750.0,93.749
218733,South Carolina State University,Orangeburg,SC,Southeast,Town,Public,1,1,3,4,2.0,0.8262,,465.0,460.0,17.0,2934.0,0.5457,0.0119,0.9039,0.001,0.002,11060.0,21750.0,30015.0,18097.0,8174.0,1.0,19.0,8130.0,0.7049,0.672,0.3593109106,22852.0,0.5646,0.3663,38262.0,31000.0,93.749
218742,University of South Carolina-Upstate,Spartanburg,SC,Southeast,Suburb,Public,1,0,3,4,2.0,0.6726,1099.0,535.0,515.0,21.0,4038.0,0.6538,0.4693,0.337,0.0869,0.0287,11588.0,23090.0,25124.0,13557.0,8412.0,0.555,15.0,10088.0,0.4619,0.493,0.3513888889,37445.0,0.6985,0.4304,48587.0,22310.0,93.749
218751,Sherman College of Chiropractic,Boiling Springs,SC,Southeast,Suburb,Private nonprofit,1,0,4,4,,,,,,,,,,,,,,,,,7778.0,0.8511,,17605.0,,,,,,,,,93.749
218821,Spartanburg Methodist College,Spartanburg,SC,Southeast,Suburb,Private nonprofit,1,0,2,3,2.0,0.7816,,,,,1116.0,0.5717,0.4409,0.3073,0.1891,0.0063,20650.0,20650.0,32183.0,14580.0,5865.0,0.432,16.0,6270.0,0.6105,0.4593,0.3140495868,36782.0,,0.4292,42895.0,12000.0,93.749
218919,Voorhees University,Denmark,SC,Southeast,Rural,Private nonprofit,1,1,3,4,1.0,,,,,,440.0,0.475,0.0409,0.8727,0.0045,0.0,12630.0,12630.0,25574.0,13335.0,5492.0,0.3524,13.0,75624.0,0.7669,0.5599,0.3911439114,17446.0,0.5631,0.4295,35339.0,26700.0,93.749
218964,Winthrop University,Rock Hill,SC,Southeast,City,Public,1,0,3,4,2.0,0.7925,1139.0,565.0,533.0,23.0,3523.0,0.6432,0.4871,0.323,0.0903,0.0204,14678.0,28676.0,30710.0,15343.0,8923.0,0.6395,13.0,9121.0,0.4096,0.5432,0.2821100917,42330.0,0.7361,0.5698,47185.0,26975.0,93.749
218973,Wofford College,Spartanburg,SC,Southeast,City,Private nonprofit,1,0,3,3,2.0,0.5194,1296.0,633.0,625.0,30.0,1816.0,0.5154,0.7858,0.0727,0.0556,0.0248,56005.0,56005.0,72441.0,18732.0,9083.0,0.7708,12.0,14332.0,0.1564,0.4079,,92257.0,0.9098,0.842,68964.0,25732.0,93.749
219000,Augustana University,Sioux Falls,SD,Plains,City,Private nonprofit,1,0,3,4,2.0,0.6775,1195.0,565.0,595.0,25.0,1965.0,0.6071,0.7298,0.0509,0.0473,0.0204,40160.0,40160.0,55159.0,23894.0,6324.0,0.5993,12.0,18775.0,0.178,0.5168,0.1448275862,83402.5,0.8612,0.7297,59217.0,25000.0,88.586
219046,Black Hills State University,Spearfish,SD,Plains,Town,Public,1,0,3,4,2.0,0.9633,1087.0,550.0,510.0,21.0,1928.0,0.6649,0.6717,0.015,0.0524,0.0062,8764.0,11866.0,21277.0,15911.0,8430.0,0.6608,17.0,6388.0,0.2001,0.276,0.2839673913,51046.0,0.7165,0.4263,46674.0,26000.0,88.586
219082,Dakota State University,Madison,SD,Plains,Town,Public,1,0,3,4,2.0,0.8805,1215.0,570.0,553.0,23.0,2071.0,0.3573,0.7431,0.0367,0.0454,0.0261,9654.0,12756.0,25753.0,21057.0,9954.0,0.7516,18.0,8768.0,0.1681,0.3397,0.2755102041,50856.5,0.7546,0.513,50970.0,23500.0,88.586
219091,Dakota Wesleyan University,Mitchell,SD,Plains,Town,Private nonprofit,1,0,3,4,2.0,0.7338,,475.0,505.0,22.0,670.0,0.497,0.8015,0.0209,0.0701,0.0045,33790.0,33790.0,43864.0,19735.0,6962.0,0.5222,12.0,7028.0,0.2712,0.7275,0.2894168467,68742.5,0.7514,0.4832,53728.0,27000.0,88.586
219198,Mount Marty University,Yankton,SD,Plains,Town,Private nonprofit,1,0,3,4,2.0,0.4257,1120.0,475.0,455.0,22.0,697.0,0.429,0.627,0.0703,0.0961,0.0072,34600.0,34600.0,48247.0,22227.0,7411.0,0.313,12.0,8163.0,0.2235,0.4106,0.3202846975,57420.0,0.6759,0.5238,48179.0,26396.0,88.586
219204,National American University-Rapid City,Rapid City,SD,Plains,City,Private for-profit,1,0,3,4,1.0,,,,,,764.0,0.4503,0.3717,0.2919,0.161,0.0092,16065.0,16065.0,34452.0,31062.0,5111.0,0.0147,6.0,1661.0,0.5706,0.5359,0.5379245283,17982.0,0.3333,0.0,37325.0,29020.0,88.586
219240,Kairos University,Sioux Falls,SD,Plains,City,Private nonprofit,1,0,3,4,2.0,0.8462,,,,,82.0,0.4146,0.8537,0.0732,0.0,0.0244,3600.0,3600.0,,,6343.0,1.0,9.0,4570.0,0.0,0.0,,,,,,,88.586
219259,Northern State University,Aberdeen,SD,Plains,Town,Public,1,0,3,4,2.0,0.93,1089.0,565.0,540.0,21.0,1273.0,0.5703,0.7871,0.0346,0.055,0.0196,8845.0,11947.0,22077.0,15812.0,8949.0,0.9453,19.0,9584.0,0.1245,0.2214,0.3069164265,52170.0,0.7698,0.4894,47618.0,22320.0,88.586
219277,Oglala Lakota College,Kyle,SD,Plains,Rural,Public,1,0,2,4,1.0,,,,,,1097.0,0.701,0.0109,0.0018,0.0027,0.0027,2684.0,2684.0,10494.0,1895.0,6957.0,0.6087,10.0,7439.0,0.4746,0.0,0.3888888889,9514.0,0.6207,0.0874,22517.0,,88.586
219347,South Dakota School of Mines and Technology,Rapid City,SD,Plains,City,Public,1,0,3,4,2.0,0.7987,1245.0,615.0,640.0,27.0,2071.0,0.2115,0.8175,0.0145,0.057,0.0188,10500.0,14900.0,25385.0,20183.0,11245.0,0.8804,12.0,13495.0,0.1687,0.4037,0.1831357049,76508.0,0.8409,0.5295,72257.0,27000.0,88.586
219356,South Dakota State University,Brookings,SD,Plains,Town,Public,1,0,3,4,2.0,0.9834,1120.0,540.0,560.0,22.0,9198.0,0.5432,0.8419,0.0145,0.0299,0.0132,9299.0,12809.0,24636.0,19841.0,10231.0,0.8065,17.0,10257.0,0.1682,0.4261,0.2019482062,73000.0,0.8381,0.6235,55070.0,23250.0,88.586
219374,Sinte Gleska University,Mission,SD,Plains,Rural,Public,1,0,2,4,1.0,,,,,,487.0,0.7536,0.0698,0.0,0.0,0.0,4714.0,4714.0,20714.0,12768.0,4795.0,1.0,16.0,6589.0,0.5881,0.0,0.4407894737,3684.0,1.0,0.1538,20948.0,,88.586
219383,University of Sioux Falls,Sioux Falls,SD,Plains,City,Private nonprofit,1,0,3,4,2.0,0.8289,,,,,1218.0,0.6141,0.7553,0.0468,0.069,0.0181,21750.0,21750.0,34274.0,21383.0,7056.0,1.0,18.0,6358.0,0.2884,0.6701,0.2471590909,62319.0,0.745,0.6291,54521.0,23249.0,88.586
219408,Sisseton Wahpeton College,Sisseton,SD,Plains,Rural,Public,1,0,2,3,1.0,,,,,,194.0,0.634,0.0155,0.0258,0.0052,0.0,4330.0,4330.0,9998.0,2977.0,6422.0,0.5,8.0,7404.0,0.6419,0.0,0.5208333333,7402.0,,0.2059,31546.0,,88.586
219471,University of South Dakota,Vermillion,SD,Plains,Town,Public,1,0,3,4,2.0,0.9878,1125.0,575.0,595.0,22.0,5439.0,0.6448,0.7604,0.0381,0.0581,0.0153,9432.0,12942.0,24422.0,19858.0,9264.0,0.6522,16.0,11862.0,0.1866,0.4038,0.2425454545,64843.5,0.7934,0.5991,51926.0,23592.0,88.586
219505,American Baptist College,Nashville,TN,Southeast,City,Private nonprofit,1,1,3,3,1.0,,,,,,46.0,0.413,0.0,0.9565,0.0217,0.0,13604.0,13604.0,27044.0,9216.0,,,5.0,27166.0,0.5625,0.6667,0.4848484848,17703.0,1.0,0.3889,41216.0,,91.87
219602,Austin Peay State University,Clarksville,TN,Southeast,City,Public,1,0,3,4,2.0,0.9641,1088.0,,,21.0,7560.0,0.5864,0.4985,0.2216,0.1212,0.0197,9006.0,14766.0,22233.0,9735.0,9044.0,1.0,14.0,9781.0,0.435,0.3405,0.395009936,31930.0,0.6997,0.4024,44301.0,20547.0,91.87
219639,Baptist Health Sciences University,Memphis,TN,Southeast,City,Private nonprofit,1,0,3,4,2.0,0.8202,1050.0,,,22.0,770.0,0.9221,0.3494,0.4974,0.061,0.0195,13796.0,13796.0,22227.0,11212.0,10403.0,1.0,6.0,22319.0,0.4543,0.6903,0.4285714286,25075.5,0.5263,0.398,72529.0,29500.0,91.87
219709,Belmont University,Nashville,TN,Southeast,City,Private nonprofit,1,0,3,4,2.0,0.9528,1280.0,640.0,605.0,27.0,7137.0,0.649,0.7184,0.066,0.1054,0.0336,42540.0,42540.0,62570.0,33147.0,10550.0,0.6443,12.0,13651.0,0.2075,0.3428,0.1584582441,87507.0,0.8694,0.7066,55930.0,20500.0,91.87
219718,Bethel University,McKenzie,TN,Southeast,Town,Private nonprofit,1,0,3,4,2.0,0.6023,972.0,495.0,497.0,18.0,1547.0,0.4441,0.5048,0.2818,0.0653,0.009,18712.0,18712.0,31203.0,12595.0,3147.0,1.0,15.0,5542.0,0.317,0.3821,0.5121749897,27406.0,0.5392,0.3505,47482.0,27249.0,91.87
219790,Bryan College-Dayton,Dayton,TN,Southeast,Town,Private nonprofit,1,0,3,4,1.0,,,,,,814.0,0.4914,0.6732,0.0369,0.0455,0.0147,19800.0,19800.0,31270.0,20614.0,5751.0,0.2979,14.0,5156.0,0.2662,0.3405,0.3571428571,42164.5,0.7105,0.4974,54434.0,23000.0,91.87
219806,Carson-Newman University,Jefferson City,TN,Southeast,Suburb,Private nonprofit,1,0,3,4,2.0,0.9045,1117.0,535.0,510.0,22.0,1387.0,0.5076,0.7224,0.1031,0.057,0.0087,34700.0,34700.0,49024.0,20251.0,6387.0,0.5203,12.0,6602.0,0.3337,0.4554,0.3466092573,47177.0,0.7417,0.5324,48382.0,21500.0,91.87
219833,Christian Brothers University,Memphis,TN,Southeast,City,Private nonprofit,1,0,3,4,2.0,0.867,1098.0,565.0,590.0,22.0,905.0,0.5359,0.2354,0.2343,0.2309,0.0177,38420.0,38420.0,48038.0,9854.0,8036.0,1.0,9.0,9137.0,0.3098,0.2907,0.3587921847,40225.0,0.7487,0.5471,57478.0,27000.0,91.87
219842,Pentecostal Theological Seminary,Cleveland,TN,Southeast,City,Private nonprofit,1,0,1,4,,,,,,,0.0,0.0,0.0,0.0,0.0,0.0,,,,,6538.0,0.7308,22.0,9190.0,0.0,0.0,,,,,,,91.87
219949,Cumberland University,Lebanon,TN,Southeast,Town,Private nonprofit,1,0,3,4,2.0,0.6733,,,,,2104.0,0.5594,0.5784,0.125,0.0951,0.0143,27840.0,27840.0,43358.0,18759.0,6114.0,0.3313,19.0,3595.0,0.3028,0.1912,0.4082191781,41840.0,0.5947,0.4559,57687.0,17952.0,91.87
219976,Lipscomb University,Nashville,TN,Southeast,City,Private nonprofit,1,0,3,4,2.0,0.6773,1256.0,600.0,585.0,26.0,2997.0,0.6069,0.6567,0.0721,0.1348,0.031,40572.0,40572.0,55117.0,24739.0,8832.0,0.4975,13.0,12062.0,0.241,0.2942,0.2357032457,47725.0,0.8357,0.7216,55541.0,19500.0,91.87
220075,East Tennessee State University,Johnson City,TN,Southeast,City,Public,1,0,3,4,2.0,0.8619,1144.0,,,23.0,10004.0,0.6049,0.7155,0.0589,0.0452,0.0227,10472.0,14522.0,27042.0,15983.0,8574.0,0.6769,15.0,15541.0,0.3483,0.3367,0.3768948094,33885.0,0.7572,0.5321,44859.0,19442.0,91.87
220181,Fisk University,Nashville,TN,Southeast,City,Private nonprofit,1,1,3,4,2.0,0.3742,1200.0,595.0,615.0,23.0,1035.0,0.6309,0.001,0.7923,0.0077,0.0686,25858.0,25858.0,39450.0,32020.0,6116.0,0.5238,12.0,7547.0,0.5179,0.5284,0.2657807309,30520.0,0.7381,0.2993,45454.0,27000.0,91.87
220206,Welch College,Gallatin,TN,Southeast,Suburb,Private nonprofit,1,0,3,4,1.0,,,,,,226.0,0.4779,0.7301,0.031,0.1239,0.0133,21400.0,21400.0,37072.0,25263.0,4449.0,0.5,8.0,6852.0,0.2821,0.5307,,44611.0,0.6122,0.5342,42198.0,19500.0,91.87
220215,Freed-Hardeman University,Henderson,TN,Southeast,Town,Private nonprofit,1,0,3,4,2.0,0.5968,1109.0,548.0,543.0,24.0,1212.0,0.5264,0.8746,0.0404,0.0017,0.0099,25620.0,25620.0,38315.0,21574.0,7300.0,1.0,10.0,8648.0,0.1802,0.3447,0.185046729,62772.0,0.8587,0.7078,47485.0,21500.0,91.87
220473,Johnson University,Knoxville,TN,Southeast,Rural,Private nonprofit,1,0,3,4,2.0,0.6511,1078.0,545.0,538.0,22.0,743.0,0.498,0.7133,0.0606,0.0673,0.0121,21122.0,21122.0,34244.0,22063.0,6075.0,1.0,12.0,10567.0,0.387,0.5523,0.2545454545,50581.0,0.6941,0.5677,40596.0,21500.0,91.87
220516,King University,Bristol,TN,Southeast,City,Private nonprofit,1,0,3,4,2.0,0.9972,,535.0,545.0,21.0,908.0,0.5859,0.7313,0.0584,0.0507,0.0033,36194.0,36194.0,49004.0,22347.0,5235.0,0.5905,11.0,7149.0,0.4164,0.552,0.510805501,35279.0,0.6012,0.4787,59831.0,22750.0,91.87
220552,South College,Knoxville,TN,Southeast,City,Private for-profit,1,0,2,4,1.0,,,,,,8745.0,0.8959,0.4123,0.4346,0.0173,0.0153,18535.0,18535.0,30954.0,17858.0,8750.0,0.3353,25.0,4599.0,0.488,0.6247,0.4729626809,22714.5,0.5217,0.4211,36642.0,18668.0,91.87
220598,Lane College,Jackson,TN,Southeast,City,Private nonprofit,1,1,3,3,1.0,,,,,,736.0,0.4484,0.0082,0.6413,0.0041,0.0014,11790.0,11790.0,23441.0,10904.0,5344.0,1.0,15.0,6788.0,0.7859,0.6679,0.4483870968,17096.0,0.4426,0.1839,31670.0,30500.0,91.87
220604,Le Moyne-Owen College,Memphis,TN,Southeast,City,Private nonprofit,1,1,3,3,2.0,0.9923,,511.0,485.0,15.0,581.0,0.6213,0.0086,0.9225,0.0138,0.0,12076.0,12076.0,19001.0,7099.0,5132.0,0.4731,10.0,6090.0,0.6734,0.5387,0.4876847291,17003.5,0.4724,0.2703,35594.0,28070.0,91.87
220613,Lee University,Cleveland,TN,Southeast,City,Private nonprofit,1,0,3,4,2.0,0.7052,1145.0,565.0,550.0,24.0,2617.0,0.6091,0.7979,0.0394,0.0199,0.0149,23790.0,23790.0,35688.0,18878.0,7655.0,0.8404,13.0,8868.0,0.2874,0.4196,0.3121897408,49230.0,0.8227,0.6259,43222.0,25750.0,91.87
220631,Lincoln Memorial University,Harrogate,TN,Southeast,Town,Private nonprofit,1,0,3,4,2.0,0.6259,1092.0,546.0,564.0,22.0,1572.0,0.7048,0.7723,0.0496,0.0509,0.0191,26938.0,26938.0,41530.0,20406.0,7938.0,0.5871,10.0,12706.0,0.3713,0.4953,0.4148606811,32034.0,0.7167,0.4966,49956.0,20000.0,91.87
220701,The University of Tennessee Southern,Pulaski,TN,Southeast,Town,Public,1,0,3,4,2.0,0.8671,1083.0,457.0,533.0,21.0,864.0,0.6053,0.75,0.0532,0.059,0.0069,10924.0,10924.0,24750.0,12798.0,6695.0,1.0,14.0,6412.0,0.3626,0.2685,0.4102564103,29930.0,0.7717,0.369,38924.0,21500.0,91.87
220710,Maryville College,Maryville,TN,Southeast,Suburb,Private nonprofit,1,0,3,4,2.0,0.6092,,630.0,580.0,24.0,1005.0,0.5403,0.6866,0.0896,0.0856,0.008,39284.0,39284.0,54622.0,19360.0,6851.0,1.0,12.0,9364.0,0.3774,0.5797,0.3206951027,44952.0,0.7129,0.5,49279.0,25375.0,91.87
220792,Meharry Medical College,Nashville,TN,Southeast,City,Private nonprofit,1,1,4,4,,,,,,,,,,,,,,,,,,,,29048.0,,,,,,,,,91.87
220862,University of Memphis,Memphis,TN,Southeast,City,Public,1,0,3,4,2.0,0.7203,1088.0,,,,12701.0,0.5992,0.3519,0.4073,0.1216,0.0474,10728.0,15384.0,25169.0,12397.0,9632.0,0.7276,16.0,9356.0,0.4122,0.3789,0.3675599875,28800.0,0.7738,0.5089,48458.0,23300.0,91.87
220871,Memphis Theological Seminary,Memphis,TN,Southeast,City,Private nonprofit,1,0,4,4,,,,,,,,,,,,,,,,,5321.0,0.875,,17344.0,,,,,,,,,91.87
220978,Middle Tennessee State University,Murfreesboro,TN,Southeast,City,Public,1,0,3,4,2.0,0.6909,1121.0,565.0,545.0,23.0,16301.0,0.5186,0.6301,0.1399,0.1065,0.0425,10266.0,31574.0,24289.0,13359.0,9739.0,0.8114,17.0,12353.0,0.3177,0.28,0.3643763797,35325.0,0.7952,0.537,48541.0,20000.0,91.87
220996,Middle Tennessee School of Anesthesia Inc,Madison,TN,Southeast,City,Private nonprofit,1,0,4,4,,,,,,,,,,,,,,,,,21023.0,0.5238,,5930.0,,,,,,,,,91.87
221351,Rhodes College,Memphis,TN,Southeast,City,Private nonprofit,1,0,3,4,2.0,0.5035,1362.0,705.0,705.0,30.0,1836.0,0.5882,0.5866,0.0942,0.0746,0.0882,57110.0,57110.0,71136.0,28585.0,9481.0,0.8502,9.0,16723.0,0.1593,0.5074,0.1277890467,108000.0,0.9232,0.8453,66651.0,21761.0,91.87
221519,The University of the South,Sewanee,TN,Southeast,Rural,Private nonprofit,1,0,3,4,2.0,0.569,1344.0,655.0,640.0,29.0,1607.0,0.5308,0.8245,0.0404,0.0548,0.0081,56120.0,56120.0,71986.0,27872.0,10158.0,0.887,9.0,22548.0,0.1585,0.3356,0.1323529412,79417.0,0.8886,0.7979,64911.0,22855.0,91.87
221661,Southern Adventist University,Collegedale,TN,Southeast,Suburb,Private nonprofit,1,0,3,4,2.0,0.655,1129.0,,,,2773.0,0.5398,0.3664,0.0563,0.2596,0.1417,27300.0,27300.0,38618.0,24345.0,6732.0,1.0,19.0,11547.0,0.3063,0.4199,0.1818181818,50894.0,0.8281,0.4939,53723.0,24500.0,91.87
221670,Southern College of Optometry,Memphis,TN,Southeast,City,Private nonprofit,1,0,4,4,,,,,,,,,,,,,,,,,11319.0,0.8182,,29344.0,,,,,,,,,91.87
221731,Tennessee Wesleyan University,Athens,TN,Southeast,Town,Private nonprofit,1,0,3,4,2.0,0.6885,1090.0,505.0,550.0,21.0,846.0,0.6383,0.74,0.0485,0.065,0.0118,30814.0,30814.0,39440.0,14836.0,5870.0,1.0,12.0,7980.0,0.3921,0.5216,0.4146788991,39880.0,0.7202,0.4759,45989.0,20000.0,91.87
221740,The University of Tennessee-Chattanooga,Chattanooga,TN,Southeast,City,Public,1,0,3,4,2.0,0.8109,1147.0,580.0,550.0,23.0,10074.0,0.5825,0.7404,0.0984,0.0672,0.0309,10448.0,18512.0,25489.0,14265.0,10181.0,0.7035,18.0,10232.0,0.328,0.3713,0.2933333333,46549.0,0.7252,0.5024,51151.0,19500.0,91.87
221759,The University of Tennessee-Knoxville,Knoxville,TN,Southeast,City,Public,1,0,3,4,2.0,0.416,1311.0,630.0,625.0,28.0,30418.0,0.5346,0.7809,0.0378,0.0672,0.0377,13812.0,33256.0,33678.0,18976.0,12968.0,0.8341,18.0,13098.0,0.1889,0.2889,0.245407184,54206.0,0.919,0.7392,60249.0,20500.0,91.87
221768,The University of Tennessee-Martin,Martin,TN,Southeast,Town,Public,1,0,3,4,2.0,0.882,1120.0,555.0,535.0,22.0,4866.0,0.6165,0.7532,0.1488,0.0464,0.0074,10560.0,16600.0,23079.0,10701.0,8367.0,0.6808,16.0,11509.0,0.3442,0.3073,0.3910690122,35300.0,0.7696,0.5254,44213.0,21024.0,91.87
221838,Tennessee State University,Nashville,TN,Southeast,City,Public,1,1,3,4,2.0,0.7011,1000.0,,,,4848.0,0.6545,0.0437,0.8505,0.0305,0.0058,8616.0,22416.0,25637.0,15796.0,8732.0,0.7725,13.0,9652.0,0.5113,0.4631,0.3742838956,25504.0,0.335,0.3399,42730.0,27000.0,91.87
221847,Tennessee Technological University,Cookeville,TN,Southeast,Town,Public,1,0,3,4,2.0,0.7613,1151.0,,,,8698.0,0.4469,0.7962,0.0422,0.0602,0.0245,11376.0,15576.0,25663.0,14246.0,9427.0,0.7601,16.0,10861.0,0.309,0.3348,0.3755700326,40770.0,0.7816,0.5767,48501.0,15650.0,91.87
221892,Trevecca Nazarene University,Nashville,TN,Southeast,City,Private nonprofit,1,0,3,4,2.0,0.6944,1091.0,,,,1737.0,0.6149,0.5279,0.1077,0.1439,0.019,31300.0,31300.0,41548.0,16813.0,7392.0,0.9404,20.0,8282.0,0.3229,0.3931,0.3916382253,40243.0,0.736,0.5315,49378.0,18744.0,91.87
221953,Tusculum University,Greeneville,TN,Southeast,Town,Private nonprofit,1,0,3,4,2.0,0.7217,,505.0,505.0,22.0,785.0,0.4484,0.4713,0.1312,0.0548,0.0076,29250.0,29250.0,43776.0,21131.0,5085.0,0.6024,18.0,5834.0,0.4637,0.5314,0.4538011696,32826.0,0.6286,0.2545,44367.0,23250.0,91.87
221971,Union University,Jackson,TN,Southeast,City,Private nonprofit,1,0,3,4,2.0,0.6041,1256.0,630.0,595.0,27.0,1607.0,0.6254,0.6534,0.1338,0.0299,0.0187,40025.0,40025.0,58363.0,27171.0,8181.0,0.9892,9.0,14464.0,0.2454,0.4241,0.3252375924,39416.0,0.89,0.6596,53990.0,20714.0,91.87
221999,Vanderbilt University,Nashville,TN,Southeast,City,Private nonprofit,1,0,3,4,2.0,0.0586,1549.0,745.0,780.0,35.0,7208.0,0.5248,0.3905,0.0923,0.1136,0.1858,67498.0,67498.0,89590.0,15846.0,16361.0,0.8473,8.0,34184.0,0.2022,0.0956,0.1222570533,58118.0,0.9634,0.9354,91565.0,14000.0,91.87
222178,Abilene Christian University,Abilene,TX,Southwest,City,Private nonprofit,1,0,3,4,2.0,0.6603,1194.0,585.0,575.0,25.0,3195.0,0.5959,0.61,0.0714,0.1887,0.02,44200.0,44200.0,59256.0,26182.0,8928.0,0.6513,13.0,10340.0,0.2233,0.399,0.2445229682,67009.0,0.8051,0.5901,55736.0,24250.0,97.057
222628,Amberton University,Garland,TX,Southwest,Suburb,Private nonprofit,1,0,3,4,,,,,,,114.0,0.6754,0.307,0.3333,0.193,0.1491,,,,,7078.0,0.3182,12.0,4277.0,0.1802,0.1351,,36196.0,,,,,97.057
222831,Angelo State University,San Angelo,TX,Southwest,City,Public,1,0,3,4,2.0,0.8301,1054.0,535.0,520.0,21.0,5643.0,0.5634,0.431,0.059,0.4159,0.0129,8460.0,18300.0,23441.0,15091.0,8211.0,0.8127,19.0,7880.0,0.2764,0.234,0.403975994,41570.0,0.6864,0.4397,50116.0,20000.0,97.057
222877,Arlington Baptist University,Arlington,TX,Southwest,City,Private nonprofit,1,0,3,4,1.0,,,,,,284.0,0.3169,0.3521,0.2113,0.4085,0.0,20830.0,20830.0,33424.0,24906.0,4195.0,0.2188,20.0,4085.0,0.5309,0.6836,0.4576271186,50138.0,0.4124,0.1944,44644.0,27000.0,97.057
222983,Austin College,Sherman,TX,Southwest,City,Private nonprofit,1,0,3,4,2.0,0.4765,1212.0,620.0,610.0,26.0,1165.0,0.5133,0.4695,0.0798,0.2858,0.091,48680.0,48680.0,61607.0,21107.0,8628.0,0.8714,11.0,17782.0,0.3085,0.5,0.2339449541,54764.0,0.7939,0.6705,61296.0,24500.0,97.057
222992,Austin Community College District,Austin,TX,Southwest,City,Public,1,0,2,3,1.0,,,,,,30189.0,0.5746,0.3431,0.0968,0.4357,0.0615,2550.0,10590.0,15190.0,6390.0,8962.0,0.4047,19.0,8293.0,0.2436,0.1304,0.4522895402,24990.0,,0.202,43177.0,10499.0,97.057
223001,Austin Presbyterian Theological Seminary,Austin,TX,Southwest,City,Private nonprofit,1,0,4,4,,,,,,,,,,,,,,,,,10959.0,1.0,,33464.0,,,,,,,,,97.057
223083,Baptist Health System School of Health Professions,San Antonio,TX,Southwest,City,Private for-profit,1,0,2,3,2.0,1.0,,,,,575.0,0.833,0.1339,0.0713,0.5548,0.0435,13760.0,13760.0,,,7640.0,0.5789,8.0,13312.0,0.5305,0.7576,0.44,33945.0,,,74220.0,18592.0,97.057
223117,Baptist Missionary Association Theological Seminary,Jacksonville,TX,Southwest,Town,Private nonprofit,1,0,3,4,2.0,0.2857,,,,,39.0,0.1282,0.4359,0.1795,0.359,0.0256,10050.0,10050.0,,,4717.0,,4.0,6695.0,0.3462,0.0385,,24193.0,,,,,97.057
223223,Baylor College of Medicine,Houston,TX,Southwest,City,Private nonprofit,1,0,4,4,,,,,,,,,,,,,,,,,14645.0,0.9055,,101568.0,,,,,,,,,97.057
223232,Baylor University,Waco,TX,Southwest,City,Private nonprofit,1,0,3,4,2.0,0.5128,1329.0,625.0,630.0,29.0,14785.0,0.5927,0.5955,0.0549,0.1752,0.086,58100.0,58100.0,74226.0,41104.0,11998.0,0.6726,15.0,15852.0,0.1245,0.3124,0.1710906702,80000.0,0.9095,0.7999,65793.0,23000.0,97.057
223463,Remington College-Dallas Campus,Dallas,TX,Southwest,City,Private nonprofit,1,0,1,3,1.0,,,,,,250.0,0.624,0.08,0.624,0.232,0.02,15025.0,15025.0,35534.0,29805.0,4609.0,,25.0,4446.0,0.6635,0.4423,0.5946662943,13648.0,,,31349.0,13271.0,97.057
223506,Brazosport College,Lake Jackson,TX,Southwest,Suburb,Public,1,0,1,3,1.0,,,,,,2622.0,0.5454,0.3543,0.0728,0.4744,0.008,2388.0,4711.0,12167.0,4732.0,7974.0,0.9596,20.0,12423.0,0.1738,0.012,0.5394957983,22271.0,,0.562,45910.0,5641.0,97.057
224004,Concordia University Texas,Austin,TX,Southwest,City,Private nonprofit,1,0,3,4,2.0,0.9125,,513.0,505.0,20.0,1185.0,0.6439,0.362,0.1342,0.3797,0.0329,23500.0,23500.0,53020.0,23131.0,6271.0,1.0,16.0,7086.0,0.4142,0.4982,0.3770491803,40237.5,0.583,0.446,60883.0,21852.0,97.057
224147,Texas A & M University-Corpus Christi,Corpus Christi,TX,Southwest,City,Public,1,0,3,4,2.0,0.8858,1086.0,545.0,530.0,22.0,8034.0,0.6042,0.3291,0.0382,0.5424,0.0283,9748.0,20794.0,25210.0,15225.0,9497.0,0.7653,19.0,9222.0,0.429,0.417,0.390052356,37435.5,0.5843,0.4015,51865.0,23000.0,97.057
224226,Dallas Baptist University,Dallas,TX,Southwest,City,Private nonprofit,1,0,3,4,2.0,0.8884,1120.0,540.0,530.0,23.0,2403.0,0.5859,0.5493,0.092,0.1586,0.0329,40190.0,40190.0,52716.0,28516.0,8487.0,1.0,16.0,9809.0,0.2305,0.3189,0.3233143786,43504.0,0.6437,0.5701,56807.0,21591.0,97.057
224244,Dallas Christian College,Dallas,TX,Southwest,Suburb,Private nonprofit,1,0,3,4,2.0,0.218,931.0,,,,224.0,0.375,0.3571,0.2232,0.3527,0.0045,21730.0,21730.0,34502.0,22960.0,5606.0,0.4545,13.0,5907.0,0.4856,0.5647,0.4013157895,41225.5,0.4091,0.2857,43503.0,24912.0,97.057
224305,Dallas Theological Seminary,Dallas,TX,Southwest,City,Private nonprofit,1,0,4,4,,,,,,,,,,,,,,,,,9457.0,0.9487,,9292.0,,,,,,,,,97.057
224323,University of Dallas,Irving,TX,Southwest,City,Private nonprofit,1,0,3,4,2.0,0.5344,1227.0,645.0,605.0,28.0,1403.0,0.5317,0.5381,0.0264,0.2929,0.0784,53930.0,53930.0,68583.0,22610.0,8867.0,0.5953,11.0,12940.0,0.2593,0.4373,0.1646586345,77741.0,0.7723,0.7307,58285.0,23117.0,97.057
224350,Del Mar College,Corpus Christi,TX,Southwest,City,Public,1,0,2,3,1.0,,,,,,9501.0,0.5655,0.1816,0.0186,0.717,0.0224,3440.0,6050.0,12895.0,3399.0,8068.0,1.0,12.0,11304.0,0.3349,0.0489,0.5048859935,21574.5,,0.1109,38656.0,5500.0,97.057
224527,East Texas Baptist University,Marshall,TX,Southwest,Town,Private nonprofit,1,0,3,4,2.0,0.5776,,,,,1352.0,0.5222,0.6346,0.1657,0.1235,0.0148,30680.0,30680.0,44211.0,23911.0,7437.0,1.0,14.0,7682.0,0.3219,0.5081,0.3182423435,48655.0,0.7084,0.4712,52788.0,23250.0,97.057
224545,Texas A&M University-Texarkana,Texarkana,TX,Southwest,City,Public,1,0,3,4,2.0,0.6354,,490.0,510.0,21.0,1982.0,0.6054,0.4647,0.1746,0.2311,0.0187,8349.0,45080.0,23778.0,12997.0,8835.0,0.623,14.0,16462.0,0.5251,0.4535,0.4750519751,27758.0,0.6371,0.2957,45515.0,18953.0,97.057
224554,East Texas A&M University,Commerce,TX,Southwest,Town,Public,1,0,3,4,2.0,0.9224,1076.0,525.0,515.0,21.0,9912.0,0.5964,0.3908,0.1939,0.2703,0.0265,10026.0,22326.0,23438.0,11841.0,8866.0,0.4475,17.0,8444.0,0.4047,0.3522,0.4202706288,31618.0,0.5723,0.4281,50296.0,20500.0,97.057
224615,Dallas College,Dallas,TX,Southwest,City,Public,1,0,2,3,1.0,,,,,,43869.0,0.5989,0.1306,0.2027,0.4929,0.058,2730.0,6900.0,9704.0,3214.0,9350.0,0.3426,22.0,5188.0,0.236,0.0555,0.5606060606,20053.5,0.6667,0.3232,41714.0,9500.0,97.057
224660,Western Technical College,El Paso,TX,Southwest,City,Private for-profit,0,0,2,4,1.0,,,,,,600.0,0.4633,0.1717,0.0767,0.6317,0.0117,,,,28004.0,5160.0,0.5556,30.0,3861.0,0.4853,0.2298,0.5235042735,20541.0,0.8889,0.7163,36156.0,17277.0,97.057
224679,Western Technical College,El Paso,TX,Southwest,City,Private for-profit,1,0,1,3,1.0,,,,,,1206.0,0.1468,0.1484,0.0406,0.7355,0.0041,,,,,4426.0,0.84,30.0,6539.0,0.1903,0.2681,0.5235042735,20541.0,0.8462,0.7194,36156.0,17277.0,97.057
224712,Episcopal Theological Seminary of the Southwest,Austin,TX,Southwest,City,Private nonprofit,1,0,4,4,,,,,,,,,,,,,,,,,8511.0,0.7037,,49323.0,,,,,,,,,97.057
224961,Galveston College,Galveston,TX,Southwest,City,Public,1,0,1,3,1.0,,,,,,1528.0,0.6865,0.2997,0.1728,0.4339,0.0229,2726.0,6176.0,15338.0,8412.0,7614.0,0.5243,14.0,7189.0,0.4059,0.0878,0.4829351536,19105.0,,0.327,37233.0,10311.0,97.057
225070,Grayson College,Denison,TX,Southwest,Rural,Public,1,0,1,3,1.0,,,,,,3075.0,0.6237,0.573,0.1063,0.2377,0.0273,3052.0,6352.0,14866.0,5880.0,8078.0,0.601,20.0,11110.0,0.3221,0.0888,0.5015069319,23168.5,0.6667,0.3994,40873.0,12250.0,97.057
225201,Hallmark University,San Antonio,TX,Southwest,City,Private nonprofit,1,0,3,4,2.0,0.5134,,,,,769.0,0.3485,0.2679,0.1001,0.4837,0.0364,,,,12513.0,6897.0,0.3723,15.0,4590.0,0.5274,0.6002,0.4601769912,26034.0,0.7407,0.6633,40183.0,25438.0,97.057
225247,Hardin-Simmons University,Abilene,TX,Southwest,City,Private nonprofit,1,0,3,4,2.0,0.9,1108.0,540.0,530.0,21.0,1283.0,0.4957,0.5464,0.1044,0.2564,0.0125,32960.0,32960.0,45904.0,19555.0,8035.0,0.6369,15.0,12190.0,0.4006,0.8215,0.3147138965,53330.0,0.6487,0.4604,54771.0,24711.0,97.057
225308,Trinity Valley Community College,Athens,TX,Southwest,Town,Public,1,0,2,3,1.0,,,,,,5655.0,0.5848,0.4479,0.1263,0.2973,0.0085,2640.0,5970.0,14467.0,4092.0,6941.0,0.6995,21.0,6027.0,0.2977,0.123,0.4843940008,23216.0,,0.2721,38567.0,10426.0,97.057
225399,Houston Christian University,Houston,TX,Southwest,City,Private nonprofit,1,0,3,4,2.0,0.8444,1084.0,580.0,565.0,25.0,2886.0,0.5908,0.158,0.2412,0.3874,0.0547,39430.0,39430.0,50082.0,20629.0,8257.0,0.3507,18.0,5467.0,0.5554,0.5852,0.3627546072,38544.0,0.6933,0.4912,55933.0,22642.0,97.057
225414,University of Houston-Clear Lake,Houston,TX,Southwest,City,Public,1,0,3,4,2.0,0.9052,1060.0,539.0,535.0,20.0,6078.0,0.6104,0.2873,0.0688,0.5081,0.0809,7770.0,21114.0,24622.0,15563.0,10108.0,0.5866,15.0,8892.0,0.4524,0.2798,0.4821073559,25351.0,0.7444,0.5163,59004.0,17831.0,97.057
225423,Houston City College,Houston,TX,Southwest,City,Public,1,0,2,3,1.0,,,,,,40503.0,0.5855,0.1034,0.2753,0.3688,0.0949,2040.0,5460.0,12009.0,5737.0,8308.0,0.3557,23.0,5870.0,0.3574,0.1462,0.499465069,19771.5,,0.1653,39254.0,13921.0,97.057
225432,University of Houston-Downtown,Houston,TX,Southwest,City,Public,1,0,3,4,2.0,0.8996,1029.0,,,,12555.0,0.6213,0.099,0.1721,0.5938,0.0816,7708.0,17548.0,20749.0,10542.0,9421.0,0.5444,18.0,6787.0,0.5522,0.2985,0.5270877691,24909.5,0.6709,0.332,53551.0,18750.0,97.057
225502,Texas A&M University-Victoria,Victoria,TX,Southwest,City,Public,1,0,3,4,2.0,0.959,,,,,2513.0,0.6176,0.2503,0.1361,0.4723,0.0609,7149.0,16989.0,21401.0,8109.0,9358.0,0.5,15.0,10420.0,0.4893,0.3781,0.4573304158,27090.0,0.651,0.2638,54467.0,18973.0,97.057
225511,University of Houston,Houston,TX,Southwest,City,Public,1,0,3,4,2.0,0.7392,1250.0,615.0,620.0,26.0,38380.0,0.5205,0.1643,0.1225,0.3806,0.2306,9717.0,22547.0,26185.0,14276.0,13242.0,0.7984,22.0,9920.0,0.4165,0.3168,0.4049271339,33197.5,0.8699,0.6456,62377.0,18194.0,97.057
225548,Howard Payne University,Brownwood,TX,Southwest,Town,Private nonprofit,1,0,3,4,2.0,0.6737,1026.0,,,,713.0,0.4811,0.4951,0.0968,0.2959,0.0056,34982.0,34982.0,46766.0,23627.0,6842.0,1.0,10.0,11204.0,0.4427,0.6927,0.3740095087,48182.5,0.5174,0.2798,48376.0,26793.0,97.057
225575,Huston-Tillotson University,Austin,TX,Southwest,City,Private nonprofit,1,1,3,4,2.0,0.3909,1014.0,455.0,455.0,17.0,1005.0,0.5403,0.0716,0.6109,0.1055,0.002,26709.0,26709.0,25384.0,19719.0,6364.0,0.3507,14.0,9511.0,0.6122,0.6918,0.4343971631,28322.0,0.5819,0.3394,42937.0,30750.0,97.057
225627,University of the Incarnate Word,San Antonio,TX,Southwest,City,Private nonprofit,1,0,3,4,2.0,0.9814,,530.0,510.0,20.0,4440.0,0.643,0.1516,0.0736,0.6574,0.0257,37090.0,37090.0,48681.0,22775.0,9001.0,0.4582,12.0,11151.0,0.446,0.4856,0.4326269492,36409.0,0.7129,0.5098,56733.0,27000.0,97.057
225885,Jarvis Christian University,Hawkins,TX,Southwest,Rural,Private nonprofit,1,1,3,4,1.0,,,,,,577.0,0.5303,0.0312,0.6672,0.2045,0.0,11720.0,11720.0,25185.0,9825.0,7267.0,0.319,10.0,4701.0,0.5877,0.5233,0.4596443228,18887.5,0.4765,0.1519,32992.0,27000.0,97.057
226091,Lamar University,Beaumont,TX,Southwest,City,Public,1,0,3,4,2.0,0.8641,1061.0,510.0,495.0,20.0,8150.0,0.594,0.3766,0.2989,0.2218,0.0499,8905.0,18745.0,22254.0,9366.0,9286.0,0.7723,20.0,5053.0,0.4649,0.418,0.4325285896,35526.0,0.6187,0.3732,49652.0,21250.0,97.057
226134,Laredo College,Laredo,TX,Southwest,City,Public,1,0,2,3,1.0,,,,,,5818.0,0.5853,0.0301,0.0014,0.9532,0.0022,3300.0,5748.0,11469.0,5798.0,7525.0,0.6014,39.0,4072.0,0.3872,0.0,0.5432893466,17884.0,,0.3045,33934.0,2959.0,97.057
226152,Texas A & M International University,Laredo,TX,Southwest,City,Public,1,0,3,4,2.0,0.4437,993.0,515.0,495.0,18.0,6667.0,0.5964,0.016,0.0049,0.9201,0.0033,7894.0,19454.0,15558.0,3637.0,9203.0,0.5546,21.0,6589.0,0.6451,0.26,0.4917466411,24539.0,0.7783,0.4647,48386.0,15000.0,97.057
226231,LeTourneau University,Longview,TX,Southwest,City,Private nonprofit,1,0,3,4,2.0,0.3801,1208.0,625.0,625.0,26.0,1468.0,0.3713,0.7139,0.0593,0.0511,0.0225,37160.0,37160.0,51124.0,28185.0,6550.0,0.3534,11.0,11090.0,0.1329,0.2395,0.3405714286,43984.5,0.8078,0.5858,57103.0,26000.0,97.057
226383,Lubbock Christian University,Lubbock,TX,Southwest,City,Private nonprofit,1,0,3,4,2.0,0.731,1100.0,532.0,532.0,23.0,1252.0,0.5966,0.5583,0.0503,0.2947,0.0104,28540.0,28540.0,41944.0,24456.0,6790.0,0.5057,11.0,8197.0,0.3432,0.6894,0.359947644,50954.0,0.7032,0.5136,53787.0,20948.0,97.057
226408,College of the Mainland,Texas City,TX,Southwest,City,Public,1,0,2,3,1.0,,,,,,3368.0,0.6485,0.329,0.1758,0.3898,0.0211,2310.0,4140.0,8357.0,1342.0,7492.0,0.981,18.0,5833.0,0.2711,0.0274,0.4648760331,22108.0,,0.3118,39639.0,5960.0,97.057
226471,University of Mary Hardin-Baylor,Belton,TX,Southwest,Suburb,Private nonprofit,1,0,3,4,2.0,0.9576,1099.0,540.0,525.0,22.0,2759.0,0.6176,0.4715,0.1323,0.3175,0.0163,32020.0,32020.0,46874.0,26106.0,8752.0,0.4828,17.0,11301.0,0.3965,0.6071,0.3244084682,48296.0,0.6242,0.4931,56132.0,26000.0,97.057
226587,McMurry University,Abilene,TX,Southwest,City,Private nonprofit,1,0,3,4,2.0,0.5704,1043.0,565.0,565.0,24.0,1176.0,0.5077,0.4422,0.1301,0.3376,0.0119,32340.0,32340.0,43778.0,19581.0,7497.0,1.0,16.0,8484.0,0.2382,0.2944,0.3742038217,39189.0,0.6352,0.4429,48779.0,27000.0,97.057
226806,Midland College,Midland,TX,Southwest,City,Public,1,0,1,3,1.0,,,,,,5542.0,0.5976,0.2604,0.0568,0.5763,0.0173,3180.0,6180.0,12707.0,4512.0,7546.0,0.4945,14.0,8343.0,0.2121,0.0213,0.5471556886,22124.0,,0.2315,43958.0,10670.0,97.057
226833,Midwestern State University,Wichita Falls,TX,Southwest,City,Public,1,0,3,4,2.0,0.9352,,,,,4087.0,0.6354,0.4057,0.1441,0.2775,0.0291,10580.0,12530.0,22652.0,11656.0,8183.0,0.7318,18.0,11122.0,0.4065,0.3976,0.381792183,41159.0,0.6393,0.4274,55747.0,21030.0,97.057
226879,Wade College,Dallas,TX,Southwest,City,Private for-profit,1,0,2,3,1.0,,,,,,252.0,0.7817,0.1746,0.3968,0.3333,0.0397,17692.0,17692.0,25506.0,20778.0,6500.0,0.4,11.0,4705.0,0.6552,0.7931,0.3333333333,24036.0,1.0,0.5417,36657.0,22938.0,97.057
227146,Navarro College,Corsicana,TX,Southwest,Town,Public,1,0,2,3,1.0,,,,,,3781.0,0.6485,0.4409,0.2084,0.2822,0.0098,3008.0,6578.0,18757.0,14820.0,6861.0,0.2483,21.0,4037.0,0.3049,0.1811,0.4848741872,24997.0,,0.2257,38716.0,11000.0,97.057
227182,Lone Star College System,The Woodlands,TX,Southwest,City,Public,1,0,2,3,1.0,,,,,,45188.0,0.5877,0.214,0.1494,0.4622,0.0638,3330.0,9390.0,15521.0,11252.0,8339.0,1.0,22.0,3998.0,0.2331,0.0733,0.5052254098,22787.0,,0.2114,42466.0,8600.0,97.057
227216,University of North Texas,Denton,TX,Southwest,City,Public,1,0,3,4,2.0,0.7223,1109.0,570.0,555.0,23.0,34341.0,0.5348,0.3411,0.1687,0.3017,0.0805,11309.0,21149.0,26243.0,15649.0,11092.0,0.7199,25.0,7601.0,0.3804,0.3612,0.347966205,40028.0,0.7665,0.6071,57010.0,19250.0,97.057
227289,Oblate School of Theology,San Antonio,TX,Southwest,City,Private nonprofit,1,0,4,4,,,,,,,,,,,,,,,,,5795.0,1.0,,34980.0,,,,,,,,,97.057
227304,Odessa College,Odessa,TX,Southwest,City,Public,1,0,2,3,1.0,,,,,,4654.0,0.6493,0.2015,0.0634,0.6833,0.0114,2688.0,4926.0,13086.0,6368.0,6404.0,0.303,24.0,6721.0,0.2152,0.0154,0.5713346483,22562.5,0.6635,0.3702,42026.0,7750.0,97.057
227331,Our Lady of the Lake University,San Antonio,TX,Southwest,City,Private nonprofit,1,0,3,4,1.0,,,495.0,485.0,19.0,1066.0,0.6745,0.0779,0.076,0.7373,0.0028,32106.0,32106.0,42865.0,16442.0,7790.0,0.4954,11.0,13476.0,0.5719,0.592,0.4759284732,28529.5,0.6277,0.4611,48675.0,24999.0,97.057
227368,The University of Texas Rio Grande Valley,Edinburg,TX,Southwest,City,Public,1,0,3,4,2.0,0.9419,985.0,,,,28666.0,0.5684,0.0197,0.0062,0.9323,0.0106,9987.0,19827.0,16830.0,4831.0,9041.0,0.8373,20.0,8787.0,0.6508,0.2617,0.5259824759,21058.0,0.8111,0.509,49620.0,12950.0,97.057
227429,Paul Quinn College,Dallas,TX,Southwest,City,Private nonprofit,1,1,3,4,2.0,0.4028,,,,,620.0,0.6435,0.071,0.6903,0.1371,0.0032,13498.0,13498.0,23587.0,12709.0,6785.0,0.2093,20.0,4479.0,0.6728,0.8347,0.4846938776,18000.0,0.4898,0.2687,29288.0,23373.0,97.057
227526,Prairie View A & M University,Prairie View,TX,Southwest,Rural,Public,1,1,3,4,2.0,0.7931,980.0,480.0,465.0,19.0,8877.0,0.6619,0.0113,0.8427,0.0729,0.0072,11299.0,26874.0,26362.0,13570.0,9530.0,0.8204,17.0,8353.0,0.656,0.6811,0.3349093775,28812.0,0.7562,0.432,45411.0,27000.0,97.057
227757,Rice University,Houston,TX,Southwest,City,Private nonprofit,1,0,3,4,2.0,0.08,1553.0,745.0,785.0,35.0,4776.0,0.4958,0.2557,0.0789,0.1669,0.291,64144.0,64144.0,79788.0,13370.0,18454.0,0.8381,6.0,47816.0,0.1703,0.0647,0.1447587354,65041.0,0.9741,0.9464,89718.0,11000.0,97.057
227845,Saint Edward's University,Austin,TX,Southwest,City,Private nonprofit,1,0,3,4,2.0,0.8142,1138.0,,,,2493.0,0.5933,0.2635,0.0397,0.5628,0.0213,51384.0,51384.0,66719.0,25578.0,9902.0,0.5584,12.0,11064.0,0.4237,0.4767,0.3254397835,48851.0,0.7967,0.6259,58826.0,24803.0,97.057
227863,University of St Thomas,Houston,TX,Southwest,City,Private nonprofit,1,0,3,4,2.0,0.8992,1090.0,565.0,565.0,21.0,3220.0,0.5916,0.1584,0.114,0.554,0.1003,34634.0,34634.0,45672.0,19359.0,7661.0,0.9553,16.0,12002.0,0.4164,0.3453,0.3778625954,35251.5,0.777,0.6877,59224.0,19928.0,97.057
227881,Sam Houston State University,Huntsville,TX,Southwest,Town,Public,1,0,3,4,2.0,0.9026,1041.0,525.0,510.0,21.0,17743.0,0.6255,0.4433,0.1791,0.2905,0.0215,9228.0,19068.0,25505.0,16404.0,8196.0,0.7914,19.0,7981.0,0.4133,0.4565,0.4140865737,37602.0,0.7325,0.5476,54211.0,21983.0,97.057
227924,San Antonio College,San Antonio,TX,Southwest,City,Public,1,0,2,3,1.0,,,,,,16416.0,0.6155,0.1575,0.0718,0.7005,0.025,3412.0,9952.0,12343.0,4585.0,7993.0,0.5215,26.0,6702.0,0.3427,0.0476,0.5158227848,21534.0,,0.2551,39711.0,10500.0,97.057
227979,San Jacinto Community College,Pasadena,TX,Southwest,City,Public,1,0,2,3,1.0,,,,,,22969.0,0.5972,0.1665,0.0944,0.6338,0.0448,2490.0,6690.0,21293.0,12143.0,8105.0,0.4252,24.0,9071.0,0.3176,0.0206,0.5342917041,22004.5,,0.3011,43062.0,9500.0,97.057
228042,Schreiner University,Kerrville,TX,Southwest,Town,Private nonprofit,1,0,3,4,2.0,0.882,,535.0,530.0,21.0,1053.0,0.5366,0.4653,0.0484,0.4217,0.0133,39266.0,39266.0,48004.0,21507.0,7796.0,0.4531,13.0,9539.0,0.4379,0.6394,0.3729903537,49706.0,0.6679,0.4318,52228.0,23250.0,97.057
228149,St. Mary's University,San Antonio,TX,Southwest,City,Private nonprofit,1,0,3,4,2.0,0.9776,1089.0,,,,1951.0,0.6023,0.103,0.021,0.5351,0.0113,37434.0,37434.0,47999.0,21145.0,10724.0,0.6333,11.0,13146.0,0.3861,0.463,0.3872387239,37985.0,0.73,0.5893,56955.0,25563.0,97.057
228194,South Texas College of Law Houston,Houston,TX,Southwest,City,Private nonprofit,1,0,4,4,,,,,,,,,,,,,,,,,15938.0,0.4224,,22753.0,,,,,,,,,97.057
228246,Southern Methodist University,Dallas,TX,Southwest,Suburb,Private nonprofit,1,0,3,4,2.0,0.6335,1428.0,700.0,725.0,33.0,7277.0,0.512,0.5616,0.0547,0.1774,0.0829,67040.0,67040.0,85606.0,40892.0,14916.0,0.6916,11.0,18509.0,0.1276,0.2146,0.1568247822,67697.0,0.9052,0.8427,78354.0,19500.0,97.057
228325,Nelson University,Waxahachie,TX,Southwest,Suburb,Private nonprofit,1,0,3,4,2.0,0.8902,980.0,505.0,485.0,20.0,1479.0,0.4936,0.4895,0.1156,0.2894,0.0108,25064.0,25064.0,34504.0,21662.0,6539.0,0.4648,15.0,8441.0,0.478,0.6133,0.3815028902,35444.0,0.7516,0.4156,46238.0,24725.0,97.057
228343,Southwestern University,Georgetown,TX,Southwest,City,Private nonprofit,1,0,3,3,2.0,0.4305,1241.0,635.0,605.0,28.0,1440.0,0.5465,0.5132,0.0569,0.2958,0.0326,53813.0,53813.0,67493.0,29224.0,8920.0,0.7742,11.0,17431.0,0.2533,0.4557,0.2033542977,74646.0,0.806,0.7279,56878.0,25000.0,97.057
228431,Stephen F Austin State University,Nacogdoches,TX,Southwest,Town,Public,1,0,3,4,2.0,0.9399,1066.0,535.0,535.0,21.0,8728.0,0.6316,0.5547,0.1208,0.24,0.012,11128.0,23426.0,25791.0,14260.0,8694.0,0.7604,16.0,9033.0,0.3887,0.4135,0.353515625,44426.5,0.7169,0.5333,49634.0,23409.0,97.057
228459,Texas State University,San Marcos,TX,Southwest,City,Public,1,0,3,4,2.0,0.8932,1103.0,550.0,535.0,22.0,36177.0,0.5949,0.3637,0.0949,0.4112,0.0279,11450.0,22930.0,28073.0,16805.0,9186.0,0.7942,21.0,6786.0,0.3724,0.4102,0.3582704187,42889.0,0.8008,0.5528,56906.0,21000.0,97.057
228468,Southwestern Adventist University,Keene,TX,Southwest,Town,Private nonprofit,1,0,3,4,2.0,0.7836,1031.0,525.0,490.0,21.0,570.0,0.5632,0.1895,0.1175,0.5018,0.0649,25380.0,25380.0,35592.0,22778.0,6313.0,0.96,12.0,11363.0,0.4211,0.5304,0.3415977961,36174.5,0.7267,0.5234,52946.0,26998.0,97.057
228486,Southwestern Christian College,Terrell,TX,Southwest,Town,Private nonprofit,1,1,2,3,1.0,,,,,,110.0,0.4364,0.0455,0.7455,0.0818,0.0,14638.0,14638.0,21854.0,18562.0,2916.0,0.9615,15.0,9797.0,0.6563,0.5234,0.389380531,20000.0,1.0,0.0313,32672.0,,97.057
228501,Sul Ross State University,Alpine,TX,Southwest,Town,Public,1,0,3,4,2.0,0.9871,1024.0,493.0,485.0,16.0,1396.0,0.5716,0.192,0.0802,0.6784,0.0014,7592.0,17672.0,24529.0,13286.0,7971.0,0.5668,11.0,9128.0,0.5774,0.4053,0.4626998224,26794.5,0.4491,0.2994,41871.0,15900.0,97.057
228529,Tarleton State University,Stephenville,TX,Southwest,Town,Public,1,0,3,4,2.0,0.8955,1075.0,535.0,515.0,20.0,12673.0,0.6095,0.6276,0.057,0.2432,0.0139,8302.0,18142.0,24100.0,20783.0,8339.0,0.5942,20.0,5674.0,0.344,0.4004,0.4210031937,40809.0,0.6985,0.4821,53040.0,19606.0,97.057
228635,University of Texas Southwestern Medical Center,Dallas,TX,Southwest,City,Public,1,0,4,4,,,,,,,,,,,,,,,,,11736.0,0.9423,,695895.0,,,,4070.0,,,76860.0,,97.057
228644,The University of Texas Health Science Center at San Antonio,San Antonio,TX,Southwest,City,Public,1,0,3,4,,,,,,,930.0,0.7495,0.2,0.0645,0.586,0.0914,,,,,11689.0,0.7634,6.0,158498.0,0.3333,0.5208,0.3713692946,30474.0,,,82206.0,15000.0,97.057
228653,The University of Texas Medical Branch at Galveston,Galveston,TX,Southwest,City,Public,1,0,3,4,,,,,,,545.0,0.8037,0.2569,0.1064,0.3945,0.1927,,,,,11237.0,0.9722,10.0,166036.0,0.3363,0.6208,0.3766233766,43436.5,,,92961.0,13396.0,97.057
228705,Texas A&M University-Kingsville,Kingsville,TX,Southwest,Town,Public,1,0,3,4,2.0,0.9092,1050.0,505.0,505.0,19.0,4748.0,0.4933,0.1485,0.0388,0.778,0.0061,9892.0,25746.0,24060.0,12090.0,8761.0,0.7483,18.0,10279.0,0.5273,0.3808,0.4587833997,28201.0,0.6459,0.4187,51450.0,22934.0,97.057
228723,Texas A&M University-College Station,College Station,TX,Southwest,City,Public,1,0,3,4,2.0,0.5743,1280.0,625.0,635.0,28.0,59615.0,0.4736,0.5238,0.0245,0.2557,0.1374,13154.0,40124.0,32696.0,21315.0,14776.0,0.8885,20.0,19596.0,0.1964,0.2565,0.2995074728,58904.0,0.9431,0.8391,72097.0,17804.0,97.057
228769,The University of Texas at Arlington,Arlington,TX,Southwest,City,Public,1,0,3,4,2.0,0.799,1124.0,555.0,555.0,23.0,32294.0,0.5865,0.2162,0.1513,0.3952,0.1421,11950.0,29582.0,25261.0,13951.0,11502.0,0.6474,23.0,7448.0,0.423,0.312,0.4376915601,36453.5,0.7294,0.5402,63199.0,17527.0,97.057
228778,The University of Texas at Austin,Austin,TX,Southwest,City,Public,1,0,3,4,2.0,0.2664,1395.0,675.0,690.0,30.0,42855.0,0.5776,0.3036,0.0463,0.2831,0.2565,11688.0,44908.0,31247.0,19857.0,15819.0,0.8419,18.0,20294.0,0.2585,0.2727,0.2751759015,53018.0,0.9674,0.889,75121.0,20500.0,97.057
228787,The University of Texas at Dallas,Richardson,TX,Southwest,City,Public,1,0,3,4,2.0,0.6513,1286.0,,,,21751.0,0.4365,0.2057,0.0594,0.1824,0.4256,14644.0,40144.0,29807.0,18267.0,15085.0,0.7535,23.0,12056.0,0.2997,0.3308,0.313957935,36564.0,0.8995,0.7569,68227.0,18000.0,97.057
228796,The University of Texas at El Paso,El Paso,TX,Southwest,City,Public,1,0,3,4,2.0,0.9992,962.0,,,,21005.0,0.5456,0.0395,0.019,0.8808,0.0073,9744.0,25502.0,19836.0,9403.0,10239.0,0.6836,21.0,7651.0,0.6161,0.2675,0.4063639794,23733.0,0.7894,0.5017,50923.0,18000.0,97.057
228802,The University of Texas at Tyler,Tyler,TX,Southwest,City,Public,1,0,3,4,2.0,0.9402,1114.0,575.0,570.0,22.0,7440.0,0.6137,0.4762,0.111,0.2898,0.0403,9736.0,25494.0,24505.0,13323.0,10385.0,0.7771,17.0,27629.0,0.3974,0.3199,0.3912268188,33582.5,0.7678,0.5413,57053.0,17137.0,97.057
228866,Texas Chiropractic College Foundation Inc,Pasadena,TX,Southwest,City,Private nonprofit,1,0,4,4,,,,,,,,,,,,,,,,,8084.0,0.6471,,16332.0,,,,,,,,,97.057
228875,Texas Christian University,Fort Worth,TX,Southwest,City,Private nonprofit,1,0,3,4,2.0,0.4449,1298.0,620.0,620.0,29.0,11026.0,0.6146,0.6195,0.0389,0.1931,0.0256,61740.0,61740.0,76604.0,36660.0,13971.0,1.0,14.0,20405.0,0.1432,0.2508,0.2040586246,73000.0,0.9287,0.8551,68424.0,21500.0,97.057
228884,Texas College,Tyler,TX,Southwest,City,Private nonprofit,1,1,3,3,1.0,,,,,,614.0,0.3648,0.0358,0.8192,0.1107,0.0033,10008.0,10008.0,20339.0,10958.0,5251.0,0.8182,17.0,3445.0,0.8383,0.6439,0.4511082138,18562.0,0.3403,0.1375,33752.0,31000.0,97.057
228909,University of North Texas Health Science Center,Fort Worth,TX,Southwest,City,Public,1,0,3,4,,,,,,,41.0,0.7561,0.1707,0.0976,0.4146,0.2683,,,,,12105.0,0.8196,6.0,40520.0,0.1176,0.5294,,,,,93615.0,,97.057
228981,Texas Lutheran University,Seguin,TX,Southwest,Town,Private nonprofit,1,0,3,4,2.0,0.9571,,,,,1304.0,0.5284,0.3574,0.1127,0.4502,0.0176,36230.0,36230.0,50002.0,24654.0,7741.0,0.5778,11.0,9741.0,0.3462,0.6189,0.3554216867,62200.0,0.6181,0.5385,53863.0,25000.0,97.057
229018,The University of Texas Permian Basin,Odessa,TX,Southwest,City,Public,1,0,3,4,2.0,0.9489,1033.0,520.0,510.0,20.0,3911.0,0.6101,0.249,0.0757,0.5415,0.0192,9236.0,21504.0,23886.0,12723.0,9381.0,1.0,19.0,9784.0,0.3869,0.2902,0.4621125144,34856.0,0.6093,0.3967,56073.0,17750.0,97.057
229027,The University of Texas at San Antonio,San Antonio,TX,Southwest,City,Public,1,0,3,4,2.0,0.8679,1105.0,565.0,555.0,22.0,30580.0,0.5102,0.1829,0.0809,0.6129,0.0592,9011.0,22051.0,22352.0,10836.0,10588.0,0.7587,24.0,6112.0,0.4406,0.3936,0.388502455,36359.5,0.7984,0.5264,57131.0,20500.0,97.057
229063,Texas Southern University,Houston,TX,Southwest,City,Public,1,1,3,4,2.0,0.9691,914.0,465.0,445.0,17.0,6844.0,0.647,0.007,0.8587,0.0801,0.0056,9173.0,21473.0,27052.0,16590.0,8730.0,0.5882,19.0,8340.0,0.7226,0.6744,0.3879505924,22141.0,0.6621,0.2216,38924.0,29000.0,97.057
229115,Texas Tech University,Lubbock,TX,Southwest,City,Public,1,0,3,4,2.0,0.7265,1190.0,600.0,595.0,26.0,32394.0,0.5003,0.518,0.061,0.3031,0.0345,11852.0,24451.0,27443.0,19070.0,11757.0,0.8532,20.0,8554.0,0.2775,0.4109,0.3237946777,51321.0,0.8495,0.6869,62454.0,21500.0,97.057
229160,Texas Wesleyan University,Fort Worth,TX,Southwest,City,Private nonprofit,1,0,3,4,2.0,0.6916,1070.0,520.0,490.0,19.0,1741.0,0.5416,0.2826,0.2177,0.3498,0.0167,39582.0,39582.0,57451.0,24066.0,8367.0,0.4094,12.0,9615.0,0.4471,0.3773,0.4829612221,27493.0,0.6082,0.3154,54053.0,23125.0,97.057
229179,Texas Woman's University,Denton,TX,Southwest,City,Public,1,0,3,4,2.0,0.9612,,535.0,520.0,21.0,8767.0,0.9179,0.2564,0.1768,0.4077,0.0883,8640.0,18480.0,22234.0,11963.0,9526.0,0.9938,16.0,7653.0,0.4201,0.3796,0.4157868276,32124.0,0.6955,0.4906,56544.0,19218.0,97.057
229267,Trinity University,San Antonio,TX,Southwest,City,Private nonprofit,1,0,3,4,2.0,0.2592,1416.0,690.0,684.0,31.0,2505.0,0.5461,0.5054,0.0439,0.2499,0.0838,53676.0,53676.0,68224.0,23464.0,12354.0,0.7873,8.0,22157.0,0.1877,0.4358,0.1736842105,84259.0,0.9287,0.8397,71668.0,22954.0,97.057
229300,The University of Texas Health Science Center at Houston,Houston,TX,Southwest,City,Public,1,0,3,4,,,,,,,465.0,0.8409,0.2022,0.1376,0.3355,0.2624,,,,,12103.0,0.645,5.0,240771.0,0.5087,0.7152,0.4071588367,34136.5,,,88757.0,13063.0,97.057
229337,Texas Tech University Health Sciences Center,Lubbock,TX,Southwest,City,Public,1,0,3,4,,,,,,,1482.0,0.8671,0.4629,0.1026,0.3516,0.0445,,,,,9671.0,0.956,7.0,42337.0,0.2656,0.4338,0.4322766571,45987.5,,,92348.0,12268.0,97.057
229355,Tyler Junior College,Tyler,TX,Southwest,City,Public,1,0,2,3,1.0,,,,,,9087.0,0.6469,0.4407,0.1742,0.2806,0.0128,2400.0,4512.0,16654.0,10206.0,6299.0,0.6099,18.0,4683.0,0.3574,0.1892,0.4549507709,27160.0,0.5958,0.2739,38140.0,11995.0,97.057
229780,Wayland Baptist University,Plainview,TX,Southwest,Town,Private nonprofit,1,0,3,4,2.0,0.5596,,,,,2041.0,0.5022,0.2871,0.1862,0.2817,0.023,23782.0,23782.0,36323.0,20590.0,5999.0,1.0,10.0,11561.0,0.457,0.4995,0.4545973729,32295.0,0.4453,0.1929,51838.0,23106.0,97.057
229799,Weatherford College,Weatherford,TX,Southwest,Town,Public,1,0,2,3,1.0,,,,,,5094.0,0.6547,0.5561,0.0361,0.2348,0.0139,5250.0,10860.0,15978.0,9967.0,7685.0,1.0,19.0,7015.0,0.2553,0.1526,0.4874264312,27894.0,,0.3462,42397.0,9948.0,97.057
229814,West Texas A & M University,Canyon,TX,Southwest,Town,Public,1,0,3,4,2.0,0.9868,1050.0,545.0,539.0,21.0,6917.0,0.5761,0.5044,0.0395,0.3519,0.0192,9101.0,10996.0,23482.0,19487.0,8482.0,0.8171,14.0,6290.0,0.4111,0.3632,0.39375,42482.0,0.6963,0.5504,50741.0,19500.0,97.057
229887,Wiley University,Marshall,TX,Southwest,Town,Private nonprofit,1,1,3,4,1.0,,,,,,712.0,0.5183,0.0674,0.8455,0.0,0.0084,12500.0,12500.0,19097.0,7092.0,6212.0,0.5085,18.0,3644.0,0.7893,0.706,0.4155672823,19123.0,0.4958,0.2424,33159.0,24989.0,97.057
230038,Brigham Young University,Provo,UT,Rocky Mountains,City,Private nonprofit,1,0,3,4,2.0,0.6778,1376.0,670.0,660.0,29.0,32952.0,0.5158,0.8057,0.0031,0.0804,0.0158,6688.0,6688.0,22690.0,15564.0,14370.0,0.7047,21.0,18168.0,0.321,0.1078,0.1379568885,46790.0,0.9097,0.8098,75790.0,11069.0,98.864
230047,Brigham Young University-Hawaii,Laie,HI,Far West,Town,Private nonprofit,1,0,3,3,2.0,0.4696,1130.0,598.0,570.0,24.0,2889.0,0.5822,0.172,0.0017,0.0367,0.0239,6630.0,6630.0,25098.0,16774.0,10793.0,1.0,18.0,14278.0,0.151,0.0729,0.191904048,39517.0,0.7354,0.5264,52064.0,9413.0,109.951
230171,Utah Tech University,Saint George,UT,Rocky Mountains,City,Public,1,0,1,4,1.0,,,,,,8552.0,0.5955,0.7335,0.0166,0.1431,0.0125,6306.0,18246.0,20763.0,16039.0,8674.0,0.4214,23.0,4394.0,0.2208,0.1522,0.3900029061,35331.0,0.6791,0.3839,44570.0,15000.0,98.864
230366,Eagle Gate College-Murray,Murray,UT,Rocky Mountains,City,Private for-profit,1,0,1,4,1.0,,,,,,351.0,0.9031,0.433,0.0741,0.2308,0.0513,16548.0,16548.0,33765.0,27345.0,7172.0,0.6098,22.0,6481.0,0.308,0.384,0.5258126195,22815.0,1.0,0.48,37518.0,43021.0,98.864
230418,Ensign College,Salt Lake City,UT,Rocky Mountains,City,Private nonprofit,1,0,1,3,1.0,,,,,,7568.0,0.5206,0.2326,0.0069,0.0453,0.0055,4004.0,4004.0,14145.0,10824.0,8956.0,0.0866,26.0,2248.0,0.082,0.0191,0.2960325534,27046.0,0.5435,0.4329,50630.0,,98.864
230597,Snow College,Ephraim,UT,Rocky Mountains,Town,Public,1,0,2,3,1.0,,,,,,3549.0,0.5568,0.7225,0.0183,0.111,0.0031,4338.0,14288.0,12514.0,5552.0,7550.0,1.0,18.0,7997.0,0.2267,0.1201,0.3255159475,41939.0,,0.4582,41022.0,7000.0,98.864
230603,Southern Utah University,Cedar City,UT,Rocky Mountains,Town,Public,1,0,3,4,2.0,0.8179,,580.0,555.0,23.0,9289.0,0.5526,0.7216,0.0194,0.0887,0.0157,6962.0,21192.0,19416.0,10462.0,8847.0,0.7333,22.0,7459.0,0.2488,0.1746,0.3208985158,41064.0,0.7552,0.6067,50296.0,12500.0,98.864
230728,Utah State University,Logan,UT,Rocky Mountains,City,Public,1,0,3,4,2.0,0.9247,1187.0,605.0,590.0,25.0,20272.0,0.5365,0.8065,0.0075,0.0715,0.0086,9228.0,24802.0,21654.0,14936.0,11173.0,0.9689,19.0,13665.0,0.2578,0.1904,0.2835781742,42950.5,0.7084,0.5913,54022.0,14340.0,98.864
230737,Utah Valley University,Orem,UT,Rocky Mountains,City,Public,1,0,2,4,1.0,,,,,,28453.0,0.4868,0.7614,0.0111,0.1379,0.0143,6507.0,18489.0,14765.0,6376.0,10149.0,0.3914,26.0,6343.0,0.2292,0.0906,0.2721558768,31983.0,0.7307,0.4511,55486.0,14750.0,98.864
230764,University of Utah,Salt Lake City,UT,Rocky Mountains,City,Public,1,0,3,4,2.0,0.8598,1257.0,640.0,645.0,26.0,27264.0,0.4797,0.6361,0.0121,0.1398,0.0595,9620.0,30860.0,25557.0,16200.0,12776.0,0.8759,19.0,17724.0,0.1959,0.2051,0.2944091683,38625.0,0.8619,0.6505,67170.0,19000.0,98.864
230782,Weber State University,Ogden,UT,Rocky Mountains,City,Public,1,0,2,4,1.0,,,,,,16360.0,0.5897,0.6982,0.0202,0.1402,0.0205,6557.0,17545.0,16035.0,10258.0,9800.0,0.9634,20.0,7318.0,0.1652,0.1017,0.3735113677,35841.0,0.6731,0.462,56287.0,15113.0,98.864
230807,Westminster University,Salt Lake City,UT,Rocky Mountains,City,Private nonprofit,1,0,3,4,2.0,0.6657,1220.0,640.0,610.0,27.0,823.0,0.5772,0.6598,0.0207,0.1385,0.0352,43528.0,43528.0,57616.0,27094.0,8756.0,1.0,8.0,16627.0,0.2447,0.6603,0.2687747036,56805.0,0.7634,0.6381,66215.0,22250.0,98.864
230816,Bennington College,Bennington,VT,New England,Town,Private nonprofit,1,0,3,4,2.0,0.4453,1364.0,,,,780.0,0.7346,0.6449,0.041,0.0897,0.0231,66262.0,66262.0,87284.0,30947.0,10055.0,0.4122,9.0,23573.0,0.2527,0.504,0.1260162602,75360.5,0.8204,0.7121,38289.0,26000.0,97.958
230852,Champlain College,Burlington,VT,New England,City,Private nonprofit,1,0,3,4,2.0,0.8292,1312.0,,,,2752.0,0.3914,0.6711,0.0698,0.1032,0.0429,47850.0,47850.0,65009.0,35860.0,9955.0,1.0,13.0,9094.0,0.2502,0.5187,0.3172011662,58876.0,0.817,0.6523,58386.0,26814.0,97.958
230959,Middlebury College,Middlebury,VT,New England,Town,Private nonprofit,1,0,3,4,2.0,0.1075,1508.0,720.0,735.0,33.0,2738.0,0.5351,0.542,0.0522,0.1249,0.0738,67600.0,67600.0,85880.0,31483.0,13875.0,0.9113,8.0,32208.0,0.1589,0.2271,0.2157258065,57882.0,0.9366,0.914,76310.0,13857.0,97.958
230995,Norwich University,Northfield,VT,New England,Rural,Private nonprofit,1,0,3,4,2.0,0.7444,1190.0,,,,2428.0,0.2805,0.6701,0.0515,0.1129,0.0264,49740.0,49740.0,67357.0,22257.0,8275.0,0.493,13.0,16559.0,0.2441,0.4637,0.2363090773,67624.5,0.7926,0.6021,65575.0,25000.0,97.958
231059,Saint Michael's College,Colchester,VT,New England,Suburb,Private nonprofit,1,0,3,4,2.0,0.8451,1245.0,,,,1092.0,0.5357,0.7729,0.0366,0.0614,0.0156,51450.0,51450.0,69079.0,25239.0,9332.0,0.9722,10.0,10911.0,0.2368,0.5756,0.1171875,111919.5,0.7994,0.7277,61317.0,26922.0,97.958
231068,SIT Graduate Institute,Brattleboro,VT,New England,Rural,Private nonprofit,1,0,4,4,,,,,,,0.0,0.0,0.0,0.0,0.0,0.0,,,,,6869.0,0.2308,13.0,37777.0,,,,25113.0,,,,,97.958
231095,Sterling College,Craftsbury Common,VT,New England,Rural,Private nonprofit,1,0,3,3,2.0,0.6667,,,,,50.0,0.56,0.74,0.0,0.06,0.04,40760.0,40760.0,54410.0,21854.0,5583.0,0.72,7.0,40769.0,0.4487,0.3718,,27616.0,0.8571,0.3158,30573.0,23000.0,97.958
231147,Vermont Law and Graduate School,South Royalton,VT,New England,Rural,Private nonprofit,1,0,4,4,,,,,,,,,,,,,,,,,9238.0,0.8793,,26614.0,,,,,,,,,97.958
231165,Vermont State University,Randolph,VT,New England,Rural,Public,1,0,3,4,2.0,0.8167,,,,,3590.0,0.5618,0.79,0.0504,0.0563,0.0175,11952.0,22296.0,25988.0,18212.0,7714.0,1.0,13.0,14562.0,0.3413,0.5801,0.3808948005,42873.0,0.6783,0.4722,50331.0,15000.0,97.958
231174,University of Vermont,Burlington,VT,New England,City,Public,1,0,3,4,2.0,0.653,1374.0,670.0,655.0,31.0,11743.0,0.6317,0.8279,0.0092,0.0555,0.0258,19058.0,45502.0,35649.0,19343.0,10288.0,0.7677,17.0,14705.0,0.1315,0.3743,0.1151121606,92817.0,0.8918,0.7859,62472.0,20951.0,97.958
231420,Averett University,Danville,VA,Southeast,Town,Private nonprofit,1,0,3,4,2.0,0.5659,1135.0,515.0,518.0,20.0,1231.0,0.5126,0.4923,0.2583,0.0398,0.0154,38550.0,38550.0,53460.0,22925.0,6196.0,1.0,16.0,7698.0,0.411,0.6331,0.3755102041,40149.0,0.6525,0.4814,51516.0,25000.0,101.104
231554,Bluefield University,Bluefield,VA,Southeast,Town,Private nonprofit,1,0,3,4,2.0,0.5931,,,,,614.0,0.4414,0.5831,0.2264,0.0489,0.013,26770.0,26770.0,42539.0,25573.0,5619.0,1.0,14.0,8767.0,0.5136,0.7088,0.4250411862,38217.0,0.6149,0.1778,48896.0,21855.0,101.104
231581,Bridgewater College,Bridgewater,VA,Southeast,Suburb,Private nonprofit,1,0,3,4,2.0,0.9172,1180.0,583.0,575.0,25.0,1400.0,0.4729,0.6621,0.1079,0.075,0.0157,16090.0,16090.0,58702.0,17800.0,7326.0,0.6972,13.0,8750.0,0.2983,0.6032,0.320212766,71045.5,0.7529,0.5305,53453.0,26000.0,101.104
231624,William & Mary,Williamsburg,VA,Southeast,Suburb,Public,1,0,3,4,2.0,0.3407,1473.0,720.0,720.0,33.0,7055.0,0.587,0.6234,0.0513,0.0903,0.1148,25914.0,51038.0,43035.0,19096.0,12942.0,0.7872,12.0,18167.0,0.1245,0.2169,0.1316695353,96498.0,0.9456,0.8942,73490.0,18500.0,101.104
231651,Regent University,Virginia Beach,VA,Southeast,City,Private nonprofit,1,0,3,4,2.0,0.3812,1153.0,560.0,535.0,26.0,4729.0,0.6122,0.4259,0.2569,0.1222,0.0171,21650.0,21650.0,32838.0,19923.0,8375.0,0.7581,18.0,4054.0,0.5115,0.5662,0.4198855508,28090.5,0.7458,0.5692,44498.0,24534.0,101.104
231712,Christopher Newport University,Newport News,VA,Southeast,City,Public,1,0,3,4,2.0,0.8604,1180.0,620.0,595.0,27.0,4365.0,0.5249,0.68,0.0916,0.0916,0.0405,16828.0,31178.0,33766.0,23015.0,10989.0,0.6739,13.0,12950.0,0.1613,0.3669,0.181010929,97520.5,0.8124,0.7164,60509.0,25000.0,101.104
231785,Bryant & Stratton College-Virginia Beach,Virginia Beach,VA,Southeast,City,Private nonprofit,0,0,2,3,1.0,,,,,,1709.0,0.8373,0.206,0.6044,0.0667,0.0193,18489.0,18489.0,23803.0,12038.0,6392.0,0.2286,22.0,6763.0,0.6484,0.7738,0.5378553335,15184.0,1.0,0.2446,32568.0,21549.0,101.104
232016,Centura College-Chesapeake,Chesapeake,VA,Southeast,City,Private for-profit,1,0,1,3,1.0,,,,,,0.0,0.0,0.0,0.0,0.0,0.0,16637.0,16637.0,,,,,,16220.0,0.125,0.0,0.5207156309,14317.0,,,25930.0,14750.0,101.104
232025,Emory & Henry University,Emory,VA,Southeast,Rural,Private nonprofit,1,0,3,4,2.0,0.8365,1135.0,,,,1078.0,0.5584,0.6308,0.1104,0.0325,0.0102,39000.0,39000.0,52854.0,19061.0,7819.0,0.9725,12.0,14596.0,0.3848,0.5899,0.2670565302,53147.5,0.6627,0.5634,47385.0,26332.0,101.104
232043,Eastern Mennonite University,Harrisonburg,VA,Southeast,City,Private nonprofit,1,0,3,4,2.0,1.0,,640.0,675.0,30.0,754.0,0.5584,0.5093,0.1485,0.1565,0.0225,43920.0,43920.0,56756.0,24588.0,6452.0,0.9565,9.0,12697.0,0.3268,0.5562,0.3190661479,62190.0,0.7609,0.67,54869.0,24813.0,101.104
232089,Ferrum College,Ferrum,VA,Southeast,Rural,Private nonprofit,1,0,3,4,2.0,0.8898,,535.0,515.0,21.0,699.0,0.3948,0.4907,0.2103,0.0615,0.0072,28520.0,28520.0,54526.0,20082.0,5763.0,1.0,11.0,7476.0,0.5427,0.8541,0.3884892086,35817.5,0.6414,0.319,44296.0,27000.0,101.104
232186,George Mason University,Fairfax,VA,Southeast,Suburb,Public,1,0,3,4,2.0,0.8748,1274.0,625.0,620.0,28.0,27752.0,0.4875,0.3172,0.1277,0.1788,0.2335,14220.0,38688.0,28604.0,17915.0,14486.0,0.531,16.0,15232.0,0.3013,0.3071,0.2998785917,44254.0,0.8599,0.6784,76343.0,19500.0,101.104
232256,Hampden-Sydney College,Hampden-Sydney,VA,Southeast,Rural,Private nonprofit,1,0,3,3,2.0,0.4092,1207.0,600.0,570.0,24.0,946.0,0.0,0.7886,0.0666,0.0698,0.0106,54550.0,54550.0,70325.0,22400.0,9550.0,0.8981,9.0,20153.0,0.2263,0.472,,101025.5,0.8368,0.6217,67640.0,26000.0,101.104
232265,Hampton University,Hampton,VA,Southeast,Suburb,Private nonprofit,1,1,3,4,2.0,0.6225,969.0,,,,3727.0,0.6778,0.003,0.9673,0.0024,0.0003,30592.0,30592.0,46027.0,25319.0,8778.0,1.0,15.0,17152.0,0.3935,0.5604,0.1975116641,52556.0,0.8534,0.5716,59159.0,25442.0,101.104
232308,Hollins University,Roanoke,VA,Southeast,Suburb,Private nonprofit,1,0,3,4,2.0,0.6795,1230.0,,,,665.0,1.0,0.6015,0.1564,0.1173,0.018,43560.0,43560.0,58698.0,20896.0,7276.0,0.6165,8.0,19506.0,0.3944,0.563,0.2582417582,48958.0,0.7396,0.6465,40075.0,27000.0,101.104
232423,James Madison University,Harrisonburg,VA,Southeast,City,Public,1,0,3,4,2.0,0.7152,1256.0,620.0,605.0,27.0,20888.0,0.5642,0.7225,0.0471,0.0878,0.0525,14250.0,31604.0,31735.0,23322.0,10916.0,0.8094,17.0,10620.0,0.1712,0.2903,0.2083089526,92165.0,0.9198,0.7972,69954.0,20093.0,101.104
232557,Liberty University,Lynchburg,VA,Southeast,City,Private nonprofit,1,0,3,4,2.0,0.9898,,,,,50012.0,0.5459,0.5662,0.1055,0.0793,0.0178,22465.0,22465.0,42025.0,29357.0,8826.0,0.1594,18.0,4004.0,0.3834,0.4625,0.4239865593,31696.5,0.8013,0.6533,44813.0,24500.0,101.104
232566,Longwood University,Farmville,VA,Southeast,Town,Public,1,0,3,4,2.0,0.9022,1120.0,560.0,540.0,20.0,3015.0,0.7075,0.7294,0.0952,0.0723,0.0146,15744.0,27978.0,34588.0,19066.0,9246.0,1.0,15.0,11319.0,0.2771,0.4592,0.2788768347,72594.0,0.7977,0.6123,52347.0,25000.0,101.104
232609,University of Lynchburg,Lynchburg,VA,Southeast,City,Private nonprofit,1,0,3,4,2.0,0.4301,1125.0,,,,1577.0,0.5694,0.5701,0.0894,0.0679,0.0133,36750.0,36750.0,50067.0,22235.0,8271.0,0.7731,11.0,11737.0,0.279,0.6696,0.3015184382,67259.5,0.7061,0.5736,56380.0,27000.0,101.104
232618,Centra College,Lynchburg,VA,Southeast,City,Private nonprofit,1,0,2,3,2.0,1.0,,,,,219.0,0.9132,0.7352,0.1461,0.0046,0.0137,12983.0,12983.0,,,7046.0,0.566,3.0,9536.0,0.467,0.6934,0.5602409639,27508.0,,1.0,60122.0,15250.0,101.104
232672,Mary Baldwin University,Staunton,VA,Southeast,City,Private nonprofit,1,0,3,4,1.0,,,,,,1090.0,0.7477,0.4706,0.2596,0.0927,0.0119,34152.0,34152.0,45935.0,12756.0,7926.0,0.2989,15.0,11160.0,0.5532,0.7068,0.4,32121.0,0.6678,0.393,44427.0,26586.0,101.104
232681,University of Mary Washington,Fredericksburg,VA,Southeast,Suburb,Public,1,0,3,4,2.0,0.7978,1272.0,635.0,590.0,29.0,3566.0,0.6411,0.5934,0.0816,0.1296,0.0443,14640.0,27560.0,31137.0,20667.0,9957.0,0.6799,13.0,11398.0,0.2105,0.2927,0.2479892761,80643.0,0.844,0.6641,60613.0,20500.0,101.104
232706,Marymount University,Arlington,VA,Southeast,City,Private nonprofit,1,0,3,4,2.0,0.9316,,,,,1810.0,0.6022,0.2486,0.1475,0.3044,0.0657,40920.0,40920.0,57184.0,29137.0,9455.0,0.4286,14.0,9258.0,0.2306,0.343,0.2982646421,46409.0,0.7259,0.5351,67516.0,25000.0,101.104
232797,American National University,Salem,VA,Southeast,Suburb,Private for-profit,1,0,2,4,1.0,,,,,,630.0,0.7825,0.4032,0.3603,0.0222,0.1508,10961.0,10961.0,25159.0,18036.0,4119.0,,12.0,4586.0,0.6827,0.7201,0.5898681471,14666.5,0.8333,0.3333,26370.0,12814.0,101.104
232885,Sentara College of Health Sciences,Chesapeake,VA,Southeast,City,Private nonprofit,1,0,3,4,,,,,,,242.0,0.9215,0.5372,0.1612,0.0744,0.0661,,,,,8947.0,0.6167,7.0,17030.0,0.3498,0.5513,0.368,47563.0,,,77821.0,19450.0,101.104
232937,Norfolk State University,Norfolk,VA,Southeast,City,Public,1,1,3,4,2.0,0.8777,927.0,497.0,475.0,18.0,5392.0,0.6754,0.018,0.8023,0.0473,0.002,10180.0,21682.0,26633.0,15282.0,9767.0,0.536,15.0,13530.0,0.6497,0.6388,0.3735213831,26072.0,0.7256,0.385,44666.0,29000.0,101.104
232982,Old Dominion University,Norfolk,VA,Southeast,City,Public,1,0,3,4,2.0,0.9036,1197.0,570.0,550.0,24.0,17514.0,0.5415,0.4061,0.3189,0.1125,0.0541,12750.0,33780.0,29446.0,14638.0,10583.0,0.9572,13.0,12901.0,0.3682,0.4056,0.3321371117,38019.5,0.7691,0.4632,54914.0,24000.0,101.104
233277,Radford University,Radford,VA,Southeast,Town,Public,1,0,3,4,2.0,0.8953,1060.0,515.0,535.0,21.0,6038.0,0.6413,0.6467,0.1365,0.1067,0.0167,12548.0,25633.0,28405.0,14578.0,9967.0,0.6767,14.0,14638.0,0.3713,0.5074,0.3143638851,54745.0,0.7557,0.4866,53739.0,24000.0,101.104
233295,Randolph-Macon College,Ashland,VA,Southeast,Suburb,Private nonprofit,1,0,3,4,2.0,0.8661,1095.0,,,,1639.0,0.5308,0.7346,0.094,0.0604,0.0281,49466.0,49466.0,63985.0,27866.0,9162.0,0.67,11.0,14501.0,0.1987,0.5733,0.2254237288,88919.0,0.8372,0.7048,58448.0,27000.0,101.104
233301,Randolph College,Lynchburg,VA,Southeast,City,Private nonprofit,1,0,3,4,2.0,0.9371,1134.0,530.0,495.0,25.0,658.0,0.5684,0.5669,0.2401,0.0912,0.0289,30310.0,30310.0,45040.0,15921.0,8701.0,1.0,8.0,15644.0,0.4584,0.671,0.2626865672,61543.0,0.745,0.4639,53409.0,26950.0,101.104
233356,Bon Secours Memorial College of Nursing,Richmond,VA,Southeast,Suburb,Private nonprofit,1,0,3,3,,,,,,,591.0,0.9002,0.6058,0.2792,0.0017,0.0474,,,,,8730.0,0.7541,10.0,7983.0,0.2746,0.4129,0.3620689655,43706.5,,,77014.0,26500.0,101.104
233374,University of Richmond,University of Richmond,VA,Southeast,City,Private nonprofit,1,0,3,4,2.0,0.222,1497.0,,,,2980.0,0.5409,0.6188,0.0648,0.0916,0.0621,65230.0,65230.0,80961.0,31309.0,14442.0,0.736,7.0,27137.0,0.1716,0.3166,0.1226295828,73024.0,0.9075,0.852,76178.0,21000.0,101.104
233408,Riverside College of Health Sciences,Newport News,VA,Southeast,City,Private nonprofit,1,0,2,3,2.0,0.129,,,,,350.0,0.9143,0.5886,0.2457,0.0457,0.0257,17250.0,17250.0,27018.0,20744.0,8175.0,0.7561,8.0,13902.0,0.4615,0.7477,0.344,30797.0,,1.0,66072.0,14787.0,101.104
233426,Roanoke College,Salem,VA,Southeast,Suburb,Private nonprofit,1,0,3,4,2.0,0.8306,1211.0,590.0,565.0,25.0,1767.0,0.5241,0.7617,0.0713,0.0696,0.0158,38068.0,38068.0,54283.0,24503.0,7553.0,0.8315,11.0,11658.0,0.244,0.8032,0.206590621,82237.5,0.7571,0.6736,58047.0,27000.0,101.104
233541,Shenandoah University,Winchester,VA,Southeast,City,Private nonprofit,1,0,3,4,2.0,0.7695,,,,,2116.0,0.5761,0.6078,0.0888,0.1267,0.0298,36950.0,36950.0,51928.0,30298.0,8154.0,0.5735,12.0,12250.0,0.1892,0.5073,0.2771317829,74547.0,0.8174,0.6682,58433.0,25000.0,101.104
233602,Southeastern Free Will Baptist Bible College,Wendell,NC,Southeast,Rural,Private nonprofit,1,0,3,3,1.0,,,,,,64.0,0.375,0.9688,0.0,0.0,0.0,11739.0,11739.0,21203.0,12602.0,5656.0,,8.0,5710.0,0.473,0.1892,,,0.8125,0.4167,,,94.326
233611,Southern Virginia University,Buena Vista,VA,Southeast,Town,Private nonprofit,1,0,3,3,2.0,0.9642,,571.0,552.0,22.0,936.0,0.469,0.7276,0.0684,0.0694,0.0096,21280.0,21280.0,34431.0,22213.0,6553.0,0.6364,14.0,7056.0,0.4519,0.5719,0.1714285714,55443.0,0.7401,0.3347,50002.0,24224.0,101.104
233684,Strayer University-Virginia,Arlington,VA,Southeast,City,Private for-profit,0,0,3,4,1.0,,,,,,1668.0,0.6853,0.2548,0.5384,0.0929,0.0354,13920.0,13920.0,25158.0,19578.0,8381.0,0.1463,47.0,1634.0,0.5935,0.6836,0.5372940338,18178.0,0.75,0.3636,40092.0,40621.0,101.104
233718,Sweet Briar College,Sweet Briar,VA,Southeast,Rural,Private nonprofit,1,0,3,3,2.0,0.7554,1230.0,580.0,560.0,25.0,443.0,1.0,0.702,0.0835,0.0632,0.0293,26160.0,26160.0,43898.0,17758.0,6914.0,0.6184,9.0,22377.0,0.3103,0.4655,0.232,41827.0,0.6934,0.5182,51943.0,27000.0,101.104
233842,Union Presbyterian Seminary,Richmond,VA,Southeast,City,Private nonprofit,1,0,4,4,,,,,,,,,,,,,,,,,8275.0,0.8,,35579.0,,,,,,,,,101.104
233897,University of Virginia's College at Wise,Wise,VA,Southeast,Town,Public,1,0,3,4,2.0,0.2854,1050.0,565.0,545.0,22.0,1101.0,0.5259,0.3569,0.0372,0.0036,0.01,11780.0,28010.0,26593.0,9210.0,9197.0,1.0,14.0,13373.0,0.3977,0.2282,0.3679369251,35325.0,0.7157,0.4706,45325.0,16750.0,101.104
233921,Virginia Polytechnic Institute and State University,Blacksburg,VA,Southeast,City,Public,1,0,3,4,2.0,0.5478,1364.0,650.0,660.0,29.0,30923.0,0.4331,0.5719,0.0587,0.0983,0.1366,15948.0,37764.0,36951.0,24953.0,14162.0,0.9865,17.0,15632.0,0.1529,0.3362,0.1776347546,89378.0,0.9308,0.8622,81698.0,21500.0,101.104
234030,Virginia Commonwealth University,Richmond,VA,Southeast,City,Public,1,0,3,4,2.0,0.9262,1137.0,605.0,580.0,25.0,20753.0,0.6339,0.3882,0.2318,0.1211,0.1386,16945.0,40109.0,38954.0,23433.0,12401.0,0.6103,17.0,16705.0,0.3119,0.3878,0.2760338814,51128.0,0.8534,0.6318,58128.0,21500.0,101.104
234076,University of Virginia-Main Campus,Charlottesville,VA,Southeast,Suburb,Public,1,0,3,4,2.0,0.1681,1480.0,720.0,720.0,34.0,17597.0,0.5612,0.4868,0.0754,0.079,0.1992,21803.0,59512.0,39926.0,21565.0,17428.0,0.9611,15.0,26598.0,0.1555,0.1999,0.1580020387,75580.0,0.9755,0.956,86863.0,17500.0,101.104
234085,Virginia Military Institute,Lexington,VA,Southeast,Town,Public,1,0,3,3,2.0,0.7125,1244.0,600.0,590.0,25.0,1527.0,0.1441,0.6916,0.0773,0.1054,0.0472,21046.0,52638.0,34824.0,17113.0,9070.0,1.0,9.0,21289.0,0.1647,0.5949,0.1524752475,99470.0,0.8098,0.7621,77369.0,22996.0,101.104
234137,Virginia University of Lynchburg,Lynchburg,VA,Southeast,City,Private nonprofit,1,1,3,4,1.0,,,,,,125.0,0.152,0.016,0.832,0.008,0.008,11360.0,11360.0,25328.0,21253.0,4122.0,0.5789,15.0,6129.0,0.7471,0.7706,0.5202702703,17828.0,0.75,0.3762,28396.0,24250.0,101.104
234155,Virginia State University,Petersburg,VA,Southeast,Suburb,Public,1,1,3,4,2.0,0.8863,948.0,480.0,455.0,18.0,5074.0,0.5899,0.0195,0.8305,0.0617,0.0026,10043.0,22650.0,27661.0,15840.0,9469.0,0.6473,13.0,15660.0,0.7213,0.7567,0.3416387159,30103.0,0.6939,0.3944,45543.0,26500.0,101.104
234164,Virginia Union University,Richmond,VA,Southeast,City,Private nonprofit,1,1,3,4,2.0,0.9799,850.0,421.0,404.0,16.0,1203.0,0.5204,0.0058,0.7539,0.0133,0.0033,17450.0,17450.0,29075.0,13235.0,5874.0,1.0,16.0,5548.0,0.6867,0.7103,0.4080882353,26681.0,0.6657,0.3415,38275.0,29000.0,101.104
234173,Virginia Wesleyan University,Virginia Beach,VA,Southeast,City,Private nonprofit,1,0,3,4,2.0,0.7287,,635.0,630.0,29.0,1256.0,0.5685,0.3933,0.199,0.0828,0.0271,37500.0,37500.0,51255.0,19676.0,8756.0,0.7023,15.0,10936.0,0.2712,0.4502,0.3087248322,47832.0,0.7425,0.4164,50074.0,27000.0,101.104
234207,Washington and Lee University,Lexington,VA,Southeast,Town,Private nonprofit,1,0,3,4,2.0,0.1397,1498.0,725.0,745.0,34.0,1881.0,0.5109,0.68,0.0457,0.0861,0.0473,68045.0,68045.0,87000.0,23781.0,14155.0,0.8779,7.0,40378.0,0.1133,0.1449,,115740.0,0.9661,0.9388,94810.0,19500.0,101.104
234669,Bellevue College,Bellevue,WA,Far West,City,Public,1,0,2,3,1.0,,,,,,7364.0,0.5694,0.2792,0.0515,0.1494,0.1919,4436.0,10502.0,20309.0,11430.0,11874.0,0.2886,14.0,6901.0,0.0992,0.0287,0.4112149533,23941.0,,0.3578,56310.0,12375.0,107.013
234696,Bellingham Technical College,Bellingham,WA,Far West,City,Public,1,0,1,3,1.0,,,,,,1733.0,0.5488,0.5453,0.0133,0.1841,0.0496,4431.0,5809.0,16104.0,5997.0,10210.0,1.0,24.0,12446.0,0.3086,0.0789,0.405451448,16695.0,,0.4167,49748.0,17459.0,107.013
234711,Big Bend Community College,Moses Lake,WA,Far West,Town,Public,1,0,2,3,1.0,,,,,,1272.0,0.6116,0.3396,0.0157,0.5204,0.0071,5059.0,5619.0,21661.0,12210.0,9944.0,0.9667,17.0,8570.0,0.3494,0.0677,0.5256723716,24000.0,,0.4151,43814.0,9166.0,107.013
234827,Central Washington University,Ellensburg,WA,Far West,Town,Public,1,0,3,4,2.0,0.9062,,,,,7833.0,0.5349,0.555,0.0472,0.2302,0.043,9417.0,27526.0,28816.0,18476.0,10124.0,0.6528,15.0,11278.0,0.2828,0.3129,0.4004042219,42459.0,0.7005,0.5361,61580.0,19500.0,107.013
234845,Centralia College,Centralia,WA,Far West,Town,Public,1,0,2,3,1.0,,,,,,1552.0,0.578,0.5844,0.0238,0.1849,0.0097,5266.0,5651.0,19910.0,9862.0,9395.0,1.0,16.0,6813.0,0.2724,0.0,0.4661016949,16369.0,,0.4172,43140.0,,107.013
234915,City University of Seattle,Seattle,WA,Far West,City,Private nonprofit,1,0,3,4,1.0,,,,,,1137.0,0.5233,0.1618,0.0809,0.606,0.0563,,,,,7147.0,0.0624,5.0,6232.0,0.107,0.1186,0.409252669,32049.0,,,69460.0,25000.0,107.013
234933,Clark College,Vancouver,WA,Far West,City,Public,1,0,2,3,1.0,,,,,,4945.0,0.6144,0.5013,0.0275,0.1917,0.054,5233.0,11183.0,19668.0,11465.0,11396.0,0.9836,12.0,9940.0,0.2406,0.2151,0.4245954693,21343.0,,0.3895,42356.0,10881.0,107.013
234951,Clover Park Technical College,Lakewood,WA,Far West,City,Public,1,0,1,3,1.0,,,,,,2636.0,0.5956,0.324,0.1358,0.1669,0.0706,6634.0,6634.0,18882.0,9864.0,8425.0,0.9767,20.0,7404.0,0.1813,0.0536,0.4594771242,19169.0,,0.4275,41787.0,12112.0,107.013
234979,Columbia Basin College,Pasco,WA,Far West,Suburb,Public,1,0,2,3,1.0,,,,,,4640.0,0.6282,0.3069,0.014,0.5321,0.02,6555.0,8668.0,18261.0,8317.0,9413.0,0.9813,20.0,6870.0,0.2572,0.0428,0.5005903188,24700.0,,0.333,46680.0,14829.0,107.013
235097,Eastern Washington University,Cheney,WA,Far West,Town,Public,1,0,3,4,2.0,0.9075,,,,,6222.0,0.5648,0.6019,0.0463,0.1988,0.0286,8586.0,25959.0,24478.0,13886.0,10643.0,0.6296,18.0,11582.0,0.351,0.3504,0.3623188406,38218.5,0.674,0.4349,57897.0,19500.0,107.013
235103,Edmonds College,Lynnwood,WA,Far West,Suburb,Public,1,0,2,3,1.0,,,,,,3656.0,0.5676,0.3001,0.0832,0.1502,0.1245,4810.0,10875.0,20062.0,11010.0,10127.0,0.903,11.0,9321.0,0.1395,0.0471,0.4378378378,20771.0,,0.2901,48144.0,11855.0,107.013
235149,Everett Community College,Everett,WA,Far West,City,Public,1,0,2,3,1.0,,,,,,4709.0,0.5901,0.4077,0.0448,0.1928,0.0998,5032.0,11171.0,20451.0,10684.0,9608.0,0.9774,17.0,7917.0,0.1713,0.0261,0.4654703643,22037.5,,0.3662,45434.0,10417.0,107.013
235167,The Evergreen State College,Olympia,WA,Far West,Suburb,Public,1,0,3,4,2.0,0.9637,1216.0,580.0,520.0,23.0,2160.0,0.6088,0.5644,0.0722,0.1532,0.0204,9264.0,31905.0,28477.0,24319.0,9212.0,0.6966,17.0,11647.0,0.4156,0.3961,0.3009009009,22200.0,0.6986,0.4074,45320.0,20500.0,107.013
235237,Pierce College District,Lakewood,WA,Far West,City,Public,1,0,2,3,1.0,,,,,,5313.0,0.6341,0.3461,0.1039,0.2016,0.0736,5418.0,5976.0,18085.0,10222.0,9325.0,0.9477,13.0,6475.0,0.2259,0.1143,0.4532317394,26391.5,,0.3077,47532.0,12000.0,107.013
235316,Gonzaga University,Spokane,WA,Far West,City,Private nonprofit,1,0,3,4,2.0,0.8169,1335.0,650.0,645.0,29.0,5198.0,0.5341,0.622,0.0129,0.1449,0.066,55480.0,55480.0,73178.0,35119.0,11036.0,0.5895,12.0,15138.0,0.1441,0.3556,0.1331010453,110000.0,0.929,0.8629,78892.0,24454.0,107.013
235334,Grays Harbor College,Aberdeen,WA,Far West,Rural,Public,1,0,2,3,1.0,,,,,,1010.0,0.5168,0.5168,0.0317,0.205,0.0158,5593.0,12553.0,15708.0,4783.0,9138.0,0.9688,14.0,12295.0,0.2796,0.0433,0.5112960761,15233.5,,0.3947,40865.0,11075.0,107.013
235343,Green River College,Auburn,WA,Far West,City,Public,1,0,2,3,1.0,,,,,,4965.0,0.5138,0.2429,0.0868,0.1478,0.1247,4711.0,5263.0,22040.0,13803.0,10016.0,1.0,11.0,7997.0,0.1856,0.0639,0.4482589505,22259.5,,0.3877,50712.0,11891.0,107.013
235422,Heritage University,Toppenish,WA,Far West,Rural,Private nonprofit,1,0,3,4,1.0,,,,,,812.0,0.7746,0.0998,0.0099,0.7303,0.0062,20928.0,20928.0,31209.0,14598.0,8471.0,0.4041,9.0,13774.0,0.6667,0.3576,0.6344827586,26087.0,0.568,0.5368,49416.0,14573.0,107.013
235431,Highline College,Des Moines,WA,Far West,Suburb,Public,1,0,2,3,1.0,,,,,,3838.0,0.6532,0.1545,0.1712,0.2043,0.1506,4772.0,5332.0,18812.0,9879.0,10738.0,0.9515,13.0,10033.0,0.1912,0.0189,0.4987046632,18708.0,,0.3546,47869.0,9500.0,107.013
235547,Bastyr University,Kenmore,WA,Far West,Suburb,Private nonprofit,1,0,3,4,,,,,,,39.0,0.8205,0.641,0.0769,0.0,0.0513,,,,,7395.0,0.5085,12.0,18357.0,0.1379,0.1724,,18650.5,,,49364.0,13817.0,107.013
235699,Lake Washington Institute of Technology,Kirkland,WA,Far West,Suburb,Public,1,0,1,3,1.0,,,,,,2406.0,0.579,0.3541,0.0478,0.1704,0.1131,5997.0,12062.0,16339.0,6817.0,9914.0,0.9681,18.0,12646.0,0.1343,0.0486,0.4133165829,22342.0,,0.3701,50669.0,15047.0,107.013
235750,Lower Columbia College,Longview,WA,Far West,City,Public,1,0,2,3,1.0,,,,,,1932.0,0.7226,0.6097,0.0285,0.1527,0.0228,4626.0,6003.0,16169.0,7630.0,9911.0,0.9383,15.0,8589.0,0.3648,0.1302,0.4661525278,14682.5,,0.2338,40691.0,10506.0,107.013
236072,North Seattle College,Seattle,WA,Far West,City,Public,1,0,1,3,1.0,,,,,,3074.0,0.5927,0.2772,0.1129,0.2056,0.0999,5238.0,5796.0,18943.0,10740.0,10673.0,0.96,18.0,8507.0,0.1383,0.0217,0.3994732221,18408.0,,0.3277,47728.0,15458.0,107.013
236133,Northwest University,Kirkland,WA,Far West,Suburb,Private nonprofit,1,0,3,4,2.0,0.832,1150.0,558.0,540.0,28.0,645.0,0.5969,0.5907,0.0589,0.1287,0.0512,36035.0,36035.0,50501.0,22288.0,8558.0,0.2461,9.0,15820.0,0.2533,0.5508,0.3636363636,46713.5,0.8389,0.7078,54914.0,20891.0,107.013
236188,Olympic College,Bremerton,WA,Far West,City,Public,1,0,2,3,1.0,,,,,,3826.0,0.6009,0.4459,0.0442,0.1495,0.0635,4197.0,9740.0,15585.0,7172.0,10327.0,0.9648,17.0,7615.0,0.186,0.0637,0.4201973302,18989.0,,0.3103,43169.0,12000.0,107.013
236230,Pacific Lutheran University,Tacoma,WA,Far West,Suburb,Private nonprofit,1,0,3,4,2.0,0.7802,1168.0,632.0,632.0,25.0,2401.0,0.6422,0.4481,0.0541,0.1928,0.1033,52254.0,52254.0,62459.0,19589.0,8581.0,0.6962,12.0,12280.0,0.3527,0.4421,0.2958139535,59189.0,0.8194,0.6857,66990.0,22578.0,107.013
236258,Peninsula College,Port Angeles,WA,Far West,Town,Public,1,0,1,3,1.0,,,,,,1263.0,0.6089,0.5139,0.0206,0.1291,0.0158,4718.0,5270.0,18514.0,9246.0,8470.0,0.9841,16.0,10594.0,0.3157,0.0735,0.443597561,14857.5,,0.3688,37078.0,15786.0,107.013
236328,University of Puget Sound,Tacoma,WA,Far West,City,Private nonprofit,1,0,3,4,2.0,0.7225,1296.0,640.0,620.0,29.0,1594.0,0.5627,0.6606,0.0314,0.1136,0.0678,62898.0,62898.0,78378.0,38394.0,10726.0,0.7479,10.0,23433.0,0.1728,0.4314,0.1231788079,90104.5,0.8402,0.6799,69594.0,25000.0,107.013
236382,Renton Technical College,Renton,WA,Far West,City,Public,1,0,1,3,1.0,,,,,,1783.0,0.5373,0.1935,0.1705,0.2109,0.1548,6308.0,7369.0,17585.0,8296.0,9928.0,0.9625,19.0,12829.0,0.2095,0.0304,0.52,17837.0,,0.4586,49782.0,7920.0,107.013
236452,Saint Martin's University,Lacey,WA,Far West,City,Private nonprofit,1,0,3,4,2.0,0.898,1093.0,573.0,538.0,21.0,1158.0,0.563,0.3739,0.0691,0.2435,0.1071,45510.0,45510.0,62449.0,28119.0,7413.0,0.5105,11.0,9107.0,0.4191,0.6867,0.340952381,41889.0,0.6459,0.519,62092.0,22500.0,107.013
236504,South Seattle College,Seattle,WA,Far West,City,Public,1,0,1,3,1.0,,,,,,1616.0,0.4208,0.2079,0.1782,0.1739,0.1646,5238.0,5796.0,15385.0,6004.0,10627.0,0.9863,33.0,7710.0,0.0952,0.0366,0.4848066298,17191.0,,0.3142,44486.0,,107.013
236513,Seattle Central College,Seattle,WA,Far West,City,Public,1,0,2,3,1.0,,,,,,3953.0,0.5712,0.2267,0.1528,0.1493,0.1427,5184.0,5745.0,17889.0,8819.0,11099.0,0.9863,17.0,10109.0,0.2061,0.0319,0.4375757576,15512.5,,0.3155,43307.0,12000.0,107.013
236577,Seattle Pacific University,Seattle,WA,Far West,City,Private nonprofit,1,0,3,4,2.0,0.834,,595.0,580.0,24.0,1762.0,0.6493,0.307,0.088,0.1918,0.143,40407.0,40407.0,56826.0,24488.0,9581.0,0.5583,13.0,15613.0,0.3534,0.4892,0.2286995516,62276.0,0.7237,0.6195,64506.0,24000.0,107.013
236595,Seattle University,Seattle,WA,Far West,City,Private nonprofit,1,0,3,4,2.0,0.7692,1307.0,605.0,620.0,28.0,4062.0,0.6027,0.2878,0.0751,0.1583,0.2804,56721.0,56721.0,72124.0,34662.0,8352.0,0.6705,10.0,18739.0,0.2357,0.4939,0.1940298507,74787.5,0.8422,0.7551,75272.0,19883.0,107.013
236638,Skagit Valley College,Mount Vernon,WA,Far West,City,Public,1,0,2,3,1.0,,,,,,2477.0,0.6249,0.4562,0.0295,0.3088,0.0529,5400.0,7500.0,14866.0,6064.0,10052.0,1.0,16.0,8929.0,0.2108,0.0466,0.4403470716,22051.0,,0.3612,43505.0,13805.0,107.013
236692,Spokane Community College,Spokane,WA,Far West,City,Public,1,0,2,3,1.0,,,,,,4533.0,0.6034,0.5831,0.0355,0.1273,0.0225,5461.0,6612.0,13839.0,5473.0,9987.0,1.0,14.0,7740.0,0.3174,0.2111,0.4042553191,20691.0,,0.3333,41984.0,13501.0,107.013
236708,Spokane Falls Community College,Spokane,WA,Far West,City,Public,1,0,2,3,1.0,,,,,,3199.0,0.5927,0.5955,0.0316,0.1304,0.0203,5461.0,6612.0,15685.0,7409.0,9920.0,1.0,12.0,6146.0,0.2949,0.1724,0.361754386,23411.0,,0.3204,38955.0,12000.0,107.013
236753,Tacoma Community College,Tacoma,WA,Far West,City,Public,1,0,2,3,1.0,,,,,,4668.0,0.6667,0.2905,0.1035,0.1937,0.0883,5507.0,11646.0,16766.0,8376.0,10325.0,0.9608,17.0,8226.0,0.258,0.1204,0.450525394,21692.0,,0.3154,47168.0,13000.0,107.013
236887,Walla Walla Community College,Walla Walla,WA,Far West,City,Public,1,0,2,3,1.0,,,,,,2418.0,0.4975,0.4611,0.0529,0.323,0.0136,5279.0,6700.0,19268.0,9406.0,9594.0,1.0,18.0,9866.0,0.3162,0.1244,0.4568181818,23492.0,,0.3822,43526.0,14000.0,107.013
236896,Walla Walla University,College Place,WA,Far West,Suburb,Private nonprofit,1,0,3,4,1.0,,,,,,1252.0,0.4816,0.4593,0.0423,0.2332,0.0543,34227.0,34227.0,45903.0,23329.0,7406.0,1.0,14.0,14372.0,0.2598,0.4715,0.1661442006,65228.5,0.8491,0.599,61885.0,26842.0,107.013
236939,Washington State University,Pullman,WA,Far West,Town,Public,1,0,3,4,2.0,0.8664,,,,,21099.0,0.5326,0.5749,0.0319,0.1885,0.0677,13391.0,29950.0,27648.0,14971.0,11233.0,0.8421,15.0,11856.0,0.2738,0.3031,0.3408797654,44850.0,0.7834,0.605,68905.0,19500.0,107.013
236948,University of Washington-Seattle Campus,Seattle,WA,Far West,City,Public,1,0,3,4,2.0,0.3915,,,,,31942.0,0.5664,0.3319,0.0433,0.1032,0.2742,12973.0,43209.0,32446.0,14091.0,15198.0,0.7986,20.0,24064.0,0.1486,0.1489,0.3272745332,39205.0,0.9473,0.8518,78466.0,14615.0,107.013
236975,Wenatchee Valley College,Wenatchee,WA,Far West,City,Public,1,0,2,3,1.0,,,,,,1759.0,0.643,0.3172,0.0142,0.5037,0.008,5267.0,5636.0,20827.0,9722.0,10907.0,1.0,14.0,11990.0,0.2731,0.0415,0.5275275275,23128.0,,0.433,41127.0,10332.0,107.013
237011,Western Washington University,Bellingham,WA,Far West,City,Public,1,0,3,4,2.0,0.9325,1289.0,615.0,585.0,26.0,13544.0,0.5691,0.6914,0.0196,0.1131,0.0585,9582.0,28707.0,30359.0,21193.0,11802.0,0.714,18.0,13138.0,0.2089,0.2921,0.2668539326,51312.0,0.7937,0.6464,62569.0,18500.0,107.013
237039,Whatcom Community College,Bellingham,WA,Far West,City,Public,1,0,2,3,1.0,,,,,,2378.0,0.569,0.4807,0.0177,0.1661,0.0589,5115.0,11037.0,19672.0,11795.0,10799.0,1.0,11.0,10857.0,0.2057,0.0533,0.4124365482,19256.0,,0.3639,44092.0,10643.0,107.013
237057,Whitman College,Walla Walla,WA,Far West,City,Private nonprofit,1,0,3,3,2.0,0.3815,1410.0,685.0,690.0,31.0,1531.0,0.5722,0.5604,0.0294,0.13,0.0549,64050.0,64050.0,78092.0,33313.0,10628.0,0.8711,10.0,23597.0,0.1632,0.5356,0.116838488,98863.0,0.8671,0.8052,67589.0,18437.0,107.013
237066,Whitworth University,Spokane,WA,Far West,Suburb,Private nonprofit,1,0,3,4,2.0,0.8978,1220.0,590.0,585.0,25.0,1858.0,0.549,0.6286,0.0226,0.1329,0.0366,52880.0,52880.0,68516.0,26534.0,8332.0,1.0,11.0,13375.0,0.2945,0.557,0.242248062,63155.0,0.776,0.7089,58561.0,25000.0,107.013
237109,Yakima Valley College,Yakima,WA,Far West,City,Public,1,0,2,3,1.0,,,,,,2770.0,0.6993,0.2462,0.0076,0.6361,0.0116,5312.0,5873.0,21199.0,11843.0,9304.0,0.9643,15.0,8547.0,0.3809,0.0724,0.555849306,23450.5,,0.2927,43499.0,13966.0,107.013
237136,Appalachian Bible College,Mount Hope,WV,Southeast,Suburb,Private nonprofit,1,0,3,4,2.0,0.7778,1039.0,575.0,538.0,23.0,193.0,0.4041,0.886,0.0259,0.0155,0.0155,18760.0,18760.0,31423.0,11579.0,3332.0,0.5526,7.0,5643.0,0.4186,0.1814,,41816.5,0.6571,0.7105,37467.0,11000.0,89.497
237181,Bethany College,Bethany,WV,Southeast,Rural,Private nonprofit,1,0,3,4,2.0,0.5879,,500.0,490.0,22.0,614.0,0.4137,0.4414,0.1547,0.0537,0.0016,36765.0,36765.0,50758.0,18605.0,6417.0,1.0,12.0,5782.0,0.5116,0.7473,0.3387978142,50433.0,0.5375,0.4682,44512.0,27000.0,89.497
237215,Bluefield State University,Bluefield,WV,Southeast,Town,Public,1,1,3,4,2.0,0.9723,989.0,500.0,495.0,20.0,1042.0,0.5893,0.6622,0.2236,0.0528,0.0048,10648.0,18376.0,21839.0,13684.0,7349.0,0.6296,13.0,8826.0,0.4444,0.554,0.4924924925,26625.0,0.5484,0.37,38217.0,18250.0,89.497
237312,University of Charleston,Charleston,WV,Southeast,City,Private nonprofit,1,0,3,4,2.0,0.6152,,,,,2259.0,0.378,0.6596,0.0943,0.0872,0.0106,33800.0,33800.0,46470.0,22107.0,7297.0,0.5506,15.0,5497.0,0.3143,0.3546,0.4312736444,44569.5,0.7479,0.4555,55774.0,19500.0,89.497
237330,Concord University,Athens,WV,Southeast,Rural,Public,1,0,3,4,2.0,0.9256,977.0,520.0,490.0,21.0,1504.0,0.5944,0.7872,0.0971,0.0027,0.004,10664.0,22000.0,20434.0,9966.0,7270.0,0.8168,16.0,6332.0,0.4952,0.4633,0.4765380605,33025.0,0.6484,0.3897,42703.0,18900.0,89.497
237358,Davis & Elkins College,Elkins,WV,Southeast,Town,Private nonprofit,1,0,3,3,2.0,0.9433,,,,,661.0,0.5688,0.5991,0.0651,0.0635,0.0061,31820.0,31820.0,44888.0,18273.0,5987.0,0.5747,10.0,10030.0,0.4334,0.631,0.4784688995,40924.0,0.6522,0.3929,43411.0,27000.0,89.497
237367,Fairmont State University,Fairmont,WV,Southeast,Town,Public,1,0,3,4,2.0,0.9862,996.0,510.0,485.0,20.0,2590.0,0.5734,0.8641,0.0556,0.0023,0.005,8708.0,18924.0,20018.0,9032.0,7101.0,0.9167,14.0,8719.0,0.3429,0.3926,0.4139814309,41285.0,0.6739,0.4425,46857.0,21000.0,89.497
237385,Glenville State University,Glenville,WV,Southeast,Rural,Public,1,0,3,4,1.0,,,,,,1096.0,0.4261,0.7536,0.1031,0.0465,0.0009,9578.0,11354.0,23591.0,14006.0,6619.0,0.5492,13.0,5479.0,0.3912,0.4309,0.4847715736,28906.0,0.5539,0.3392,39315.0,25000.0,89.497
237525,Marshall University,Huntington,WV,Southeast,City,Public,1,0,3,4,2.0,0.9573,1061.0,540.0,500.0,22.0,7266.0,0.5601,0.8163,0.0537,0.0293,0.0132,9162.0,20342.0,22022.0,7502.0,8576.0,0.7464,16.0,10515.0,0.3868,0.3953,0.3740231743,41378.0,0.7218,0.5123,46354.0,23250.0,89.497
237686,West Virginia University at Parkersburg,Parkersburg,WV,Southeast,Rural,Public,1,0,2,3,1.0,,,,,,1868.0,0.6167,0.9288,0.0139,0.0193,0.0027,4612.0,9124.0,9420.0,1807.0,6342.0,0.3231,17.0,6481.0,0.3278,0.1807,0.449031171,25133.5,,0.0909,35171.0,12570.0,89.497
237701,Potomac State College of West Virginia University,Keyser,WV,Southeast,Town,Public,0,0,2,3,1.0,,,,,,853.0,0.5955,0.8324,0.0551,0.0399,0.0059,5280.0,13200.0,17619.0,9197.0,7118.0,0.7538,13.0,3620.0,0.3781,0.2991,0.3039163376,60096.0,0.577,0.3096,55939.0,22500.0,89.497
237783,Salem University,Salem,WV,Southeast,Rural,Private for-profit,1,0,3,4,1.0,,,,,,892.0,0.6581,0.6031,0.1233,0.0426,0.0056,11900.0,11900.0,18650.0,12303.0,4189.0,0.1667,19.0,2609.0,0.7461,0.7173,0.5395683453,19775.0,0.5476,0.1992,34642.0,24694.0,89.497
237792,Shepherd University,Shepherdstown,WV,Southeast,Rural,Public,1,0,3,4,2.0,0.9678,1034.0,555.0,515.0,23.0,2344.0,0.6054,0.7231,0.0828,0.087,0.0145,9056.0,19082.0,19601.0,11363.0,7788.0,0.5281,17.0,8565.0,0.2943,0.3922,0.4086097389,46435.0,0.7138,0.5103,49358.0,21600.0,89.497
237880,West Virginia School of Osteopathic Medicine,Lewisburg,WV,Southeast,Town,Public,1,0,4,4,,,,,,,,,,,,,,,,,,,,26813.0,,,,,,,,,89.497
237899,West Virginia State University,Institute,WV,Southeast,Suburb,Public,1,1,3,4,2.0,0.9596,955.0,,,,1321.0,0.5541,0.617,0.1976,0.0341,0.0076,9570.0,14990.0,19772.0,11139.0,7141.0,0.6714,13.0,4417.0,0.2014,0.1794,0.4338725024,30715.0,0.5673,0.3918,40492.0,23338.0,89.497
237932,West Liberty University,West Liberty,WV,Southeast,Rural,Public,1,0,3,4,2.0,0.9727,1045.0,528.0,505.0,21.0,1511.0,0.6056,0.8147,0.0529,0.002,0.0053,8893.0,17442.0,23809.0,15366.0,7150.0,0.6429,12.0,7232.0,0.3188,0.4393,0.3562970936,45145.0,0.6886,0.5953,43296.0,23250.0,89.497
237950,West Virginia University Institute of Technology,Beckley,WV,Southeast,City,Public,0,0,3,3,2.0,0.3668,1033.0,515.0,510.0,22.0,981.0,0.4261,0.7717,0.0326,0.0306,0.0122,8424.0,21072.0,18907.0,9337.0,8140.0,0.6916,13.0,6243.0,0.2738,0.2434,0.3039163376,60096.0,0.6176,0.3296,55939.0,22500.0,89.497
237969,West Virginia Wesleyan College,Buckhannon,WV,Southeast,Town,Private nonprofit,1,0,3,4,2.0,0.9334,1052.0,544.0,530.0,21.0,954.0,0.5073,0.6625,0.1321,0.0556,0.0094,34090.0,34090.0,48190.0,18083.0,6450.0,0.6168,13.0,8030.0,0.3763,0.6535,0.295379538,63074.0,0.6732,0.5714,51593.0,27000.0,89.497
237996,West Virginia Junior College-Morgantown,Morgantown,WV,Southeast,City,Private for-profit,1,0,2,3,1.0,,,,,,673.0,0.8707,0.8826,0.0594,0.0178,0.0074,14798.0,14798.0,24052.0,15520.0,5677.0,,17.0,4546.0,0.7449,0.8596,0.6095505618,18881.0,,0.7111,31912.0,9881.0,89.497
238032,West Virginia University,Morgantown,WV,Southeast,City,Public,1,0,3,4,2.0,0.89,1122.0,570.0,560.0,24.0,17385.0,0.5122,0.8186,0.0297,0.0466,0.0155,10104.0,28608.0,26415.0,15634.0,11832.0,0.7414,19.0,13615.0,0.2157,0.4468,0.3039163376,60096.0,0.8343,0.6466,55939.0,22500.0,89.497
238078,Wheeling University,Wheeling,WV,Southeast,City,Private nonprofit,1,0,3,4,2.0,0.6316,,555.0,510.0,20.0,589.0,0.399,0.4873,0.2156,0.0458,0.0068,29875.0,29875.0,42504.0,20503.0,5906.0,1.0,15.0,7539.0,0.3156,0.6063,0.3673469388,59200.5,0.5366,0.2333,57949.0,25125.0,89.497
238193,Alverno College,Milwaukee,WI,Great Lakes,City,Private nonprofit,1,0,3,4,2.0,0.8574,,,,,631.0,0.9857,0.2694,0.1933,0.4168,0.0507,34086.0,34086.0,51362.0,22540.0,6282.0,0.2577,13.0,8871.0,0.451,0.4667,0.4426470588,34078.5,0.6096,0.4918,53145.0,27000.0,94.095
238324,Bellin College,Green Bay,WI,Great Lakes,Suburb,Private nonprofit,1,0,3,4,2.0,0.9718,,,,22.0,372.0,0.9274,0.9005,0.0054,0.0215,0.0215,30952.0,30952.0,42941.0,37408.0,8323.0,0.8246,10.0,10230.0,0.1258,0.3742,0.3103448276,83875.5,0.9464,0.6304,76222.0,18000.0,94.095
238333,Beloit College,Beloit,WI,Great Lakes,City,Private nonprofit,1,0,3,3,2.0,0.6304,1287.0,635.0,660.0,26.0,926.0,0.5065,0.5281,0.0767,0.1771,0.0238,60886.0,60886.0,71365.0,21526.0,7725.0,0.78,12.0,11768.0,0.2964,0.5369,0.1930184805,69784.0,0.8056,0.7105,53260.0,25738.0,94.095
238458,Carroll University,Waukesha,WI,Great Lakes,City,Private nonprofit,1,0,3,4,2.0,0.6684,1190.0,590.0,590.0,25.0,2523.0,0.6742,0.6964,0.0416,0.1379,0.025,38890.0,38890.0,52639.0,15193.0,8605.0,0.378,14.0,9831.0,0.2291,0.5864,0.2715654952,79870.0,0.7825,0.707,58009.0,27000.0,94.095
238476,Carthage College,Kenosha,WI,Great Lakes,City,Private nonprofit,1,0,3,4,2.0,0.8706,1150.0,550.0,540.0,24.0,2660.0,0.5733,0.6417,0.0549,0.1801,0.0271,38750.0,38750.0,50822.0,26565.0,8981.0,0.4714,14.0,10242.0,0.271,0.8641,0.2623839009,80809.0,0.7339,0.6426,56950.0,26000.0,94.095
238616,Concordia University-Wisconsin,Mequon,WI,Great Lakes,Suburb,Private nonprofit,1,0,3,4,2.0,0.782,1190.0,,,23.0,2197.0,0.6017,0.6955,0.102,0.0774,0.0269,35470.0,35470.0,53315.0,36201.0,7256.0,1.0,11.0,10274.0,0.2673,0.6012,0.3183879093,58748.0,0.781,0.6835,56075.0,25750.0,94.095
238661,Edgewood University,Madison,WI,Great Lakes,City,Private nonprofit,1,0,3,4,2.0,0.7573,,,,,1107.0,0.6495,0.7724,0.0416,0.1039,0.0226,35860.0,35860.0,50903.0,26113.0,7213.0,0.3938,15.0,7993.0,0.2578,0.575,0.2810271041,58183.0,0.7315,0.6024,59728.0,24424.0,94.095
238980,Lakeland University,Plymouth,WI,Great Lakes,Rural,Private nonprofit,1,0,3,4,2.0,0.8628,,,,,1212.0,0.5495,0.632,0.1081,0.0932,0.0413,33396.0,33396.0,48840.0,24212.0,7358.0,0.2083,12.0,7415.0,0.2515,0.4465,0.4363636364,38821.5,0.6332,0.4245,55961.0,25000.0,94.095
239017,Lawrence University,Appleton,WI,Great Lakes,City,Private nonprofit,1,0,3,3,2.0,0.6394,1350.0,680.0,665.0,30.0,1396.0,0.5165,0.5974,0.0458,0.1239,0.0358,56982.0,56982.0,69849.0,23401.0,8785.0,0.8368,7.0,22280.0,0.2199,0.4858,0.1739130435,83776.0,0.8657,0.7677,55789.0,26000.0,94.095
239071,Maranatha Baptist University,Watertown,WI,Great Lakes,Town,Private nonprofit,1,0,3,4,2.0,0.719,1170.0,570.0,510.0,24.0,541.0,0.5638,0.817,0.0259,0.0832,0.0203,21550.0,21550.0,37092.0,26005.0,4049.0,0.602,11.0,7680.0,0.3399,0.2398,0.1915492958,49012.0,0.8824,0.6357,45593.0,14143.0,94.095
239080,Marian University,Fond Du Lac,WI,Great Lakes,City,Private nonprofit,1,0,3,4,2.0,0.7498,,465.0,475.0,21.0,1010.0,0.6188,0.6545,0.0723,0.1228,0.0109,35178.0,35178.0,44450.0,21937.0,8154.0,0.9149,11.0,5320.0,0.3259,0.7775,0.3896961691,57509.0,0.6746,0.4416,53501.0,25000.0,94.095
239105,Marquette University,Milwaukee,WI,Great Lakes,City,Private nonprofit,1,0,3,4,2.0,0.8134,1310.0,635.0,635.0,28.0,7660.0,0.5604,0.6645,0.054,0.159,0.0636,51170.0,51170.0,66768.0,31487.0,11059.0,0.5935,14.0,14847.0,0.1839,0.3838,0.1934628975,96300.0,0.9097,0.8321,78257.0,23940.0,94.095
239169,Medical College of Wisconsin,Milwaukee,WI,Great Lakes,Suburb,Private nonprofit,1,0,4,4,,,,,,,,,,,,,,,,,,,,80631.0,,,,6282.0,,,,,94.095
239309,Milwaukee Institute of Art & Design,Milwaukee,WI,Great Lakes,City,Private nonprofit,1,0,3,3,2.0,0.6054,,,,,837.0,0.8088,0.6392,0.0597,0.1828,0.0466,43743.0,43743.0,53528.0,26541.0,6527.0,0.3219,11.0,9256.0,0.3729,0.7819,0.3005780347,48419.0,0.795,0.6695,41174.0,27000.0,94.095
239318,Milwaukee School of Engineering,Milwaukee,WI,Great Lakes,City,Private nonprofit,1,0,3,4,2.0,0.5893,,613.0,670.0,27.0,2654.0,0.2924,0.6714,0.0305,0.1123,0.055,50480.0,50480.0,62648.0,22453.0,10194.0,0.6006,12.0,13879.0,0.2417,0.5623,0.2359882006,68352.0,0.8378,0.6711,89070.0,27000.0,94.095
239390,Mount Mary University,Milwaukee,WI,Great Lakes,City,Private nonprofit,1,0,3,4,2.0,0.6233,1020.0,511.0,484.0,19.0,631.0,0.9984,0.2868,0.2361,0.3582,0.0681,35420.0,35420.0,49270.0,20144.0,6776.0,0.3977,9.0,10648.0,0.5941,0.6287,0.3933161954,31190.0,0.6725,0.4296,48745.0,25288.0,94.095
239424,Nashotah House,Nashotah,WI,Great Lakes,Suburb,Private nonprofit,1,0,4,4,,,,,,,,,,,,,,,,,5572.0,1.0,,8542.0,,,,,,,,,94.095
239628,Ripon College,Ripon,WI,Great Lakes,Town,Private nonprofit,1,0,3,4,2.0,0.7984,1176.0,530.0,520.0,24.0,688.0,0.4564,0.7892,0.0334,0.1076,0.0131,51900.0,51900.0,63540.0,20216.0,8249.0,1.0,12.0,13869.0,0.3379,0.703,0.2808022923,75858.0,0.7231,0.633,54902.0,27000.0,94.095
239637,Sacred Heart Seminary and School of Theology,Franklin,WI,Great Lakes,Suburb,Private nonprofit,1,0,4,4,,,,,,,,,,,,,,,,,7415.0,1.0,,21426.0,,,,,,,,,94.095
239716,Saint Norbert College,De Pere,WI,Great Lakes,Suburb,Private nonprofit,1,0,3,4,2.0,0.8574,1182.0,600.0,590.0,27.0,1662.0,0.5355,0.8267,0.0187,0.0542,0.0126,45580.0,45580.0,59422.0,26172.0,9440.0,0.8217,14.0,12300.0,0.147,0.4351,0.2054176072,85480.0,0.8367,0.7129,58363.0,26731.0,94.095
240107,Viterbo University,La Crosse,WI,Great Lakes,City,Private nonprofit,1,0,3,4,2.0,0.7243,1190.0,570.0,535.0,23.0,1249.0,0.711,0.8014,0.0264,0.0689,0.0184,34250.0,34250.0,45558.0,21260.0,7309.0,0.4361,10.0,8971.0,0.2626,0.5814,0.2816229117,67276.0,0.7619,0.6838,55660.0,25000.0,94.095
240189,University of Wisconsin-Whitewater,Whitewater,WI,Great Lakes,Town,Public,1,0,3,4,2.0,0.8572,1050.0,,,21.0,9405.0,0.4895,0.7797,0.0536,0.0989,0.0186,8616.0,18716.0,18719.0,14158.0,9017.0,0.9461,21.0,8065.0,0.2517,0.4625,0.2996237065,70028.0,0.7804,0.589,55356.0,23188.0,94.095
240213,Wisconsin School of Professional Psychology,Milwaukee,WI,Great Lakes,City,Private nonprofit,1,0,4,4,,,,,,,,,,,,,,,,,,,,10574.0,,,,,,,,,94.095
240268,University of Wisconsin-Eau Claire,Eau Claire,WI,Great Lakes,City,Public,1,0,3,4,2.0,0.8234,1220.0,,,24.0,8895.0,0.6026,0.8507,0.0107,0.0434,0.0305,9642.0,19228.0,21705.0,16550.0,9157.0,0.7799,19.0,9211.0,0.1964,0.4209,0.2198406156,79294.0,0.8175,0.6381,58561.0,20909.0,94.095
240277,University of Wisconsin-Green Bay,Green Bay,WI,Great Lakes,City,Public,1,0,3,4,2.0,0.8859,1120.0,,,22.0,6341.0,0.6206,0.7306,0.0289,0.106,0.0449,8700.0,17288.0,19366.0,13369.0,8077.0,0.7169,25.0,6613.0,0.2183,0.2739,0.3631100083,53209.0,0.6591,0.4822,52528.0,18500.0,94.095
240329,University of Wisconsin-La Crosse,La Crosse,WI,Great Lakes,City,Public,1,0,3,4,2.0,0.755,1220.0,,,24.0,9277.0,0.5663,0.8862,0.0063,0.0392,0.0197,10070.0,19517.0,19593.0,16210.0,8349.0,0.8112,20.0,8467.0,0.1441,0.4229,0.2138098122,83835.0,0.8651,0.7096,60378.0,22500.0,94.095
240338,Wisconsin Lutheran College,Milwaukee,WI,Great Lakes,City,Private nonprofit,1,0,3,4,2.0,0.7816,1239.0,540.0,550.0,25.0,943.0,0.5154,0.7582,0.0467,0.0997,0.0191,36110.0,36110.0,48785.0,23245.0,7508.0,0.961,11.0,10769.0,0.286,0.6768,0.2936802974,68509.0,0.7251,0.6357,54664.0,26000.0,94.095
240365,University of Wisconsin-Oshkosh,Oshkosh,WI,Great Lakes,City,Public,1,0,3,4,2.0,0.865,1090.0,,,21.0,6877.0,0.5587,0.7899,0.0249,0.0672,0.0429,8532.0,16446.0,19652.0,14305.0,8888.0,0.753,22.0,10569.0,0.1607,0.2423,0.3102329696,65029.0,0.693,0.4614,55548.0,21500.0,94.095
240374,University of Wisconsin-Parkside,Kenosha,WI,Great Lakes,Rural,Public,1,0,3,4,2.0,0.7539,1090.0,,,21.0,2844.0,0.5471,0.5795,0.089,0.2134,0.0299,8270.0,17429.0,18199.0,11772.0,8388.0,0.7243,20.0,8443.0,0.3503,0.357,0.4094707521,42730.0,0.6872,0.404,51129.0,20492.0,94.095
240392,Herzing University-Madison,Madison,WI,Great Lakes,City,Private nonprofit,1,0,1,4,2.0,0.943,,,,,2494.0,0.8765,0.3356,0.4451,0.1111,0.0245,13450.0,13450.0,27939.0,22327.0,6724.0,0.1124,19.0,4765.0,0.6937,0.6864,0.5209032652,18321.0,0.3971,0.284,36909.0,21500.0,94.095
240417,University of Wisconsin-Stout,Menomonie,WI,Great Lakes,Town,Public,1,0,3,4,2.0,0.8767,1150.0,,,23.0,5842.0,0.4295,0.8271,0.0154,0.0416,0.0306,10701.0,19265.0,22797.0,17490.0,8344.0,0.7206,18.0,9240.0,0.2386,0.4804,0.2783985102,70070.0,0.789,0.5486,58084.0,23000.0,94.095
240426,University of Wisconsin-Superior,Superior,WI,Great Lakes,Suburb,Public,1,0,3,4,2.0,0.9301,1090.0,,,21.0,1807.0,0.6375,0.7698,0.0249,0.0371,0.0122,8812.0,16726.0,19860.0,12220.0,7266.0,0.8456,18.0,10961.0,0.3082,0.4343,0.2959285005,47927.0,0.7183,0.4188,49606.0,22500.0,94.095
240444,University of Wisconsin-Madison,Madison,WI,Great Lakes,City,Public,1,0,3,4,2.0,0.452,1427.0,680.0,730.0,29.0,36902.0,0.5339,0.5911,0.0247,0.0852,0.1095,11603.0,42103.0,28679.0,17354.0,15643.0,0.8584,18.0,21417.0,0.1594,0.2038,0.1680527224,92428.0,0.9616,0.8955,73792.0,20484.0,94.095
240453,University of Wisconsin-Milwaukee,Milwaukee,WI,Great Lakes,City,Public,1,0,3,4,2.0,0.9068,1090.0,,,22.0,16758.0,0.5563,0.57,0.0969,0.1664,0.0742,10398.0,22398.0,22756.0,15014.0,9960.0,0.6381,17.0,11310.0,0.3275,0.415,0.3304775104,50518.5,0.7295,0.4932,54990.0,23000.0,94.095
240462,University of Wisconsin-Platteville,Platteville,WI,Great Lakes,Town,Public,1,0,3,4,2.0,0.8938,1190.0,,,23.0,5837.0,0.3713,0.8809,0.0146,0.0488,0.0115,8644.0,17603.0,21266.0,16032.0,7885.0,0.8076,20.0,7324.0,0.211,0.423,0.2873563218,71248.0,0.7903,0.5576,61760.0,21977.0,94.095
240471,University of Wisconsin-River Falls,River Falls,WI,Great Lakes,Town,Public,1,0,3,4,2.0,0.8172,1150.0,,,22.0,4205.0,0.6181,0.8535,0.0209,0.0495,0.0238,9008.0,17470.0,19781.0,14054.0,8788.0,0.5923,19.0,9465.0,0.2083,0.4297,0.2645299145,69526.0,0.7645,0.57,54458.0,20500.0,94.095
240480,University of Wisconsin-Stevens Point,Stevens Point,WI,Great Lakes,Town,Public,1,0,3,4,2.0,0.918,1150.0,,,22.0,7306.0,0.5652,0.8504,0.0149,0.0524,0.0278,9488.0,18508.0,20079.0,14559.0,7919.0,0.7597,21.0,8261.0,0.287,0.4877,0.3057193396,63571.5,0.7383,0.5078,52021.0,21503.0,94.095
240514,Central Wyoming College,Riverton,WY,Rocky Mountains,Town,Public,1,0,2,3,1.0,,,,,,1054.0,0.5825,0.4042,0.0028,0.1575,0.0057,4800.0,11100.0,16891.0,11634.0,6832.0,1.0,15.0,9633.0,0.1883,0.098,0.4462242563,26622.0,0.6471,0.3744,34402.0,8361.0,92.691
240620,Laramie County Community College,Cheyenne,WY,Rocky Mountains,Rural,Public,1,0,2,3,1.0,,,,,,2799.0,0.6785,0.5956,0.0207,0.2029,0.0089,4613.0,10913.0,13504.0,7287.0,8068.0,1.0,15.0,12590.0,0.265,0.1779,0.3827851645,30398.5,,0.384,44783.0,11000.0,92.691
240657,Northwest College,Powell,WY,Rocky Mountains,Town,Public,1,0,2,3,1.0,,,,,,890.0,0.5607,0.691,0.0034,0.0843,0.0079,4962.0,11262.0,16898.0,7463.0,7402.0,0.9815,14.0,7964.0,0.1784,0.0711,0.3625,34915.0,,0.4866,36950.0,10000.0,92.691
240693,Western Wyoming Community College,Rock Springs,WY,Rocky Mountains,Town,Public,1,0,2,3,1.0,,,,,,1319.0,0.5883,0.7255,0.0083,0.1903,0.0076,4230.0,10530.0,14532.0,6591.0,7458.0,1.0,11.0,10785.0,0.1952,0.1181,0.4742698192,29391.0,0.6,0.325,40939.0,9000.0,92.691
240727,University of Wyoming,Laramie,WY,Rocky Mountains,Town,Public,1,0,3,4,2.0,0.9688,,,,,7944.0,0.5428,0.7544,0.0104,0.1035,0.0108,7768.0,24178.0,24818.0,13599.0,10759.0,0.9928,13.0,17639.0,0.2275,0.281,0.277271069,54733.5,0.7968,0.5884,56880.0,18000.0,92.691
240736,American Samoa Community College,Pago Pago,AS,Outlying Areas,Rural,Public,1,0,2,3,1.0,,,,,,839.0,0.7032,0.006,0.0,0.0024,0.0131,5300.0,5600.0,10560.0,3386.0,5099.0,1.0,12.0,13747.0,0.7316,0.0,0.5780346821,14124.0,,0.3241,30087.0,,
240754,University of Guam,Mangilao,GU,Outlying Areas,Suburb,Public,1,0,3,4,1.0,,,,,,2515.0,0.5654,0.0151,0.0036,0.0083,0.495,6110.0,11414.0,14961.0,8598.0,10400.0,0.5765,14.0,10123.0,0.4528,0.1246,0.4598792062,27240.0,0.7661,0.369,35946.0,16786.0,
240790,Northern Marianas College,Saipan,MP,Outlying Areas,Town,Public,1,0,2,3,1.0,,,,,,1225.0,0.6245,0.0065,0.0024,0.0114,0.4098,4038.0,5520.0,10545.0,2789.0,4914.0,0.5,23.0,2013.0,0.7279,0.0,0.4982394366,18430.0,0.7333,0.4074,27836.0,,
241191,Universidad Adventista de las Antillas,Mayaguez,PR,Outlying Areas,Suburb,Private nonprofit,1,0,3,4,2.0,1.0,,,,,830.0,0.5675,0.0133,0.0108,0.9349,0.0,8350.0,8350.0,16834.0,9919.0,3531.0,0.2778,18.0,4469.0,0.7913,0.2561,0.3829431438,14717.0,0.7952,0.3636,28465.0,15750.0,
241216,Atlantic University,Guaynabo,PR,Outlying Areas,City,Private nonprofit,1,0,3,4,1.0,,,,,,1451.0,0.4121,0.0,0.0,1.0,0.0,8280.0,8280.0,12986.0,6425.0,2891.0,0.9815,23.0,2467.0,0.8451,0.0633,0.1530120482,14493.0,0.8175,0.3941,25272.0,5457.0,
241225,Universidad Central de Bayamon,Bayamón,PR,Outlying Areas,City,Private nonprofit,1,0,3,4,2.0,0.6594,,,,,539.0,0.6642,0.0,0.0,0.9907,0.0,5986.0,5986.0,12976.0,4827.0,2861.0,1.0,13.0,4459.0,0.7844,0.1637,0.3075862069,9597.0,0.8,0.3438,25021.0,9393.0,
241331,Albizu University-San Juan,San Juan,PR,Outlying Areas,City,Private nonprofit,1,0,3,4,2.0,1.0,,,,,728.0,0.831,0.0041,0.0,0.9876,0.0,8505.0,8505.0,18382.0,9732.0,4085.0,0.2287,20.0,1880.0,0.6885,0.2487,0.2505800464,16091.0,0.8243,0.6703,41544.0,5500.0,
241377,Caribbean University-Bayamon,Bayamon,PR,Outlying Areas,City,Private nonprofit,1,0,1,4,1.0,,,,,,639.0,0.5994,0.0,0.0,1.0,0.0,8844.0,8844.0,9835.0,4665.0,2398.0,0.1176,11.0,5187.0,0.7683,0.2571,0.4988095238,0.0,0.7119,0.4255,22842.0,10500.0,
241386,Caribbean University-Carolina,Carolina,PR,Outlying Areas,Suburb,Private nonprofit,0,0,3,4,1.0,,,,,,99.0,0.6465,0.0,0.0,1.0,0.0,8844.0,8844.0,10710.0,5791.0,2100.0,,9.0,2849.0,0.6772,0.3307,0.4988095238,0.0,0.7143,0.4444,22842.0,10500.0,
241395,Pontifical Catholic University of Puerto Rico-Arecibo,Arecibo,PR,Outlying Areas,Suburb,Private nonprofit,0,0,3,4,2.0,0.9378,,,,,273.0,0.7033,0.0,0.0,1.0,0.0,6550.0,6550.0,18678.0,11117.0,4327.0,0.5,10.0,15299.0,0.6885,0.2835,0.3084022915,10990.5,0.8696,0.5395,24908.0,15500.0,
241410,Pontifical Catholic University of Puerto Rico-Ponce,Ponce,PR,Outlying Areas,City,Private nonprofit,1,0,3,4,2.0,0.9808,1300.0,,,,3874.0,0.6412,0.0003,0.0,0.9956,0.0003,6650.0,6650.0,20508.0,13192.0,4545.0,0.6914,16.0,4692.0,0.8065,0.3023,0.3084022915,10990.5,0.8312,0.4859,24908.0,15500.0,
241517,CEM College-San Juan,San Juan,PR,Outlying Areas,City,Private for-profit,1,0,1,3,1.0,,,,,,119.0,0.6891,0.0,0.0,1.0,0.0,12900.0,12900.0,19241.0,15543.0,2600.0,0.4557,16.0,343.0,0.9209,0.1243,0.6864295125,0.0,0.2,0.859,21033.0,5000.0,
241614,Universidad Teologica del Caribe,Trujillo Alto,PR,Outlying Areas,Suburb,Private nonprofit,1,0,3,4,1.0,,,,,,173.0,0.4682,0.0,0.0,1.0,0.0,6660.0,6660.0,11510.0,9045.0,1110.0,0.2903,3.0,2880.0,0.9789,0.6737,0.5487804878,9084.0,1.0,0.3889,23536.0,12050.0,
241720,Colegio Universitario de San Juan,San Juan,PR,Outlying Areas,City,Public,1,0,2,3,2.0,0.7538,,,,,491.0,0.5743,0.0,0.0,1.0,0.0,2580.0,2580.0,6024.0,-778.0,3129.0,1.0,10.0,2531.0,0.7694,0.0,0.4522502744,2459.5,0.5556,0.3226,26510.0,,
241739,Universidad Ana G. Mendez-Cupey Campus,San Juan,PR,Outlying Areas,City,Private nonprofit,1,0,3,4,1.0,,,,,,4540.0,0.6654,0.0,0.0,1.0,0.0,7750.0,7750.0,14214.0,7646.0,4389.0,1.0,22.0,5002.0,0.9928,0.5835,0.4282491758,6993.0,0.6858,0.3085,24490.0,14250.0,
241766,Puerto Rico Conservatory of Music,San Juan,PR,Outlying Areas,City,Public,1,0,3,4,2.0,0.7835,,,,,307.0,0.3029,0.0,0.0,0.9902,0.0,3370.0,3850.0,12920.0,7260.0,5014.0,0.5,4.0,21478.0,0.6169,0.1071,0.0952380952,20319.0,0.875,0.6667,19474.0,8875.0,
241793,Center for Advanced Studies On Puerto Rico and the Caribbean,San Juan,PR,Outlying Areas,City,Private nonprofit,1,0,4,4,,,,,,,,,,,,,,,,,6000.0,,,6938.0,,,,,,,,,
241836,EDP University of Puerto Rico Inc-San Sebastian,San Sebastian,PR,Outlying Areas,Suburb,Private nonprofit,0,0,2,4,2.0,0.9574,,,,,1032.0,0.6938,0.0,0.0,1.0,0.0,7050.0,14125.0,15680.0,6965.0,2810.0,1.0,15.0,3117.0,0.6289,0.4784,0.44092827,7153.0,0.6667,0.287,22844.0,14000.0,
241951,Escuela de Artes Plasticas y Diseno de Puerto Rico,San Juan,PR,Outlying Areas,City,Public,1,0,3,3,2.0,1.0,,,,,466.0,0.7833,0.0064,0.0043,0.9871,0.0021,4902.0,8502.0,9057.0,5669.0,3063.0,1.0,10.0,3754.0,0.7807,0.0,0.1734104046,19629.5,0.7229,0.4478,21790.0,,
242112,Huertas College,Caguas,PR,Outlying Areas,City,Private for-profit,1,0,1,3,1.0,,,,,,430.0,0.5349,0.0,0.0,1.0,0.0,8750.0,8750.0,14229.0,4401.0,2701.0,0.12,13.0,5107.0,0.7957,0.1935,0.3597206054,0.0,0.4,0.4559,22927.0,7500.0,
242121,Humacao Community College,Humacao,PR,Outlying Areas,Suburb,Private nonprofit,1,0,1,3,1.0,,,,,,173.0,0.5838,0.0,0.0,1.0,0.0,6560.0,6560.0,9960.0,2508.0,2450.0,0.5,7.0,3938.0,0.942,0.0,0.5220588235,0.0,0.6,0.3821,20064.0,,
242617,Inter American University of Puerto Rico-San German,San German,PR,Outlying Areas,Suburb,Private nonprofit,1,0,3,4,2.0,0.4248,,,,,2569.0,0.5274,0.0004,0.0004,0.9973,0.0008,5780.0,5780.0,16380.0,9148.0,5766.0,1.0,25.0,3859.0,0.8304,0.1161,0.3579571363,11003.5,0.7955,0.4316,25416.0,8500.0,
242626,Inter American University of Puerto Rico-Aguadilla,Aguadilla,PR,Outlying Areas,Suburb,Private nonprofit,1,0,3,4,2.0,0.4176,,,,,2906.0,0.6022,0.0014,0.0003,0.9976,0.0,5742.0,5742.0,16057.0,8742.0,5059.0,1.0,26.0,3235.0,0.8285,0.1227,0.4288086343,5900.0,0.8056,0.4288,24776.0,6250.0,
242635,Inter American University of Puerto Rico-Arecibo,Arecibo,PR,Outlying Areas,City,Private nonprofit,1,0,3,4,2.0,0.382,,,,,2220.0,0.6414,0.0005,0.0009,0.9977,0.0,5780.0,5780.0,16625.0,9217.0,5468.0,1.0,26.0,3469.0,0.771,0.1535,0.3528673085,7423.0,0.713,0.3892,24539.0,9000.0,
242644,Inter American University of Puerto Rico-Barranquitas,Barranquitas,PR,Outlying Areas,Suburb,Private nonprofit,1,0,3,4,2.0,0.8595,,,,,937.0,0.6446,0.0,0.0,1.0,0.0,5742.0,5742.0,16051.0,8726.0,5051.0,1.0,21.0,4976.0,0.8838,0.1066,0.5058139535,0.0,0.7323,0.3802,23204.0,5200.0,
242653,Inter American University of Puerto Rico-Metro,San Juan,PR,Outlying Areas,City,Private nonprofit,1,0,3,4,2.0,0.6972,,,,,2607.0,0.5972,0.0046,0.0061,0.982,0.0031,5780.0,5780.0,16837.0,9788.0,5927.0,1.0,18.0,4898.0,0.6649,0.1741,0.2553742038,13696.0,0.7643,0.3881,30821.0,10975.0,
242662,Inter American University of Puerto Rico-Ponce,Mercedita,PR,Outlying Areas,Rural,Private nonprofit,1,0,3,4,2.0,0.3373,,,,,2404.0,0.6302,0.0025,0.0,0.9958,0.0,5780.0,5780.0,16065.0,9026.0,5587.0,1.0,22.0,3759.0,0.8036,0.1737,0.3379380054,11802.0,0.6865,0.4144,26721.0,6375.0,
242680,Inter American University of Puerto Rico-Fajardo,Fajardo,PR,Outlying Areas,Suburb,Private nonprofit,1,0,3,4,2.0,0.2654,,,,,1072.0,0.6063,0.0028,0.0019,0.9935,0.0,5780.0,5780.0,16190.0,9230.0,5114.0,1.0,22.0,4240.0,0.8272,0.1191,0.3214574899,8816.0,0.7628,0.3767,23132.0,5750.0,
242699,Inter American University of Puerto Rico-Guayama,Guayama,PR,Outlying Areas,City,Private nonprofit,1,0,2,4,2.0,0.3633,,,,,2393.0,0.6899,0.0079,0.0025,0.9891,0.0004,5780.0,5780.0,16475.0,9316.0,4728.0,1.0,26.0,3003.0,0.6639,0.2463,0.3826311264,3990.0,0.8255,0.4421,25827.0,9500.0,
242705,Inter American University of Puerto Rico-Bayamon,Bayamon,PR,Outlying Areas,City,Private nonprofit,1,0,3,4,2.0,0.3962,,,,,3476.0,0.4238,0.0017,0.0006,0.9963,0.0,5780.0,5780.0,16324.0,9284.0,5400.0,1.0,30.0,3121.0,0.8011,0.1325,0.2726588943,12983.0,0.7387,0.3492,29936.0,8250.0,
242723,Inter American University of Puerto Rico-School of Law,San Juan,PR,Outlying Areas,City,Private nonprofit,1,0,4,4,,,,,,,,,,,,,,,,,9610.0,1.0,,5618.0,,,,,,,,,
242972,NUC University,Bayamon,PR,Outlying Areas,City,Private for-profit,1,0,1,4,1.0,,,,,,28918.0,0.6448,0.0397,0.0582,0.8784,0.0028,12698.0,13853.0,15821.0,8920.0,2914.0,0.1503,18.0,2529.0,0.8586,0.4628,0.4685216414,0.0,0.6402,0.5435,24785.0,9500.0,
243081,Ponce Health Sciences University,Ponce,PR,Outlying Areas,City,Private for-profit,1,0,4,4,,,,,,,,,,,,,,,,,6336.0,0.4877,,16580.0,,,,,,,,,
243106,University of Puerto Rico-Aguadilla,Aguadilla,PR,Outlying Areas,Suburb,Public,1,0,3,3,2.0,0.814,909.0,499.0,475.0,,1883.0,0.5497,0.0181,0.0234,0.8396,0.0,5954.0,5954.0,14498.0,7765.0,5687.0,0.874,19.0,7355.0,0.8261,0.0606,0.2815472416,15989.0,0.6905,0.4633,27997.0,5500.0,
243115,University of Puerto Rico-Arecibo,Arecibo,PR,Outlying Areas,City,Public,1,0,3,4,2.0,0.5918,,,,,2669.0,0.5931,0.0,0.0,1.0,0.0,5354.0,5354.0,17710.0,10680.0,7301.0,0.7767,19.0,6846.0,0.8896,0.0334,0.2242355606,16175.0,0.7612,0.52,30512.0,4500.0,
243133,University of Puerto Rico,Bayamon,PR,Outlying Areas,City,Public,1,0,3,3,2.0,0.3533,,,,,2851.0,0.4907,0.0,0.0,1.0,0.0,6284.0,6284.0,12501.0,8484.0,5869.0,0.8187,21.0,6534.0,0.8692,0.0401,0.1820608649,19142.5,0.7784,0.3706,34409.0,5500.0,
243142,University of Puerto Rico-Carolina,Carolina,PR,Outlying Areas,Suburb,Public,1,0,3,3,2.0,0.5454,932.0,482.0,458.0,,2404.0,0.6493,0.0008,0.0291,0.9626,0.0,7986.0,7986.0,19396.0,12945.0,7539.0,0.58,20.0,5764.0,0.7603,0.0342,0.1844011142,20302.0,0.7148,0.3727,30626.0,5500.0,
243151,University of Puerto Rico at Cayey,Cayey,PR,Outlying Areas,Suburb,Public,1,0,3,3,2.0,0.53,955.0,522.0,497.0,,2069.0,0.6825,0.0,0.0,1.0,0.0,5354.0,5354.0,15909.0,10176.0,5701.0,0.8954,24.0,8620.0,0.7588,0.0036,0.1912908243,17544.0,0.7593,0.4983,30958.0,5000.0,
243179,University of Puerto Rico-Humacao,Humacao,PR,Outlying Areas,Suburb,Public,1,0,3,3,2.0,0.548,,,,,2529.0,0.6663,0.0079,0.0241,0.9043,0.0,5364.0,5364.0,19547.0,12675.0,5890.0,0.7553,14.0,10543.0,0.8058,0.0375,0.2226967663,18717.0,0.8133,0.4712,29521.0,5500.0,
243188,University of Puerto Rico-Utuado,Utuado,PR,Outlying Areas,Rural,Public,1,0,2,3,2.0,0.6411,,,,,325.0,0.4862,0.0062,0.0092,0.8031,0.0092,5354.0,5354.0,20908.0,13648.0,7906.0,0.8696,9.0,17709.0,0.8423,0.0662,0.2723658052,13787.0,0.4634,0.2326,23906.0,3500.0,
243197,University of Puerto Rico-Mayaguez,Mayaguez,PR,Outlying Areas,City,Public,1,0,3,4,2.0,0.5652,,,,,9539.0,0.4374,0.0,0.0,0.9396,0.0,5274.0,5274.0,21637.0,17936.0,8407.0,0.9462,19.0,8147.0,0.6489,0.0852,0.1701680672,20875.0,0.8701,0.491,48992.0,8250.0,
243203,University of Puerto Rico-Medical Sciences,San Juan,PR,Outlying Areas,City,Public,1,0,3,4,,,,,,,233.0,0.8369,0.0,0.0,1.0,0.0,,,,,7294.0,0.7346,2.0,38469.0,0.5402,0.2857,0.1689655172,18236.0,,,45953.0,,
243212,University of Puerto Rico at Ponce,Ponce,PR,Outlying Areas,City,Public,1,0,3,3,2.0,0.5245,,,,,2278.0,0.5334,0.0,0.0,1.0,0.0,5354.0,5354.0,17193.0,10990.0,5915.0,0.5307,22.0,5467.0,0.8262,0.0785,0.2142857143,17959.0,0.7304,0.4618,31394.0,5500.0,
243221,University of Puerto Rico-Rio Piedras,San Juan,PR,Outlying Areas,City,Public,1,0,3,4,2.0,0.5459,,,,,8572.0,0.6253,0.0072,0.0316,0.9414,0.0006,5354.0,5354.0,15118.0,9175.0,6128.0,0.7382,11.0,12387.0,0.6647,0.0473,0.1558323896,19937.5,0.7718,0.5026,35723.0,5500.0,
243346,Universidad Ana G. Mendez-Carolina Campus,Carolina,PR,Outlying Areas,Suburb,Private nonprofit,1,0,3,4,1.0,,,,,,4468.0,0.6124,0.0,0.0,1.0,0.0,7750.0,7750.0,14113.0,7761.0,4084.0,1.0,27.0,4662.0,0.9046,0.3193,0.4060663507,8983.0,0.7505,0.3426,24328.0,14500.0,
243443,Universidad del Sagrado Corazon,Santurce,PR,Outlying Areas,City,Private nonprofit,1,0,3,4,2.0,0.5802,,,,,4442.0,0.6547,0.0027,0.0014,0.9953,0.0005,6410.0,6410.0,19728.0,12924.0,4546.0,0.2158,21.0,4216.0,0.7148,0.2127,0.2772397094,17795.0,0.7907,0.5207,31754.0,16250.0,
243498,Seminario Evangelico de Puerto Rico,San Juan,PR,Outlying Areas,City,Private nonprofit,1,0,4,4,,,,,,,,,,,,,,,,,4285.0,0.2045,,5912.0,,,,,,,,,
243568,Universidad Central Del Caribe,Bayamon,PR,Outlying Areas,City,Private nonprofit,1,0,1,4,2.0,0.6,,,,,90.0,0.6667,0.0222,0.0,0.8778,0.0,7707.0,7707.0,14642.0,8524.0,4119.0,0.7231,11.0,11228.0,0.7222,0.1778,0.3275862069,9669.0,0.7143,0.4,31468.0,7363.0,
243577,Universidad Politecnica de Puerto Rico,Hato Rey,PR,Outlying Areas,City,Private nonprofit,1,0,3,4,1.0,,,,,,3594.0,0.2896,0.0807,0.0014,0.9174,0.0003,9870.0,9870.0,23368.0,17540.0,4359.0,0.6215,18.0,4395.0,0.6217,0.3387,0.2195994278,18451.0,0.7832,0.2808,47540.0,22564.0,
243586,Pontifical Catholic University of Puerto Rico-Mayaguez,Mayaguez,PR,Outlying Areas,City,Private nonprofit,0,0,3,4,2.0,0.9917,,,,,555.0,0.6324,0.0,0.0,0.9982,0.0,6550.0,6550.0,18605.0,11502.0,4241.0,0.7193,13.0,14568.0,0.8042,0.2443,0.3084022915,10990.5,0.7805,0.3989,24908.0,15500.0,
243601,Universidad Ana G. Mendez-Gurabo Campus,Gurabo,PR,Outlying Areas,Suburb,Private nonprofit,1,0,3,4,1.0,,,,,,7868.0,0.6049,0.0,0.0,1.0,0.0,7750.0,7750.0,14224.0,7051.0,4488.0,1.0,28.0,4500.0,0.8559,0.2771,0.3655705996,10530.0,0.7514,0.314,26223.0,13448.0,
243638,College of Micronesia-FSM,Pohnpei,FM,Outlying Areas,,Public,1,0,2,3,2.0,0.8707,,,,,1729.0,0.6287,0.0,0.0,0.0,0.0017,5050.0,5050.0,10445.0,6789.0,3195.0,1.0,13.0,4678.0,0.7925,0.0,0.4718361375,0.0,0.4,0.3408,24651.0,,
243665,University of the Virgin Islands,Charlotte Amalie,VI,Outlying Areas,Rural,Public,1,1,3,4,2.0,0.9898,938.0,490.0,440.0,17.0,1518.0,0.6864,0.0534,0.6812,0.1436,0.0033,5957.0,16557.0,17771.0,7469.0,7379.0,1.0,10.0,11416.0,0.4874,0.1711,0.4661764706,24471.0,0.6859,0.2823,38681.0,16800.0,
243744,Stanford University,Stanford,CA,Far West,Suburb,Private nonprofit,1,0,3,4,2.0,0.0361,1553.0,745.0,775.0,35.0,7554.0,0.5163,0.2299,0.0741,0.1706,0.2873,65910.0,65910.0,87833.0,13807.0,25198.0,0.9917,6.0,154517.0,0.1916,0.062,0.3033854167,44842.0,0.9818,0.9192,124080.0,12000.0,110.72
243780,Purdue University-Main Campus,West Lafayette,IN,Great Lakes,City,Public,1,0,3,4,2.0,0.4987,1364.0,640.0,670.0,30.0,44503.0,0.4099,0.5401,0.0275,0.075,0.1515,9992.0,28794.0,24591.0,14600.0,14473.0,0.9609,14.0,20511.0,0.1298,0.2245,0.1853810686,81833.5,0.927,0.831,72424.0,19500.0,93.329
243823,Parker University,Dallas,TX,Southwest,City,Private nonprofit,1,0,3,4,1.0,,,,,,607.0,0.6985,0.2751,0.3295,0.1779,0.0412,17893.0,17893.0,42167.0,29135.0,7013.0,0.6048,8.0,10470.0,0.5,0.6528,0.3894736842,23643.0,0.5,0.7407,42091.0,12288.0,97.057
243832,EDP University of Puerto Rico Inc-San Juan,San Juan,PR,Outlying Areas,City,Private nonprofit,1,0,2,4,2.0,0.6067,,,,,1404.0,0.7372,0.0021,0.0057,0.9915,0.0007,7050.0,14125.0,15740.0,8387.0,3031.0,1.0,14.0,2905.0,0.5816,0.4957,0.44092827,7153.0,0.6,0.2439,22844.0,14000.0,
245652,St. John's College,Santa Fe,NM,Southwest,Rural,Private nonprofit,1,0,3,4,2.0,0.5315,1426.0,710.0,665.0,28.0,368.0,0.5,0.644,0.0082,0.1114,0.0136,40504.0,40504.0,55824.0,26674.0,9850.0,0.6786,8.0,16950.0,0.2695,0.4178,,43212.0,0.8243,0.5493,44985.0,,92.212
245777,Bais Medrash Elyon,Monsey,NY,Mid East,Suburb,Private nonprofit,1,0,3,3,2.0,0.375,,,,,61.0,0.0,1.0,0.0,0.0,0.0,8600.0,8600.0,19500.0,8447.0,2789.0,,10.0,5833.0,0.1136,0.0,,24096.5,0.75,0.0,,,107.921
245838,Antioch University-Los Angeles,Culver City,CA,Far West,Suburb,Private nonprofit,0,0,3,4,,,,,,,60.0,0.65,0.5333,0.05,0.0833,0.0167,,,,,6831.0,,3.0,10100.0,0.2459,0.377,0.3682539683,22455.0,,,51541.0,23501.0,110.72
245847,Antioch University-Santa Barbara,Santa Barbara,CA,Far West,City,Private nonprofit,0,0,3,4,,,,,,,55.0,0.6364,0.4909,0.0364,0.3091,0.0,,,,,6973.0,,5.0,8951.0,0.3137,0.3922,0.3682539683,22455.0,,,51541.0,23501.0,110.72
245865,Antioch University-New England,Keene,NH,New England,Town,Private nonprofit,0,0,4,4,,,,,,,,,,,,,,,,,6818.0,,,7511.0,,,0.3682539683,22455.0,,,51541.0,23501.0,104.165
245883,Antioch University-Seattle,Seattle,WA,Far West,City,Private nonprofit,0,0,3,4,,,,,,,74.0,0.7973,0.5,0.0541,0.0541,0.027,,,,,6973.0,,7.0,8898.0,0.3333,0.4167,0.3682539683,22455.0,,,51541.0,23501.0,107.013
245892,Antioch University,Yellow Springs,OH,Great Lakes,Rural,Private nonprofit,1,0,3,4,,,,,,,77.0,0.6883,0.4286,0.1169,0.1558,0.026,,,,,6973.0,,8.0,7640.0,0.4444,0.537,0.3682539683,22455.0,,,51541.0,23501.0,92.774
245953,Mid-America Christian University,Oklahoma City,OK,Southwest,City,Private nonprofit,1,0,3,4,2.0,0.9176,1020.0,,,,1666.0,0.6675,0.5072,0.1261,0.1483,0.0072,21294.0,21294.0,31313.0,16692.0,5970.0,1.0,14.0,3229.0,0.5287,0.5813,0.497824195,29648.0,0.6515,0.4423,46116.0,26394.0,87.843
246354,Palo Alto College,San Antonio,TX,Southwest,City,Public,1,0,2,3,1.0,,,,,,8801.0,0.627,0.1204,0.0586,0.7698,0.0145,3412.0,9952.0,11946.0,4463.0,7853.0,0.4962,31.0,6156.0,0.2658,0.0232,0.6378702398,22304.0,,0.3296,37448.0,13393.0,97.057
246789,HJ International Graduate School for Peace and Public Leadership,New York,NY,Mid East,City,Private nonprofit,1,0,4,4,,,,,,,,,,,,,,,,,5990.0,,,4948.0,,,,,,,,,107.921
247065,Beckfield College-Florence,Florence,KY,Southeast,Suburb,Private for-profit,1,0,2,3,1.0,,,,,,536.0,0.9328,0.7668,0.1698,0.0149,0.0075,13295.0,13295.0,34541.0,28133.0,4039.0,0.96,14.0,10131.0,0.6405,0.7778,0.5902777778,16835.0,,0.3171,37114.0,23500.0,90.159
247162,Ecumenical Theological Seminary,Detroit,MI,Great Lakes,City,Private nonprofit,1,0,1,4,1.0,,,,,,11.0,0.8182,0.0,1.0,0.0,0.0,,,,,4000.0,,5.0,4849.0,0.0,0.0,,,,,,,96.217
247649,Landmark College,Putney,VT,New England,Rural,Private nonprofit,1,0,2,4,2.0,0.4944,,,,,455.0,0.3516,0.7143,0.0549,0.0725,0.033,66540.0,66540.0,83124.0,56954.0,7373.0,1.0,7.0,16790.0,0.1622,0.2157,,73971.0,0.6301,0.4302,29813.0,17500.0,97.958
247773,Yeshiva Gedolah of Greater Detroit,Oak Park,MI,Great Lakes,Suburb,Private nonprofit,1,0,3,3,2.0,0.9,,,,,75.0,0.0,1.0,0.0,0.0,0.0,6100.0,6100.0,19682.0,11746.0,4864.0,,13.0,22609.0,0.3662,0.0,,62360.0,0.96,0.4,,,96.217
247834,Collin County Community College District,McKinney,TX,Southwest,Suburb,Public,1,0,2,3,1.0,,,,,,26449.0,0.5268,0.3516,0.1457,0.2458,0.1091,2014.0,6064.0,15237.0,8969.0,8873.0,0.2605,21.0,6510.0,0.1622,0.0734,0.4099119963,27292.5,,0.2034,48701.0,7500.0,97.057
248934,ECPI University,Virginia Beach,VA,Southeast,City,Private for-profit,1,0,2,4,2.0,0.7452,,,,,12090.0,0.5924,0.3122,0.4098,0.1585,0.0331,18484.0,18484.0,30055.0,22965.0,6644.0,0.3209,13.0,9396.0,0.5313,0.5658,0.4767248084,22890.0,0.5646,0.4246,42837.0,20000.0,101.104
251312,South University-Columbia,Columbia,SC,Southeast,Suburb,Private for-profit,0,0,3,4,1.0,,,,,,450.0,0.7933,0.1289,0.6689,0.0222,0.0089,18145.0,18145.0,35322.0,27693.0,7075.0,0.3415,21.0,7410.0,0.5798,0.6472,0.4722883373,20000.0,0.5714,0.2333,34421.0,26123.0,93.749
260372,Lac Courte Oreilles Ojibwe University,Hayward,WI,Great Lakes,Rural,Public,1,0,2,4,1.0,,,,,,176.0,0.767,0.1705,0.0398,0.0,0.0,6030.0,6030.0,17202.0,8657.0,7699.0,0.7627,6.0,15396.0,0.6995,0.0,0.5079365079,5294.0,1.0,0.2258,24302.0,,94.095
260789,Platt College-Los Angeles,Alhambra,CA,Far West,Suburb,Private for-profit,1,0,1,3,1.0,,,,,,570.0,0.8561,0.1456,0.0474,0.6561,0.0947,14922.0,14922.0,32164.0,27551.0,6367.0,0.2763,21.0,10300.0,0.4821,0.644,0.5471296953,21293.0,,0.6345,40669.0,18685.0,110.72
262086,University of Massachusetts Global,Aliso Viejo,CA,Far West,Suburb,Public,1,0,3,4,1.0,,,,,,4491.0,0.6836,0.6106,0.1343,0.0294,0.0505,12540.0,12540.0,35325.0,32654.0,9855.0,0.0958,24.0,4226.0,0.2246,0.2303,0.499765808,30485.0,0.6222,0.4286,65703.0,24276.0,110.72
262129,New College of Florida,Sarasota,FL,Southeast,City,Public,1,0,3,4,2.0,0.732,1150.0,645.0,585.0,26.0,843.0,0.5386,0.5326,0.0522,0.2017,0.0261,6916.0,29944.0,24449.0,7195.0,10340.0,0.844,8.0,21232.0,0.3394,0.1887,0.2093862816,44268.0,0.7557,0.6667,48082.0,17375.0,103.414
363907,Caribbean University-Ponce,Ponce,PR,Outlying Areas,City,Private nonprofit,0,0,3,4,1.0,,,,,,414.0,0.3647,0.0,0.0,1.0,0.0,8844.0,8844.0,10000.0,4964.0,2281.0,0.2581,10.0,1336.0,0.71,0.3402,0.4988095238,0.0,0.76,0.3667,22842.0,10500.0,
363916,Caribbean University-Vega Baja,Vega Baja,PR,Outlying Areas,Suburb,Private nonprofit,0,0,3,4,1.0,,,,,,152.0,0.6645,0.0,0.0,1.0,0.0,8844.0,8844.0,9936.0,5235.0,2185.0,,11.0,1875.0,0.7629,0.2165,0.4988095238,0.0,0.65,0.5,22842.0,10500.0,
363934,University of Advancing Technology,Tempe,AZ,Southwest,City,Private for-profit,1,0,2,4,2.0,0.9806,,,,,855.0,0.2117,0.4339,0.1614,0.1965,0.0269,19365.0,19365.0,32794.0,28522.0,6981.0,0.7561,15.0,5703.0,0.5695,0.6839,0.3470319635,32361.5,0.7699,0.3514,50719.0,28812.0,100.677
366003,South Florida Bible College and Theological Seminary,Deerfield Beach,FL,Southeast,City,Private nonprofit,1,0,2,4,1.0,,,,,,373.0,0.5764,0.1877,0.1233,0.3003,0.0027,7980.0,7980.0,25161.0,21751.0,4103.0,0.6154,18.0,7128.0,0.2271,0.1978,,13559.0,0.5385,0.3636,45354.0,,103.414
366252,Pennsylvania College of Technology,Williamsport,PA,Mid East,City,Public,1,0,2,4,1.0,,,,,,4464.0,0.3528,0.843,0.047,0.0587,0.013,18240.0,25980.0,33192.0,25110.0,9818.0,0.5589,14.0,20672.0,0.3308,0.5981,0.3634732687,54391.0,0.8054,0.5348,52567.0,23961.0,97.572
366340,Stone Child College,Box Elder,MT,Rocky Mountains,Rural,Public,1,0,2,3,1.0,,,,,,193.0,0.6425,0.0363,0.0,0.0,0.0,3610.0,3610.0,15570.0,4424.0,6202.0,0.7059,11.0,7655.0,0.4904,0.0,0.2680412371,5682.0,,0.3421,24555.0,,94.645
366368,New York Academy of Art,New York,NY,Mid East,City,Private nonprofit,1,0,4,4,,,,,,,,,,,,,,,,,6250.0,0.0617,,18186.0,,,,,,,,,107.921
366711,California State University-San Marcos,San Marcos,CA,Far West,Suburb,Public,1,0,3,4,2.0,0.951,,,,,14877.0,0.5746,0.2433,0.0402,0.5154,0.0931,8082.0,20682.0,21649.0,10229.0,12046.0,0.4631,24.0,8419.0,0.4261,0.2834,0.4825760918,31282.5,0.7864,0.5456,62908.0,17350.0,110.72
367954,University of St. Augustine for Health Sciences,San Marcos,CA,Far West,Suburb,Private for-profit,1,0,4,4,,,,,,,,,,,,,,,,,8870.0,0.3319,,10606.0,,,,,,,79150.0,,110.72
368452,Nossi College of Art and Design,Nashville,TN,Southeast,City,Private for-profit,1,0,3,3,2.0,0.4631,,,,,247.0,0.5547,0.6154,0.2429,0.085,0.0121,20350.0,20350.0,27710.0,24044.0,7917.0,0.1702,10.0,6159.0,0.5725,0.5279,0.3957219251,23893.0,0.88,0.418,35113.0,33498.0,91.87
369002,Massachusetts School of Law,Andover,MA,New England,Suburb,Private nonprofit,1,0,4,4,,,,,,,,,,,,,,,,,13341.0,0.3256,,7046.0,,,,,,,,,105.757
369516,Bryan University,Springfield,MO,Plains,City,Private for-profit,1,0,2,4,1.0,,,,,,144.0,0.8889,0.6736,0.2431,0.0278,0.0139,15868.0,15868.0,26626.0,20053.0,3000.0,0.15,13.0,1802.0,0.8443,0.7787,0.5971896956,13311.0,,0.8958,28725.0,22764.0,90.817
372073,Fremont University,Cerritos,CA,Far West,Suburb,Private for-profit,1,0,2,4,1.0,,,,,,157.0,0.828,0.0573,0.172,0.5414,0.0764,,,,34483.0,,0.08,22.0,3048.0,0.6829,0.6707,0.5404040404,15273.0,0.0,0.3947,39003.0,20000.0,110.72
374024,Adler Graduate School,Minnetonka,MN,Plains,City,Private nonprofit,1,0,4,4,,,,,,,,,,,,,,,,,6848.0,0.2128,,7839.0,,,,,,,,,98.621
375230,Yeshiva Gedolah Imrei Yosef D'spinka,Brooklyn,NY,Mid East,City,Private nonprofit,1,0,3,3,1.0,,,,,,226.0,0.0,1.0,0.0,0.0,0.0,12500.0,12500.0,15989.0,5646.0,5622.0,,21.0,4177.0,0.917,0.0,,4781.0,0.7949,0.2162,36545.0,,107.921
376224,CEM College-Humacao,Humacao,PR,Outlying Areas,Suburb,Private for-profit,0,0,2,3,1.0,,,,,,161.0,0.6335,0.0,0.0,1.0,0.0,12900.0,12900.0,18696.0,15336.0,2701.0,0.2813,10.0,344.0,0.9425,0.0805,0.6864295125,0.0,0.8,0.3818,21033.0,5000.0,
376385,Universal Technology College of Puerto Rico,Aguadilla,PR,Outlying Areas,City,Private nonprofit,1,0,1,3,1.0,,,,,,149.0,0.6711,0.0,0.0,1.0,0.0,,,,6212.0,3132.0,0.2292,6.0,5978.0,0.6134,0.0,0.6040609137,0.0,,0.6437,19878.0,,
376695,College of the Marshall Islands,Majuro,MH,Outlying Areas,,Public,1,0,2,3,1.0,,,,,,1009.0,0.551,0.0,0.0,0.001,0.0059,6840.0,7480.0,17275.0,9996.0,2401.0,0.8095,15.0,2400.0,0.8915,0.0,0.5945611867,0.0,,0.1837,,,
377546,Northwest College of Art & Design,Tacoma,WA,Far West,City,Private for-profit,1,0,3,3,2.0,0.6598,,,,,139.0,0.6835,0.5755,0.1007,0.1942,0.0432,18100.0,18100.0,30038.0,16418.0,,,34.0,3861.0,0.5067,0.48,,49729.0,0.7679,0.5769,31167.0,30750.0,107.013
377555,University of Washington-Bothell Campus,Bothell,WA,Far West,Suburb,Public,0,0,3,4,2.0,0.906,,,,,5457.0,0.4565,0.278,0.1057,0.1052,0.3478,12919.0,43155.0,26908.0,12319.0,13164.0,0.6246,22.0,4757.0,0.2864,0.1989,0.3272745332,39205.0,0.8584,0.6532,78466.0,14615.0,107.013
377564,University of Washington-Tacoma Campus,Tacoma,WA,Far West,City,Public,0,0,3,4,2.0,0.8252,,,,,4185.0,0.471,0.3336,0.1197,0.1606,0.2249,13168.0,43404.0,25346.0,10163.0,12135.0,0.8159,15.0,5672.0,0.3966,0.2733,0.3272745332,39205.0,0.7997,0.6324,78466.0,14615.0,107.013
377661,Valley College-Martinsburg,Martinsburg,WV,Southeast,Suburb,Private nonprofit,1,0,1,3,1.0,,,,,,765.0,0.8706,0.5255,0.2667,0.0379,0.0026,,,,25751.0,6113.0,,24.0,1134.0,0.7545,0.8233,0.6305418719,13262.0,0.5,0.6643,24900.0,9500.0,89.497
378576,Pacific College of Health and Science,San Diego,CA,Far West,City,Private for-profit,1,0,1,4,1.0,,,,,,143.0,0.7343,0.3077,0.1678,0.2028,0.042,11000.0,11000.0,54944.0,51918.0,5720.0,0.1528,15.0,4527.0,0.2995,0.4264,0.4090909091,16839.0,,0.7692,26209.0,12271.0,110.72
379782,Center for Advanced Legal Studies,Houston,TX,Southwest,City,Private for-profit,1,0,1,3,1.0,,,,,,271.0,0.8967,0.2878,0.3838,0.2841,0.0148,,,,13959.0,4901.0,,25.0,2045.0,0.4439,0.6332,0.4865900383,21755.5,,0.6154,56561.0,9500.0,97.057
380359,Bay Mills Community College,Brimley,MI,Great Lakes,Rural,Public,1,0,1,3,1.0,,,,,,662.0,0.8399,0.3323,0.0242,0.0091,0.003,3480.0,3480.0,12043.0,3073.0,6608.0,0.1932,10.0,5022.0,0.4419,0.0,0.5614035088,20005.0,,0.3023,30048.0,,96.217
380368,Fond du Lac Tribal and Community College,Cloquet,MN,Plains,Town,Public,1,0,2,3,1.0,,,,,,557.0,0.6553,0.5189,0.0539,0.0575,0.0036,6006.0,6006.0,19659.0,12677.0,8898.0,0.3293,16.0,8022.0,0.1624,0.1092,0.3989169675,19214.0,0.4384,0.2566,45665.0,14181.0,98.621
380377,Northwest Indian College,Bellingham,WA,Far West,Suburb,Public,1,0,2,3,1.0,,,,,,629.0,0.7377,0.0254,0.0032,0.1081,0.0016,4365.0,4365.0,10551.0,3136.0,6422.0,0.4909,14.0,12510.0,0.523,0.0,0.4666666667,11799.0,0.55,0.1806,35447.0,,107.013
380438,Provo College,Provo,UT,Rocky Mountains,City,Private for-profit,1,0,3,3,1.0,,,,,,669.0,0.8819,0.6413,0.009,0.1599,0.0179,16548.0,16548.0,30099.0,27053.0,7300.0,0.5882,37.0,5944.0,0.3106,0.4298,0.3752913753,24784.0,0.6667,0.5135,39645.0,41733.0,98.864
381352,Colorado Chinese Medicine University,Denver,CO,Rocky Mountains,City,Private for-profit,1,0,4,4,,,,,,,,,,,,,,,,,,,,3672.0,,,,,,,,,103.052
381459,Phoenix Seminary,Scottsdale,AZ,Southwest,City,Private nonprofit,1,0,4,4,,,,,,,,,,,,,,,,,7508.0,0.5556,,10407.0,,,,,,,,,100.677
383020,Midwest College of Oriental Medicine-Racine,Racine,WI,Great Lakes,City,Private for-profit,1,0,1,4,,,,,,,1.0,0.0,1.0,0.0,0.0,0.0,,,,,5167.0,,8.0,7877.0,,,,30309.0,,,44136.0,,94.095
384254,Beacon College,Leesburg,FL,Southeast,Suburb,Private nonprofit,1,0,3,3,2.0,0.4347,,,,,506.0,0.3518,0.6739,0.1443,0.085,0.0356,51680.0,51680.0,70775.0,53517.0,6234.0,1.0,12.0,9122.0,0.2353,0.3491,0.1911764706,44260.5,0.8492,0.6023,29420.0,25000.0,103.414
384306,Acupuncture and Integrative Medicine College-Berkeley,Berkeley,CA,Far West,City,Private nonprofit,1,0,4,4,,,,,,,,,,,,,,,,,5833.0,,,8714.0,,,,,,,,,110.72
384412,University of the Potomac-Washington DC Campus,Washington,DC,Mid East,City,Private for-profit,1,0,2,4,1.0,,,,,,809.0,0.6218,0.0247,0.424,0.026,0.4932,6660.0,6660.0,,,3125.0,,11.0,1510.0,0.2444,0.094,0.4833333333,25639.0,0.8,0.3333,34961.0,8769.0,109.901
384421,Rabbi Jacob Joseph School,Edison,NJ,Mid East,Suburb,Private nonprofit,1,0,3,3,2.0,0.9167,,,,,115.0,0.0,0.9652,0.0,0.0,0.0,12700.0,12700.0,22600.0,8389.0,3467.0,,19.0,22820.0,0.2292,0.0,,58038.0,0.9677,0.0,,,108.805
385415,Albert Einstein College of Medicine,Bronx,NY,Mid East,City,Private nonprofit,1,0,4,4,,,,,,,,,,,,,,,,,,,,93458.0,,,,,,,,,107.921
385619,Everglades University,Boca Raton,FL,Southeast,City,Private nonprofit,1,0,3,4,2.0,0.8145,,,,,2789.0,0.502,0.3991,0.1936,0.2044,0.0115,21680.0,21680.0,38913.0,27371.0,5277.0,0.2671,17.0,5573.0,0.7201,0.7396,0.4180238871,22435.0,0.7365,0.6136,47597.0,38996.0,103.414
386472,Herzing University-Orlando,Winter Park,FL,Southeast,Suburb,Private nonprofit,0,0,2,4,2.0,0.942,,,,,714.0,0.8221,0.2017,0.3754,0.3179,0.0308,13450.0,13450.0,26664.0,19850.0,7718.0,0.2069,16.0,5219.0,0.6496,0.8077,0.5209032652,18321.0,0.4,0.3714,36909.0,21500.0,103.414
388520,College of Biblical Studies-Houston,Houston,TX,Southwest,City,Private nonprofit,1,0,3,3,1.0,,,,,,419.0,0.3962,0.179,0.3986,0.2721,0.0621,9350.0,9350.0,11523.0,672.0,5430.0,0.5333,12.0,9853.0,0.3817,0.2178,0.5088757396,24969.5,1.0,0.4,39260.0,25570.0,97.057
389745,Mercaz Hatorah of Belle Harbor,Belle Harbor,NY,Mid East,,Private nonprofit,1,0,2,3,,,,,,,,,,,,,,,,,,,,,,,,,,,,,107.921
392257,The College of Health Care Professions-Northwest,Houston,TX,Southwest,City,Private for-profit,1,0,1,3,1.0,,,,,,4530.0,0.9338,0.1082,0.3909,0.4223,0.0124,,,,27830.0,5478.0,0.3463,36.0,3095.0,0.6423,0.6801,0.5601286174,19726.0,,0.4673,33070.0,9500.0,97.057
399869,Southern California Institute of Technology,Anaheim,CA,Far West,City,Private for-profit,1,0,1,3,2.0,0.7419,,,,,508.0,0.0551,0.1693,0.0531,0.5492,0.1102,20515.0,20515.0,37992.0,33392.0,6758.0,0.3,20.0,2136.0,0.6167,0.6262,0.6184210526,23290.5,1.0,0.7404,53598.0,10798.0,110.72
399911,Soka University of America,Aliso Viejo,CA,Far West,Suburb,Private nonprofit,1,0,3,4,2.0,0.4338,1440.0,603.0,700.0,26.0,484.0,0.6178,0.1178,0.0145,0.1405,0.0992,38728.0,38728.0,55064.0,18260.0,13313.0,0.7692,7.0,45356.0,0.2043,0.372,,44001.0,0.9048,0.9182,55017.0,15650.0,110.72
401223,World Mission University,Los Angeles,CA,Far West,City,Private nonprofit,1,0,3,4,1.0,,,,,,207.0,0.6957,0.0,0.0,0.3865,0.3382,6920.0,6920.0,22505.0,15785.0,6253.0,0.5,42.0,3328.0,0.4111,0.0222,,13380.0,1.0,1.0,,,110.72
401250,Yo San University of Traditional Chinese Medicine,Los Angeles,CA,Far West,Suburb,Private nonprofit,1,0,4,4,,,,,,,,,,,,,,,,,8407.0,,,7002.0,,,,,,,,,110.72
404222,Inter American University of Puerto Rico-School of Optometry,Bayamon,PR,Outlying Areas,City,Private nonprofit,1,0,4,4,,,,,,,,,,,,,,,,,7799.0,1.0,,14337.0,,,,,,,,,
404338,Schiller International University,Tampa,FL,Southeast,City,Private for-profit,1,0,3,4,1.0,,,,,,43.0,0.3721,0.0233,0.0465,0.0,0.0,13680.0,13680.0,,,4167.0,0.36,10.0,3747.0,0.0571,0.1143,,23993.0,0.625,0.3333,35529.0,35758.0,103.414
405058,Yeshivas Novominsk,Brooklyn,NY,Mid East,City,Private nonprofit,1,0,2,3,2.0,0.9038,,,,,157.0,0.0,0.9809,0.0,0.0,0.0,8640.0,8640.0,17880.0,7032.0,6176.0,1.0,26.0,22295.0,0.3436,0.0,,24171.5,0.8261,0.8077,,,107.921
405854,Rabbinical College of Ohr Shimon Yisroel,Brooklyn,NY,Mid East,City,Private nonprofit,1,0,3,3,1.0,,,,,,232.0,0.0,1.0,0.0,0.0,0.0,22300.0,22300.0,41283.0,32594.0,3042.0,,15.0,12170.0,0.8455,0.0,,10060.0,0.6154,0.4118,,,107.921
406024,Galen College of Nursing-Tampa Bay,Saint Petersburg,FL,Southeast,City,Private for-profit,0,0,2,3,1.0,,,,,,1465.0,0.8717,0.37,0.2485,0.1201,0.0403,17048.0,17048.0,34369.0,28197.0,6712.0,0.5938,12.0,8005.0,0.4916,0.8157,0.4930104843,32673.5,0.5385,0.6333,61480.0,24166.0,103.414
406033,Galen College of Nursing-San Antonio,San Antonio,TX,Southwest,City,Private for-profit,0,0,2,3,1.0,,,,,,2953.0,0.8537,0.2977,0.1199,0.3376,0.0373,17048.0,17048.0,34565.0,29104.0,6525.0,0.523,12.0,5627.0,0.5546,0.8188,0.4930104843,32673.5,0.6129,0.8088,61480.0,24166.0,97.057
407610,Pacific Bible College,Medford,OR,Far West,City,Private nonprofit,1,0,3,3,2.0,1.0,,,,,22.0,0.4545,0.9091,0.0,0.0,0.0,7168.0,7168.0,28080.0,24383.0,,,3.0,12827.0,0.4082,0.0,,,,0.0,,,103.361
407629,Lake Erie College of Osteopathic Medicine,Erie,PA,Mid East,City,Private nonprofit,1,0,1,4,,,,,,,4.0,1.0,0.5,0.0,0.25,0.25,,,,,10880.0,0.3602,2.0,14960.0,0.0,1.0,,,,,,,97.572
408844,Florida National University-Main Campus,Hialeah,FL,Southeast,Suburb,Private for-profit,1,0,2,4,1.0,,,,,,2449.0,0.7305,0.0355,0.0388,0.8305,0.0041,17368.0,17368.0,33447.0,23043.0,4619.0,0.3814,20.0,2747.0,0.8546,0.7715,0.5662162162,13365.0,0.7669,0.3119,33928.0,27554.0,103.414
409254,Erikson Institute,Chicago,IL,Great Lakes,City,Private nonprofit,1,0,4,4,,,,,,,,,,,,,,,,,9072.0,1.0,,38581.0,,,,,,,,,99.958
409315,South Texas College,McAllen,TX,Southwest,City,Public,1,0,2,3,1.0,,,,,,15856.0,0.5791,0.0222,0.0061,0.9494,0.0053,4920.0,7620.0,9561.0,1751.0,7665.0,0.5562,22.0,5695.0,0.388,0.0,0.6088904204,17577.0,0.5846,0.2729,36788.0,,97.057
409616,Roger Williams University School of Law,Bristol,RI,New England,Suburb,Private nonprofit,0,0,4,4,,,,,,,,,,,,,,,,,11287.0,0.4714,,17669.0,,,0.1965909091,103564.5,,,70266.0,26940.0,102.28
409698,California State University-Monterey Bay,Seaside,CA,Far West,Suburb,Public,1,0,3,4,2.0,0.974,,,,,6819.0,0.5947,0.2619,0.0224,0.5587,0.0601,7779.0,20379.0,26987.0,13663.0,12135.0,0.514,24.0,11704.0,0.4317,0.2848,0.5177157149,28759.0,0.7987,0.5909,59247.0,12750.0,110.72
413413,Capella University,Minneapolis,MN,Plains,City,Private for-profit,1,0,3,4,1.0,,,,,,18364.0,0.849,0.4441,0.2776,0.1473,0.0363,14400.0,14400.0,22820.0,17956.0,7627.0,0.1233,41.0,1815.0,0.3853,0.4709,0.4966973343,31525.0,0.4167,0.2,42189.0,14968.0,98.621
413617,College of Menominee Nation,Keshena,WI,Great Lakes,Rural,Private nonprofit,1,0,2,3,1.0,,,,,,258.0,0.6202,0.0853,0.0,0.0,0.0,6200.0,6200.0,16144.0,8805.0,6755.0,0.3571,6.0,51405.0,0.6347,0.0,0.55,14468.0,,0.3171,25853.0,,94.095
414595,Pacific College of Health and Science,New York,NY,Mid East,City,Private for-profit,0,0,2,4,1.0,,,,,,330.0,0.8364,0.2758,0.3061,0.1424,0.0848,15804.0,15804.0,59356.0,57004.0,7928.0,0.1176,9.0,4603.0,0.228,0.3648,0.4090909091,16839.0,,0.5556,26209.0,12271.0,107.921
414878,Trine University-Regional/Non-Traditional Campuses,Angola,IN,Great Lakes,Town,Private nonprofit,0,0,3,4,2.0,0.3986,,,,,607.0,0.5601,0.4366,0.1351,0.1285,0.0214,7176.0,7176.0,26786.0,15788.0,8289.0,0.2207,13.0,2185.0,0.1802,0.1959,0.3215613383,56102.0,1.0,0.0,57165.0,25000.0,93.329
414966,Phillips Theological Seminary,Tulsa,OK,Southwest,City,Private nonprofit,1,0,4,4,,,,,,,,,,,,,,,,,7297.0,1.0,,33008.0,,,,,,,,,87.843
416801,The University of Texas MD Anderson Cancer Center,Houston,TX,Southwest,City,Public,1,0,3,4,,,,,,,334.0,0.7844,0.1946,0.0898,0.4162,0.2156,,,,,14326.0,1.0,9.0,18700.0,0.3416,0.3416,0.4557823129,18609.0,,,90232.0,12500.0,97.057
417734,Southeast Missouri Hospital College of Nursing and Health Sciences,Cape Girardeau,MO,Plains,City,Private nonprofit,1,0,2,3,2.0,1.0,1020.0,,,22.0,200.0,0.875,0.85,0.08,0.035,0.015,11064.0,11064.0,24592.0,19390.0,6532.0,1.0,4.0,17581.0,0.4247,0.6096,0.4785714286,34079.0,,0.75,60918.0,11500.0,90.817
417752,Messenger College,Bedford,TX,Southwest,Suburb,Private nonprofit,1,0,3,3,2.0,0.375,,,,,24.0,0.6667,0.5833,0.0,0.125,0.0,11620.0,11620.0,29881.0,26433.0,2230.0,,8.0,3909.0,0.8148,0.963,,28400.0,0.5714,1.0,29463.0,,97.057
418126,New York College of Health Professions,Syosset,NY,Mid East,Suburb,Private nonprofit,1,0,3,4,1.0,,,,,,58.0,0.6379,0.2414,0.069,0.1379,0.4828,16395.0,16395.0,,,4778.0,,6.0,15123.0,0.0,0.0,0.4496644295,16390.0,,0.5,31601.0,24867.0,107.921
420246,Sonoran University of Health Sciences,Tempe,AZ,Southwest,City,Private nonprofit,1,0,4,4,,,,,,,,,,,,,,,,,7099.0,0.1899,,20085.0,,,,,,,,,100.677
420325,Yeshiva D'monsey Rabbinical College,Monsey,NY,Mid East,Suburb,Private nonprofit,1,0,3,3,2.0,0.3684,,,,,84.0,0.0,1.0,0.0,0.0,0.0,9200.0,9200.0,20600.0,8289.0,3493.0,,12.0,5990.0,0.7558,0.0,,12750.0,0.4848,0.0625,,,107.921
420705,Bakke Graduate University,Dallas,TX,Southwest,City,Private nonprofit,1,0,4,4,,,,,,,,,,,,,,,,,,,,1408.0,,,,,,,,,97.057
421708,Arizona College of Nursing-Tempe,Tempe,AZ,Southwest,City,Private for-profit,1,0,3,3,2.0,1.0,,,,,1202.0,0.8611,0.3652,0.0982,0.302,0.0408,26091.0,26091.0,38153.0,31681.0,7785.0,0.25,20.0,9013.0,0.4695,0.7389,0.5442307692,17322.5,0.7143,0.8889,34657.0,9500.0,100.677
421878,Eastern International College-Jersey City,Jersey City,NJ,Mid East,City,Private for-profit,1,0,3,3,2.0,0.6963,,,,,495.0,0.9232,0.1677,0.3152,0.3697,0.0808,18383.0,18383.0,26182.0,21111.0,7038.0,0.2258,15.0,5003.0,0.3861,0.6118,0.5227272727,22885.5,0.5484,0.3412,35008.0,24751.0,108.805
422695,Pacific College,Costa Mesa,CA,Far West,City,Private for-profit,1,0,2,4,2.0,0.56,,,,,225.0,0.84,0.1156,0.1467,0.4667,0.1511,,,,29363.0,5265.0,0.0597,9.0,12432.0,0.2798,0.4427,0.6342412451,31206.5,,0.625,70064.0,22469.0,110.72
423643,Midwestern University-Glendale,Glendale,AZ,Southwest,Suburb,Private nonprofit,0,0,4,4,,,,,,,,,,,,,,,,,13033.0,0.9614,,35068.0,,,,,,,,,100.677
426314,Embry-Riddle Aeronautical University-Worldwide,Daytona Beach,FL,Southeast,City,Private nonprofit,0,0,3,4,2.0,0.5791,1148.0,,,,9139.0,0.1627,0.5075,0.0843,0.2045,0.0443,12097.0,12097.0,24878.0,18725.0,9064.0,0.2097,23.0,5693.0,0.2551,0.1004,0.3554592721,38662.0,0.6029,0.2055,84131.0,23666.0,103.414
428170,Southeastern College-Boynton Beach,Boynton Beach,FL,Southeast,Suburb,Private for-profit,1,0,2,3,2.0,0.8704,,,,,563.0,0.9183,0.0799,0.5595,0.254,0.0107,24480.0,24480.0,37884.0,28820.0,6430.0,0.4175,12.0,6006.0,0.7662,0.9385,0.5180722892,16491.0,0.6667,0.875,41200.0,19000.0,103.414
428259,Ottawa University-Milwaukee,Brookfield,WI,Great Lakes,Suburb,Private nonprofit,0,0,3,4,,,,,,,41.0,0.8293,0.6585,0.1951,0.0732,0.0244,,,,,6468.0,,2.0,2168.0,0.4167,0.6167,0.4008683068,37231.5,,,55552.0,21500.0,94.095
429085,American College of Acupuncture and Oriental Med,Houston,TX,Southwest,City,Private for-profit,1,0,4,4,,,,,,,,,,,,,,,,,5340.0,,,6826.0,,,,,,,,,97.057
430184,Strayer University-Maryland,Baltimore,MD,Mid East,Suburb,Private for-profit,0,0,3,4,1.0,,,,,,1043.0,0.7287,0.1352,0.7335,0.0556,0.0096,13920.0,13920.0,,,8381.0,0.1481,47.0,1997.0,0.627,0.7349,0.5372940338,18178.0,1.0,0.375,40092.0,40621.0,104.959
430670,San Juan Bautista School of Medicine,Caguas,PR,Outlying Areas,City,Private nonprofit,1,0,3,4,2.0,1.0,,,,,94.0,0.734,0.0,0.0,1.0,0.0,6750.0,12747.0,12341.0,4946.0,,,8.0,11694.0,0.85,0.4,,19976.0,0.8889,0.6923,,,
430704,Texas Health and Science University,Austin,TX,Southwest,City,Private for-profit,1,0,4,4,,,,,,,,,,,,,,,,,6026.0,,,11000.0,,,,32193.5,,,,,97.057
432348,Appalachian School of Law,Grundy,VA,Southeast,Rural,Private nonprofit,1,0,4,4,,,,,,,,,,,,,,,,,9530.0,1.0,,26039.0,,,,,,,,,101.104
432384,Platt College-Ontario,Ontario,CA,Far West,City,Private for-profit,0,0,2,3,1.0,,,,,,500.0,0.856,0.102,0.07,0.74,0.038,14922.0,14922.0,27895.0,20711.0,6150.0,0.3636,21.0,12463.0,0.6215,0.7548,0.5471296953,21293.0,,0.582,40669.0,18685.0,110.72
433004,American University of Health Sciences,Signal Hill,CA,Far West,Suburb,Private for-profit,1,0,3,4,2.0,0.5,,,,,351.0,0.7265,0.037,0.0997,0.2906,0.4473,24575.0,24575.0,,,11448.0,0.4896,16.0,9563.0,0.456,0.8297,0.3515625,31654.0,1.0,0.5,93610.0,40326.0,110.72
433013,Career Networks Institute,Santa Ana,CA,Far West,City,Private for-profit,1,0,2,3,1.0,,,,,,1133.0,0.6937,0.1465,0.0627,0.4916,0.2383,,,,49677.0,10184.0,0.1806,30.0,8478.0,0.5224,0.7583,0.3608562691,30129.0,1.0,0.8929,45256.0,25899.0,110.72
433174,Carolinas College of Health Sciences,Charlotte,NC,Southeast,City,Public,1,0,1,3,2.0,0.599,1130.0,520.0,495.0,,533.0,0.878,0.4878,0.2777,0.1313,0.0488,18882.0,18882.0,,,7524.0,0.8197,7.0,19033.0,0.3317,0.7723,0.3184931507,31233.5,,1.0,64624.0,15337.0,94.326
433387,Western Governors University,Salt Lake City,UT,Rocky Mountains,Suburb,Private nonprofit,1,0,3,4,1.0,,,,,,155088.0,0.5557,0.5038,0.143,0.1555,0.0427,8658.0,8658.0,16728.0,12548.0,6375.0,0.746,42.0,2776.0,0.3942,0.4323,0.4706482625,46441.5,0.6458,0.4618,60615.0,11116.0,98.864
433420,California Aeronautical University,Bakersfield,CA,Far West,Suburb,Private for-profit,1,0,3,4,1.0,,,,,,347.0,0.1326,0.366,0.0605,0.3948,0.1037,37667.0,37667.0,46233.0,36126.0,6232.0,0.2532,8.0,21411.0,0.4631,0.6081,0.5,22891.0,0.6923,0.3019,38361.0,30705.0,110.72
433536,Herzing University-New Orleans,Metairie,LA,Southeast,City,Private nonprofit,0,0,2,4,2.0,0.92,,,,,346.0,0.9335,0.1734,0.7139,0.0347,0.0087,13450.0,13450.0,28414.0,21269.0,7240.0,0.2857,14.0,4246.0,0.7673,0.8338,0.5209032652,18321.0,0.5,0.1538,36909.0,21500.0,88.207
433660,Florida Gulf Coast University,Fort Myers,FL,Southeast,Suburb,Public,1,0,3,4,2.0,0.6344,1114.0,560.0,535.0,22.0,13874.0,0.5667,0.5012,0.0438,0.2578,0.018,6118.0,25162.0,20807.0,12568.0,9789.0,0.6719,20.0,7517.0,0.2788,0.246,0.3594800538,43546.0,0.8322,0.574,54560.0,17622.0,103.414
434441,Florida College of Integrative Medicine,Orlando,FL,Southeast,Suburb,Private for-profit,1,0,4,4,,,,,,,,,,,,,,,,,4348.0,,,3133.0,,,,4271.0,,,,,103.414
434584,Ilisagvik College,Barrow,AK,Far West,Rural,Public,1,0,1,3,1.0,,,,,,126.0,0.8016,0.0794,0.0317,0.0397,0.0635,5260.0,5260.0,14377.0,6743.0,8506.0,1.0,7.0,45117.0,0.0772,0.0,,14244.0,1.0,0.4615,39541.0,,102.359
434900,Dewey University-Carolina,Carolina,PR,Outlying Areas,Suburb,Private nonprofit,0,0,2,3,1.0,,,,,,292.0,0.774,0.0,0.0,1.0,0.0,7630.0,7630.0,11572.0,4041.0,2769.0,1.0,17.0,3792.0,0.8736,0.2051,0.4795996921,0.0,0.64,0.6207,19761.0,5185.0,
434937,Yeshiva College of the Nations Capital,Silver  Spring,MD,Mid East,Suburb,Private nonprofit,1,0,3,3,1.0,,,,,,56.0,0.0,1.0,0.0,0.0,0.0,11500.0,11500.0,25800.0,9850.0,8791.0,,8.0,6545.0,0.2105,0.0,,9428.0,0.6667,0.0,,,104.959
435000,Louisiana State University Health Sciences Center-Shreveport,Shreveport,LA,Southeast,City,Public,1,0,3,4,,,,,,,21.0,0.7619,0.5238,0.1905,0.0476,0.0952,,,,,7934.0,0.9516,3.0,140925.0,0.15,0.6,,24045.0,,,74671.0,,88.207
436429,Los Angeles Film School,Hollywood,CA,Far West,City,Private for-profit,1,0,3,3,1.0,,,,,,5472.0,0.3838,0.2814,0.3346,0.0581,0.0245,,,,30980.0,5540.0,0.9063,31.0,5920.0,0.6315,0.7096,0.4219771242,14579.5,0.5118,0.4129,31632.0,25250.0,110.72
436614,International Baptist College and Seminary,Chandler,AZ,Southwest,City,Private nonprofit,1,0,3,4,1.0,,,,,,43.0,0.3953,0.6744,0.0233,0.1395,0.0465,13800.0,13800.0,29112.0,14660.0,5163.0,,4.0,5900.0,0.3103,0.0862,,31665.0,0.25,0.875,39556.0,,100.677
436818,University of Connecticut-Waterbury Campus,Waterbury,CT,New England,City,Public,0,0,3,4,2.0,0.8666,1060.0,565.0,555.0,23.0,733.0,0.5211,0.3847,0.1105,0.3056,0.1241,18140.0,40808.0,22933.0,10875.0,17573.0,0.68,20.0,4207.0,0.5158,0.3724,0.2664932932,67737.0,0.7778,0.5273,73997.0,21500.0,103.61
436827,University of Connecticut-Avery Point,Groton,CT,New England,Suburb,Public,0,0,3,4,2.0,0.8818,1090.0,578.0,570.0,25.0,454.0,0.4273,0.6035,0.0507,0.1784,0.0727,18140.0,40808.0,23337.0,13807.0,17573.0,0.68,13.0,20253.0,0.3819,0.365,0.2664932932,67737.0,0.7024,0.6162,73997.0,21500.0,103.61
436836,University of Connecticut-Stamford,Stamford,CT,New England,City,Public,0,0,3,4,2.0,0.8298,1094.0,585.0,565.0,25.0,2432.0,0.4688,0.2541,0.1521,0.3725,0.1053,18150.0,40818.0,30122.0,16798.0,17573.0,0.68,21.0,3494.0,0.5071,0.35,0.2664932932,67737.0,0.816,0.5654,73997.0,21500.0,103.61
437097,University of Management and Technology,Arlington,VA,Southeast,City,Private for-profit,1,0,3,4,1.0,,,,,,294.0,0.5034,0.1156,0.1224,0.0204,0.0782,9450.0,9450.0,,,1280.0,0.8621,15.0,594.0,0.0836,0.065,0.52,38536.0,1.0,0.3333,68530.0,,101.104
438586,American InterContinental University-Atlanta,Atlanta,GA,Southeast,City,Private for-profit,0,0,3,4,1.0,,,,,,734.0,0.7016,0.1104,0.4946,0.0,0.0014,13527.0,13527.0,23743.0,16482.0,7217.0,,8.0,1595.0,0.8119,0.8463,0.5548700548,12480.0,0.1429,0.2083,36144.0,31000.0,96.293
439020,Midwest College of Oriental Medicine-Skokie,Skokie,IL,Great Lakes,City,Private for-profit,0,0,4,4,,,,,,,0.0,0.0,0.0,0.0,0.0,0.0,,,,,4083.0,,,8198.0,1.0,1.0,,30309.0,,,44136.0,,99.958
439190,Cascadia College,Bothell,WA,Far West,Suburb,Public,1,0,2,3,1.0,,,,,,1032.0,0.499,0.345,0.0262,0.1647,0.1308,5157.0,11296.0,21077.0,12281.0,11128.0,0.9091,13.0,6380.0,0.0859,0.0189,0.3829431438,24826.0,,0.321,54133.0,6368.0,107.013
439367,CBD College,Los Angeles,CA,Far West,City,Private nonprofit,1,0,2,3,1.0,,,,,,1581.0,0.7299,0.1594,0.0917,0.4402,0.1524,,,,23033.0,7854.0,0.9474,20.0,2610.0,0.413,0.675,0.4343257443,18466.0,,0.8214,37237.0,19309.0,110.72
439446,Atlantic Institute of Oriental Medicine,Fort Lauderdale,FL,Southeast,City,Private nonprofit,1,0,3,4,,,,,,,,,,,,,,,,,4216.0,,,14546.0,,,,3704.0,,,,,103.414
439701,The King's University,Southlake,TX,Southwest,Suburb,Private nonprofit,1,0,3,4,2.0,0.6064,,505.0,495.0,,251.0,0.6215,0.494,0.0677,0.2032,0.0319,12480.0,12480.0,18075.0,14140.0,8073.0,1.0,10.0,6696.0,0.386,0.4779,0.4,35185.0,0.5,0.4737,41471.0,27000.0,97.057
439783,New York College of Traditional Chinese Medicine,Mineola,NY,Mid East,Suburb,Private nonprofit,1,0,4,4,,,,,,,3.0,1.0,0.0,0.0,0.0,1.0,,,,,7875.0,,11.0,6236.0,,,,18870.0,,,,,107.921
439817,Northeastern Seminary,Rochester,NY,Mid East,Suburb,Private nonprofit,1,0,4,4,,,,,,,,,,,,,,,,,7238.0,,,5571.0,,,,,,,,,107.921
439862,Pacific Islands University,Mangilao,GU,Outlying Areas,Suburb,Private nonprofit,1,0,2,3,2.0,1.0,,,,,61.0,0.5082,0.0328,0.0,0.0328,0.0,7203.0,7516.0,13032.0,9334.0,2958.0,,15.0,3359.0,1.0,0.0,0.3913043478,0.0,1.0,0.6667,20902.0,,
439871,PCI College,Cerritos,CA,Far West,Suburb,Private for-profit,1,0,2,3,1.0,,,,,,149.0,0.9933,0.0336,0.0738,0.8188,0.0604,,,,27439.0,6250.0,,10.0,2275.0,0.6991,0.7876,0.6119402985,19391.5,1.0,0.6842,36141.0,17542.0,110.72
439914,Seattle Institute of East Asian Medicine,Seattle,WA,Far West,City,Private nonprofit,1,0,4,4,,,,,,,,,,,,,,,,,,,,4499.0,,,,,,,,,107.013
440004,Upper Valley Educators Institute,Lebanon,NH,New England,Town,Private nonprofit,1,0,4,4,,,,,,,,,,,,,,,,,,,,17642.0,,,,30740.5,,,,,104.165
440031,Keck Graduate Institute,Claremont,CA,Far West,Suburb,Private nonprofit,1,0,4,4,,,,,,,,,,,,,,,,,12284.0,0.5625,,18706.0,,,,12945.5,,,,,110.72
440396,New Saint Andrews College,Moscow,ID,Rocky Mountains,Town,Private nonprofit,1,0,3,4,2.0,0.8389,1262.0,,,,305.0,0.5639,0.741,0.0,0.0459,0.0328,16800.0,16800.0,,,5748.0,1.0,19.0,9266.0,0.0,0.0,,,0.8529,0.7391,,,95.494
440651,Atenas University,Manati,PR,Outlying Areas,Suburb,Private nonprofit,1,0,2,4,1.0,,,,,,597.0,0.7353,0.0,0.0,1.0,0.0,8954.0,8954.0,15539.0,5818.0,2869.0,0.3387,15.0,4267.0,0.8569,0.1193,0.5214646465,0.0,0.8182,0.4248,20231.0,6525.0,
440794,Pillar College,Newark,NJ,Mid East,City,Private nonprofit,1,0,3,4,1.0,,,,,,498.0,0.9096,0.5904,0.1064,0.2771,0.008,25900.0,25900.0,38047.0,8470.0,5265.0,0.3333,14.0,5297.0,0.6994,0.4192,0.5873015873,18259.0,0.7411,0.3846,45577.0,21483.0,108.805
440828,Oregon State University-Cascades Campus,Bend,OR,Far West,City,Public,0,0,3,4,2.0,0.6311,1255.0,618.0,605.0,25.0,1044.0,0.4684,0.7519,0.0096,0.1178,0.0287,13566.0,37356.0,29798.0,18048.0,11502.0,0.7865,9.0,3535.0,0.2741,0.3157,0.31369606,44450.0,0.75,0.5556,64010.0,21221.0,103.361
440916,Southern University Law Center,Baton Rouge,LA,Southeast,City,Public,0,1,3,4,,,,,,,607.0,0.6738,0.0049,0.9506,0.0115,0.0,,,,,8753.0,0.4742,21.0,10729.0,,,0.3966005666,23466.0,0.6049,,43371.0,29251.0,88.207
441104,Richmont Graduate University,Chattanooga,TN,Southeast,City,Private nonprofit,1,0,4,4,,,,,,,,,,,,,,,,,7265.0,0.3617,,7556.0,,,,,,,,,91.87
441131,The Seattle School of Theology & Psychology,Seattle,WA,Far West,City,Private nonprofit,1,0,4,4,,,,,,,,,,,,,,,,,6873.0,1.0,,15849.0,,,,,,,,,107.013
441229,Smith Chason College,Los Angeles,CA,Far West,City,Private for-profit,1,0,2,3,1.0,,,,,,2447.0,0.8365,0.2162,0.074,0.517,0.0691,19040.0,19040.0,39461.0,34367.0,7881.0,0.2977,21.0,4726.0,0.5862,0.8537,0.497995992,24741.0,,0.7194,58004.0,21397.0,110.72
441609,Yeshiva Shaarei Torah of Rockland,Suffern,NY,Mid East,Suburb,Private nonprofit,1,0,2,3,2.0,0.3667,,,,,152.0,0.0,0.8618,0.0,0.0,0.0,13000.0,13000.0,22780.0,10753.0,6365.0,0.6667,12.0,7425.0,0.3121,0.0,,12710.0,0.8889,,89548.0,,107.921
441636,American Institute of Alternative Medicine,Columbus,OH,Great Lakes,City,Private for-profit,1,0,1,4,2.0,0.7829,,,,,231.0,0.8571,0.1732,0.7532,0.0173,0.026,22947.0,22947.0,42272.0,38392.0,5511.0,1.0,9.0,5105.0,0.6684,0.639,0.5053003534,23507.0,,0.6,40805.0,9500.0,92.774
441690,Universidad Pentecostal Mizpa,Rio Piedras,PR,Outlying Areas,City,Private nonprofit,1,0,2,4,1.0,,,,,,137.0,0.4088,0.0,0.0,1.0,0.0,4560.0,4560.0,12652.0,6440.0,847.0,0.0345,9.0,1855.0,0.5568,0.0,0.56,11435.0,1.0,0.1538,21410.0,,
441900,Nevada State University,Henderson,NV,Far West,Rural,Public,1,0,3,4,2.0,0.8682,,,,,3762.0,0.7889,0.2289,0.0978,0.4814,0.1018,6765.0,21833.0,23718.0,14068.0,9521.0,1.0,18.0,5897.0,0.2284,0.1282,0.4877488515,31751.5,0.7877,0.3358,53166.0,19691.0,99.979
441937,California State University-Channel Islands,Camarillo,CA,Far West,Rural,Public,1,0,3,4,2.0,0.9481,,,,,5013.0,0.6627,0.2228,0.0227,0.604,0.0626,7159.0,19759.0,23561.0,9849.0,12682.0,0.5388,16.0,13045.0,0.466,0.2395,0.5068836045,27978.0,0.7243,0.5132,62152.0,15000.0,110.72
441982,Franklin W Olin College of Engineering,Needham,MA,New England,Suburb,Private nonprofit,1,0,3,3,2.0,0.252,1520.0,755.0,780.0,35.0,377.0,0.4721,0.4164,0.0212,0.1247,0.2361,66398.0,66398.0,86474.0,25171.0,15357.0,0.918,9.0,33960.0,0.1213,0.2525,,89945.0,0.9796,0.9639,129455.0,19500.0,105.757
442064,Won Institute of Graduate Studies,Warminster,PA,Mid East,Suburb,Private nonprofit,1,0,4,4,,,,,,,,,,,,,,,,,3753.0,0.1207,,8674.0,,,,,,,,,97.572
442295,Ave Maria School of Law,Naples,FL,Southeast,Suburb,Private nonprofit,1,0,4,4,,,,,,,,,,,,,,,,,9811.0,1.0,,14158.0,,,,,,,,,103.414
442356,Saint Joseph's University - Lancaster,Lancaster,PA,Mid East,Rural,Private nonprofit,0,0,2,4,2.0,0.4121,,,,,1280.0,0.8742,0.6078,0.1203,0.1789,0.0516,32933.0,32933.0,47879.0,42478.0,8255.0,0.7283,11.0,8676.0,0.5498,0.5334,0.1751018034,108285.0,0.8125,0.6875,86881.0,25500.0,97.572
442426,St Louis College of Health Careers-Fenton,Fenton,MO,Plains,Suburb,Private for-profit,1,0,2,4,2.0,0.8,,,,,399.0,0.9273,0.2632,0.6491,0.0401,0.015,,,,24395.0,5056.0,0.3846,11.0,2938.0,0.6565,0.7585,0.4874504624,15045.0,,0.5938,32217.0,11750.0,90.817
442569,University of Arkansas Grantham,LIttle Rock,AR,Southeast,City,Public,1,0,3,4,1.0,,,,,,2833.0,0.6583,0.3904,0.3547,0.0805,0.0067,8520.0,8520.0,15318.0,8370.0,6141.0,0.3067,20.0,1908.0,0.7181,0.7287,0.5862972669,12855.0,0.3026,0.4304,63496.0,21956.0,86.937
442639,University of the Potomac-VA Campus,FALLS CHURCH,VA,Southeast,Suburb,Private for-profit,0,0,3,4,1.0,,,,,,157.0,0.3121,0.0255,0.0701,0.0127,0.4841,6660.0,6660.0,,,,,11.0,2823.0,0.0,0.0,0.4833333333,25639.0,0.6667,0.5,34961.0,8769.0,101.104
442806,Edward Via College of Osteopathic Medicine,Blacksburg,VA,Southeast,City,Private nonprofit,1,0,4,4,,,,,,,,,,,,,,,,,,,,24697.0,,,,,,,,,101.104
442842,Pacific College of Health and Science,Chicago,IL,Great Lakes,City,Private for-profit,0,0,1,4,1.0,,,,,,2.0,0.5,0.0,0.0,0.0,0.0,7508.0,7508.0,,,4333.0,,12.0,2612.0,0.1064,0.1064,0.4090909091,16839.0,,0.7778,26209.0,12271.0,99.958
443030,Endeavor Health School of Nurse Anesthesia-DePaul University,Evanston,IL,Great Lakes,City,Private nonprofit,1,0,4,4,,,,,,,,,,,,,,,,,,,,21156.0,,,,,,,,,99.958
443049,Faith International University,Tacoma,WA,Far West,City,Private nonprofit,1,0,3,4,1.0,,,,,,276.0,0.529,0.4891,0.1703,0.2138,0.0688,8850.0,8850.0,31368.0,22662.0,3292.0,0.4074,16.0,2261.0,0.4694,0.2398,,34426.0,0.6667,0.25,51006.0,17650.0,107.013
443058,Family of Faith Christian University,Shawnee,OK,Southwest,Rural,Private nonprofit,1,0,3,4,2.0,0.76,,,,,82.0,0.622,0.5366,0.0488,0.0854,0.0488,9600.0,9600.0,,,1042.0,,8.0,2870.0,0.3146,0.1011,,32802.0,,,,,87.843
443076,Hood Theological Seminary,Salisbury,NC,Southeast,Suburb,Private nonprofit,1,0,4,4,,,,,,,,,,,,,,,,,4882.0,1.0,,18234.0,,,,,,,,,94.326
443331,West Coast University-Texas,Richardson,TX,Southwest,City,Private for-profit,1,0,3,4,1.0,,,,,,2673.0,0.7849,0.352,0.0262,0.3573,0.1942,36854.0,36854.0,55938.0,53020.0,9635.0,0.3787,17.0,13491.0,0.4481,0.8813,0.3973442288,29657.0,1.0,0.3125,102672.0,32946.0,97.057
443340,Williamson Christian College,Franklin,TN,Southeast,City,Private nonprofit,1,0,3,4,1.0,,,,,,41.0,0.5366,0.7073,0.0244,0.2195,0.0488,16090.0,16090.0,,,1357.0,,6.0,5685.0,0.3,0.125,,18354.0,0.5,0.6667,37474.0,,91.87
443410,DigiPen Institute of Technology,Redmond,WA,Far West,City,Private for-profit,1,0,3,4,2.0,0.6442,1297.0,653.0,632.0,28.0,995.0,0.3296,0.5427,0.0302,0.0985,0.1156,38950.0,38950.0,55588.0,44446.0,10167.0,0.4891,11.0,10848.0,0.2246,0.4251,0.1742857143,61196.0,0.7619,0.6095,79878.0,27000.0,107.013
443562,Dewey University-Hato Rey,Hato Rey,PR,Outlying Areas,City,Private nonprofit,0,0,3,4,1.0,,,,,,244.0,0.8648,0.0,0.0,1.0,0.0,8180.0,8180.0,11993.0,3577.0,2040.0,1.0,21.0,4520.0,0.937,0.2444,0.4795996921,0.0,0.5667,0.537,19761.0,5185.0,
443571,InterCoast Colleges-West Covina,West Covina,CA,Far West,Suburb,Private for-profit,1,0,1,3,1.0,,,,,,535.0,0.4841,0.2729,0.1402,0.4673,0.0224,,,,27536.0,6182.0,0.2308,15.0,610.0,0.7315,0.7412,0.5428832117,13238.0,0.8571,0.9712,36089.0,10313.0,110.72
443599,American College of Healthcare Sciences,Portland,OR,Far West,City,Private for-profit,1,0,1,4,2.0,0.5349,,,,,759.0,0.9381,0.5059,0.2161,0.1199,0.0079,13040.0,13040.0,29923.0,23782.0,5408.0,0.5122,27.0,3313.0,0.6552,0.6059,0.4430894309,21952.0,1.0,1.0,,13523.0,103.361
443650,Miller-Motte College-Chattanooga,Chattanooga,TN,Southeast,City,Private for-profit,1,0,2,3,1.0,,,,,,4462.0,0.7741,0.2745,0.5612,0.0749,0.0036,,,,23958.0,4761.0,0.1636,49.0,1826.0,0.8617,0.8041,0.5862318841,16310.0,0.0,0.601,31102.0,15917.0,91.87
443702,Bexley Hall Seabury Western Theological Seminary Federation Inc.,Chicago,IL,Great Lakes,City,Private nonprofit,1,0,4,4,,,,,,,,,,,,,,,,,6706.0,,,43223.0,,,,,,,,,99.958
443766,Strayer University-Tennessee,Nashville,TN,Southeast,City,Private for-profit,0,0,3,4,1.0,,,,,,1784.0,0.8061,0.3016,0.6385,0.0123,0.0006,13920.0,13920.0,25158.0,11645.0,8381.0,0.1667,47.0,2214.0,0.8693,0.9157,0.5372940338,18178.0,1.0,0.0,40092.0,40621.0,91.87
443784,Strayer University-Pennsylvania,Philadelphia,PA,Mid East,Suburb,Private for-profit,0,0,3,4,1.0,,,,,,1226.0,0.7651,0.3189,0.4715,0.1338,0.0073,13920.0,13920.0,,,8381.0,0.1481,47.0,1709.0,0.7256,0.8358,0.5372940338,18178.0,,0.0,40092.0,40621.0,97.572
444088,Brookline College-Albuquerque,Albuquerque,NM,Southwest,City,Private for-profit,0,0,3,3,1.0,,,,,,542.0,0.8598,0.1753,0.0812,0.5756,0.0148,,,,37459.0,7366.0,0.5179,22.0,8244.0,0.4675,0.5076,0.5590327169,15003.5,0.0,0.4706,29576.0,9500.0,92.212
444103,Byzantine Catholic Seminary of Saints Cyril and Methodius,Pittsburgh,PA,Mid East,City,Private nonprofit,1,0,4,4,,,,,,,,,,,,,,,,,1620.0,,,18010.0,,,,,,,,,97.572
444130,Northcentral University,San Diego,CA,Far West,City,Private nonprofit,1,0,3,4,,,,,,,60.0,0.7833,0.45,0.2167,0.15,0.0167,,,,,,,1.0,1881.0,0.3776,0.449,0.4444444444,21114.0,,,48414.0,12500.0,110.72
444325,ATI College-Whittier,Whitter,CA,Far West,Suburb,Private for-profit,1,0,1,3,1.0,,,,,,149.0,0.8188,0.0403,0.0537,0.604,0.047,,,,20467.0,3543.0,,25.0,5804.0,0.7044,0.7241,,19273.5,0.25,0.7222,38938.0,28428.0,110.72
444398,Baptist University of the Americas,San Antonio,TX,Southwest,City,Private nonprofit,1,0,3,3,1.0,,,,,,99.0,0.6061,0.0707,0.0303,0.8182,0.0808,9180.0,9180.0,13755.0,10964.0,3773.0,0.0732,12.0,5181.0,0.2755,0.102,0.5535714286,24653.0,0.6667,0.8,37709.0,,97.057
444413,Beis Medrash Heichal Dovid,Far Rockaway,NY,Mid East,City,Private nonprofit,1,0,3,3,2.0,0.7895,,,,,206.0,0.0,0.9563,0.0,0.0,0.0,10480.0,10480.0,20540.0,10909.0,12716.0,,23.0,5927.0,0.1475,0.0,,58571.5,0.8354,0.5263,,,107.921
444699,Institute of Clinical Acupuncture & Oriental Medicine,Honolulu,HI,Far West,City,Private for-profit,1,0,4,4,,,,,,,,,,,,,,,,,3056.0,,,8106.0,,,,,,,,,109.951
444778,Charlotte Christian College and Theological Seminary,Charlotte,NC,Southeast,City,Private nonprofit,1,0,2,4,1.0,,,,,,24.0,0.4167,0.1667,0.75,0.0,0.0417,12858.0,12858.0,,,3006.0,,3.0,4963.0,0.6667,0.8611,,21102.0,,,33696.0,18000.0,94.326
444787,Nightingale College,Salt Lake City,UT,Rocky Mountains,City,Private for-profit,1,0,3,4,1.0,,,,,,5986.0,0.8496,0.2399,0.1943,0.2514,0.2066,,,,30852.0,7549.0,0.8841,12.0,2888.0,0.415,0.7849,0.447592068,32415.5,0.5,0.2063,27126.0,25250.0,98.864
445027,American InterContinental University System,Chandler,AZ,Southwest,City,Private for-profit,1,0,3,4,1.0,,,,,,7111.0,0.6314,0.2578,0.3177,0.0473,0.0159,12397.0,12397.0,22256.0,15172.0,6706.0,,36.0,1908.0,0.71,0.7042,0.5548700548,12480.0,0.3596,0.0851,36144.0,31000.0,100.677
445054,Toyota Technological Institute at Chicago,Chicago,IL,Great Lakes,City,Private nonprofit,1,0,4,4,,,,,,,,,,,,,,,,,,,,,,,,,,,,,99.958
445133,American InterContinental University-Houston,Houston,TX,Southwest,City,Private for-profit,0,0,3,4,1.0,,,,,,94.0,0.5957,0.1064,0.383,0.0,0.0106,14829.0,14829.0,26087.0,20249.0,7818.0,,13.0,5539.0,0.6855,0.7581,0.5548700548,12480.0,0.25,0.0455,36144.0,31000.0,97.057
445188,University of California-Merced,Merced,CA,Far West,Suburb,Public,1,0,3,4,2.0,0.9053,,,,,8372.0,0.452,0.0922,0.0508,0.5541,0.2358,15623.0,49823.0,39665.0,11983.0,14834.0,0.9328,20.0,12647.0,0.5889,0.2855,0.5741399763,33931.0,0.8213,0.6872,64368.0,16144.0,110.72
445267,Central Methodist University-College of Graduate and Extended Studies,Fayette,MO,Plains,Rural,Private nonprofit,0,0,3,4,2.0,0.8753,1120.0,,,,2092.0,0.5196,0.7476,0.1224,0.0229,0.0057,7440.0,7440.0,22310.0,14601.0,6109.0,1.0,28.0,2251.0,0.3188,0.206,0.4372781065,38484.0,0.5294,0.0,48991.0,17619.0,90.817
445692,Neumont College of Computer Science,Salt Lake City,UT,Rocky Mountains,City,Private for-profit,1,0,3,3,2.0,0.8678,1093.0,,,,453.0,0.1611,0.5298,0.0795,0.1589,0.0265,27360.0,27360.0,45890.0,35205.0,10119.0,1.0,27.0,4869.0,0.6226,0.8736,0.3041958042,43318.0,0.7399,0.627,97827.0,,98.864
445708,Johnson & Wales University-Charlotte,Charlotte,NC,Southeast,City,Private nonprofit,0,0,2,3,2.0,0.7988,1007.0,,,,1184.0,0.6512,0.3353,0.4181,0.1334,0.016,42419.0,42419.0,58022.0,27426.0,10592.0,1.0,14.0,14543.0,0.5239,0.8112,0.3464140731,41456.0,0.7152,0.4897,43418.0,26000.0,94.326
445735,Roseman University of Health Sciences,Henderson,NV,Far West,City,Private nonprofit,1,0,3,4,,,,,,,536.0,0.7593,0.2425,0.0672,0.1623,0.3489,,,,,12064.0,0.516,10.0,19153.0,0.2834,0.7942,0.3375,26431.5,,,120163.0,25000.0,99.979
445869,Divine Mercy University,Sterling,VA,Southeast,Suburb,Private nonprofit,1,0,4,4,,,,,,,,,,,,,,,,,8247.0,0.9429,,9301.0,,,,,,,,,101.104
446002,American Academy of Health and Wellness,Roseville,MN,Plains,Suburb,Private for-profit,1,0,4,4,,,,,,,,,,,,,,,,,1031.0,,,5148.0,,,,13025.0,,,,,98.621
446039,Arizona School of Acupuncture and Oriental Medicine,Tucson,AZ,Southwest,City,Private for-profit,1,0,4,4,,,,,,,,,,,,,,,,,,,,4467.0,,,,,,,,,100.677
446048,Ave Maria University,Ave Maria,FL,Southeast,Rural,Private nonprofit,1,0,3,4,2.0,0.4139,,,,,1298.0,0.53,0.6949,0.0285,0.1502,0.047,30198.0,30198.0,46129.0,24860.0,9091.0,1.0,17.0,13083.0,0.2104,0.452,0.1763392857,81806.0,0.7893,0.5394,49520.0,20776.0,103.414
446127,ATA Career Education,Spring Hill,FL,Southeast,Suburb,Private for-profit,0,0,1,3,1.0,,,,,,201.0,0.9055,0.2935,0.3483,0.1891,0.0,14895.0,14895.0,32225.0,28250.0,5974.0,0.5161,20.0,3794.0,0.9159,0.9292,0.5444444444,16605.5,,0.6667,34577.0,21030.0,103.414
446224,Eastern School of Acupuncture and Traditional Medicine,Bloomfield,NJ,Mid East,Suburb,Private for-profit,1,0,1,4,,,,,,,2.0,1.0,0.5,0.0,0.0,0.5,,,,,,,6.0,8680.0,0.0,0.0,,13479.5,,,48962.0,,108.805
446233,Ecclesia College,Springdale,AR,Southeast,Rural,Private nonprofit,1,0,3,3,2.0,0.7381,,,,,108.0,0.287,0.4167,0.1944,0.1389,0.0,16850.0,16850.0,31571.0,22075.0,1331.0,0.3667,10.0,6213.0,0.4855,0.5435,0.4742268041,29535.0,0.4839,0.4,40650.0,13019.0,86.937
446385,Los Angeles College of Music,Pasadena,CA,Far West,City,Private for-profit,1,0,3,4,2.0,0.8771,,,,,227.0,0.4581,0.0837,0.0396,0.0881,0.0352,30540.0,30540.0,49705.0,43590.0,5308.0,0.016,3.0,8743.0,0.2022,0.3221,,26132.0,0.6129,0.4127,31758.0,27938.0,110.72
446525,SAE Institute of Technology-Nashville,Nashville,TN,Southeast,City,Private for-profit,1,0,1,3,1.0,,,,,,1712.0,0.1887,0.1355,0.5946,0.1571,0.0134,17514.0,17514.0,29991.0,24700.0,4494.0,0.3219,11.0,2804.0,0.6056,0.7011,0.3394308943,19236.0,,0.4173,39544.0,9500.0,91.87
446561,Stanbridge University,Irvine,CA,Far West,City,Private for-profit,1,0,3,4,2.0,0.1,,,,,2643.0,0.8006,0.1067,0.0454,0.4222,0.1835,,,,45372.0,7667.0,0.3089,15.0,3124.0,0.6119,0.8961,0.4163179916,26961.0,0.8356,0.6209,62144.0,20000.0,110.72
446604,Uta Mesivta of Kiryas Joel,Monroe,NY,Mid East,City,Private nonprofit,1,0,3,3,1.0,,,,,,2957.0,0.0,1.0,0.0,0.0,0.0,16000.0,16000.0,21682.0,4156.0,3617.0,1.0,16.0,7368.0,0.874,0.0,,18200.0,0.9399,0.7019,31853.0,,107.921
446640,Harrisburg University of Science and Technology,Harrisburg,PA,Mid East,City,Private nonprofit,1,0,3,4,2.0,0.8735,,,,,615.0,0.2943,0.4683,0.2033,0.1724,0.0715,24400.0,24400.0,35893.0,15376.0,9125.0,0.269,18.0,13486.0,0.4735,0.5613,0.44,29132.0,0.7388,0.3387,52374.0,27000.0,97.572
447050,United States University,Sandy Springs,CA,Far West,City,Private for-profit,1,0,3,4,1.0,,,,,,153.0,0.6797,0.451,0.0915,0.3268,0.0784,6780.0,6780.0,,,7532.0,1.0,15.0,3939.0,0.1573,0.1404,0.5303030303,16957.0,,,80980.0,15244.0,110.72
447263,Joyce University of Nursing and Health Sciences,Draper,UT,Rocky Mountains,Suburb,Private for-profit,1,0,2,4,2.0,0.6188,,,,,2058.0,0.8479,0.6885,0.0491,0.1069,0.0403,21680.0,21680.0,30016.0,28039.0,7480.0,0.4318,13.0,10189.0,0.7024,0.4334,0.384219554,34918.0,0.8605,0.5417,49841.0,20000.0,98.864
447421,Eagle Gate College-Layton,Layton,UT,Rocky Mountains,Suburb,Private for-profit,0,0,3,3,1.0,,,,,,226.0,0.9027,0.6106,0.031,0.1681,0.0221,,,,25873.0,7269.0,,28.0,6658.0,0.3764,0.4649,0.5258126195,22815.0,0.6667,0.3846,37518.0,43021.0,98.864
447689,Georgia Gwinnett College,Lawrenceville,GA,Southeast,Suburb,Public,1,0,3,3,2.0,0.955,,530.0,525.0,20.0,11344.0,0.5921,0.1898,0.3319,0.284,0.1087,4532.0,13844.0,22547.0,15844.0,8110.0,0.7396,19.0,4730.0,0.5181,0.2469,0.3561382184,27959.0,0.6337,0.2147,47730.0,20076.0,96.293
447698,Phoenix Institute of Herbal Medicine & Acupuncture,Phoenix,AZ,Southwest,City,Private for-profit,1,0,4,4,,,,,,,,,,,,,,,,,4750.0,0.0571,,2691.0,,,,,,,,,100.677
447713,California Career College,Canoga Park,CA,Far West,City,Private for-profit,1,0,2,3,1.0,,,,,,190.0,0.7263,0.3158,0.0579,0.3,0.3105,,,,46880.0,2976.0,0.9231,7.0,1842.0,0.2924,0.9136,,37000.0,,1.0,51684.0,28500.0,110.72
447801,University of East-West Medicine,Sunnyvale,CA,Far West,City,Private for-profit,1,0,4,4,,,,,,,,,,,,,,,,,,,,2838.0,,,,,,,,,110.72
447953,SUM Bible College and Theological Seminary,El Dorado Hills,CA,Far West,Suburb,Private nonprofit,1,0,3,4,2.0,0.4068,,,,,198.0,0.399,0.3081,0.2576,0.1869,0.1162,10460.0,10460.0,24956.0,21680.0,5000.0,,18.0,4214.0,0.4465,0.4308,0.5363636364,29345.0,0.6429,0.8481,35418.0,26677.0,110.72
448239,Careers Unlimited,Orem,UT,Rocky Mountains,City,Private for-profit,1,0,3,3,,,,,,,118.0,0.9831,0.9153,0.0,0.0424,0.0169,,,,,9842.0,,13.0,5647.0,0.5449,0.7472,,33667.0,,,30829.0,,98.864
448691,International Institute for Restorative Practices,Bethlehem,PA,Mid East,City,Private nonprofit,1,0,4,4,,,,,,,,,,,,,,,,,6551.0,1.0,,103690.0,,,,,,,,,97.572
449038,Strayer University-Florida,Tampa,FL,Southeast,Suburb,Private for-profit,0,0,3,4,1.0,,,,,,1107.0,0.7218,0.3315,0.4797,0.1229,0.0063,13920.0,13920.0,25158.0,16064.0,8381.0,0.1481,47.0,1828.0,0.7869,0.8554,0.5372940338,18178.0,0.6667,1.0,40092.0,40621.0,103.414
449135,Dewey University-Juana Diaz,Juana Diaz,PR,Outlying Areas,Suburb,Private nonprofit,0,0,2,3,1.0,,,,,,263.0,0.7909,0.0,0.0,1.0,0.0,7630.0,7630.0,11572.0,5554.0,2736.0,1.0,16.0,1742.0,0.8971,0.177,0.4795996921,0.0,0.5938,0.7333,19761.0,5185.0,
449339,American Public University System,Charles Town,WV,Southeast,Town,Private for-profit,1,0,3,4,1.0,,,,,,40074.0,0.3554,0.4423,0.1782,0.2003,0.0301,8400.0,8400.0,18768.0,9597.0,5404.0,0.1842,25.0,1771.0,0.2455,0.1216,0.5344448113,22613.5,0.9714,0.5716,44409.0,21743.0,89.497
449348,Huntsville Bible College,Huntsville,AL,Southeast,City,Private nonprofit,1,0,1,4,1.0,,,,,,64.0,0.7031,0.0781,0.9219,0.0,0.0,4730.0,4730.0,,,,,7.0,4941.0,0.4268,0.5366,0.6666666667,9881.0,,0.0,,40500.0,88.823
449384,Gnomon,North Hollywood,CA,Far West,City,Private for-profit,1,0,3,3,2.0,0.4182,,,,,294.0,0.4286,0.2313,0.0136,0.0918,0.1429,37635.0,37635.0,54947.0,51949.0,11289.0,,11.0,8278.0,0.1081,0.1766,,15714.0,0.9,1.0,114785.0,28332.0,110.72
449481,Dragon Rises College of Oriental Medicine,Bradenton,FL,Southeast,Suburb,Private nonprofit,1,0,4,4,,,,,,,,,,,,,,,,,,,,2842.0,,,,,,,,,103.414
449658,Bais Medrash Toras Chesed,Lakewood,NJ,Mid East,City,Private nonprofit,1,0,3,3,2.0,0.5765,,,,,132.0,0.0,0.9924,0.0,0.0,0.0,8100.0,8100.0,14000.0,6838.0,5089.0,,15.0,4866.0,0.272,0.0,,29123.0,0.9091,0.3333,,,108.805
449764,Visible Music College,Memphis,TN,Southeast,City,Private nonprofit,1,0,3,4,2.0,0.2803,1050.0,493.0,435.0,19.0,79.0,0.443,0.519,0.2152,0.1899,0.0506,22000.0,22000.0,31820.0,27820.0,2476.0,0.3478,6.0,10511.0,0.4881,0.5774,,36162.0,0.6667,0.2286,35933.0,9500.0,91.87
449834,Virginia Beach Theological Seminary,Virginia Beach,VA,Southeast,City,Private nonprofit,1,0,4,4,2.0,,,,,,1.0,0.0,1.0,0.0,0.0,0.0,,,,,5113.0,,3.0,21426.0,,,,,,,,,101.104
449870,University of the West,Rosemead,CA,Far West,Suburb,Private nonprofit,1,0,3,4,2.0,1.0,,,,,32.0,0.7188,0.0313,0.0938,0.0938,0.1563,15446.0,15446.0,21278.0,6845.0,5842.0,0.2381,4.0,15538.0,0.283,0.1887,,17815.0,0.5,0.375,,,110.72
449889,American College of Education,Indianapolis,IN,Great Lakes,City,Private for-profit,1,0,3,4,,,,,,,359.0,0.8134,0.4763,0.1866,0.1783,0.0501,,,,,3626.0,0.2446,9.0,,0.0,0.0,,,,,,,93.329
449898,South University-Tampa,Tampa,FL,Southeast,City,Private for-profit,0,0,3,4,1.0,,,,,,388.0,0.7474,0.2113,0.2887,0.3686,0.018,18145.0,18145.0,30414.0,20434.0,7883.0,0.3667,14.0,8099.0,0.4897,0.6,0.4722883373,20000.0,0.5,0.2333,34421.0,26123.0,103.414
449922,Appalachian College of Pharmacy,Oakwood,VA,Southeast,Rural,Private nonprofit,1,0,4,4,,,,,,,,,,,,,,,,,9823.0,1.0,,34961.0,,,,,,,,,101.104
450298,Strayer University-Delaware,Wilmington,DE,Mid East,City,Private for-profit,0,0,3,4,1.0,,,,,,161.0,0.7578,0.2422,0.5963,0.0932,0.0062,13920.0,13920.0,25158.0,22593.0,8381.0,0.1667,47.0,2894.0,0.6958,0.8042,0.5372940338,18178.0,0.0,,40092.0,40621.0,99.808
450304,Brite Divinity School,Fort Worth,TX,Southwest,City,Private nonprofit,0,0,4,4,,,,,,,,,,,,,,,,,10905.0,1.0,,38620.0,,,0.2040586246,73000.0,,,68424.0,21500.0,97.057
450377,Strayer University-Alabama,Birmingham,AL,Southeast,City,Private for-profit,0,0,3,4,1.0,,,,,,1196.0,0.8085,0.2517,0.6906,0.0117,0.0008,13920.0,13920.0,,,8381.0,0.1481,47.0,1748.0,0.852,0.9097,0.5372940338,18178.0,,0.0,40092.0,40621.0,88.823
450571,Rasmussen University-Wisconsin,Green Bay,WI,Great Lakes,City,Private for-profit,0,0,2,3,,,,,,,55.0,0.9818,0.7455,0.0182,0.1273,0.0,,,,,6556.0,0.1176,3.0,4910.0,0.5342,0.7578,0.4757427831,25123.5,,0.5667,39080.0,20899.0,94.095
450933,Columbia Southern University,Orange Beach,AL,Southeast,Town,Private for-profit,1,0,3,4,1.0,,,,,,12176.0,0.3598,0.6076,0.1893,0.0126,0.0146,6760.0,6760.0,18226.0,14580.0,4485.0,0.3997,37.0,1191.0,0.2419,0.2578,0.5352340839,35183.0,0.7099,0.3328,63534.0,21339.0,88.823
451079,Academy for Five Element Acupuncture,Gainesville,FL,Southeast,City,Private nonprofit,1,0,4,4,,,,,,,,,,,,,,,,,,,,4265.0,,,,,,,,,103.414
451103,Miami Regional University,Miami Springs,FL,Southeast,Suburb,Private for-profit,1,0,2,4,1.0,,,,,,312.0,0.7147,0.0288,0.0737,0.891,0.0,,,,22113.0,8265.0,0.55,27.0,3447.0,0.3091,0.7368,0.5174757282,15992.0,0.9655,0.8448,29081.0,22500.0,103.414
451370,Yeshivas Be'er Yitzchok,Elizabeth,NJ,Mid East,Suburb,Private nonprofit,1,0,3,3,2.0,0.8621,,,,,90.0,0.0,0.9667,0.0,0.0,0.0,11450.0,11450.0,36850.0,28599.0,4495.0,,7.0,7632.0,0.5385,0.0,,19288.0,1.0,0.1429,82560.0,,108.805
451398,Yeshiva Toras Chaim,Lakewood,NJ,Mid East,Suburb,Private nonprofit,1,0,3,3,2.0,0.4425,,,,,227.0,0.0,0.8634,0.0,0.0,0.0,12750.0,12750.0,23250.0,5356.0,5532.0,,21.0,9320.0,0.3778,0.0,,30463.0,0.9194,0.3103,62526.0,,108.805
451404,Talmudical Seminary of Bobov,Brooklyn,NY,Mid East,City,Private nonprofit,1,0,3,3,2.0,0.9787,,,,,602.0,0.0,1.0,0.0,0.0,0.0,13200.0,13200.0,19000.0,2840.0,3274.0,1.0,15.0,9163.0,0.9689,0.0,0.8509090909,17790.0,0.6869,0.3922,22432.0,,107.921
451510,Charleston School of Law,Charleston,SC,Southeast,City,Private for-profit,1,0,4,4,,,,,,,,,,,,,,,,,13361.0,0.5472,,8125.0,,,,,,,,,93.749
451556,Southwest University at El Paso,El Paso,TX,Southwest,City,Private for-profit,1,0,2,3,1.0,,,,,,2073.0,0.6778,0.0637,0.0627,0.863,0.0068,16000.0,16000.0,23987.0,16906.0,3960.0,,20.0,2246.0,0.8219,0.7561,0.5078219013,16246.0,0.6382,0.5942,29648.0,20000.0,97.057
451750,Bryant & Stratton College-Wauwatosa,Wauwatosa,WI,Great Lakes,Suburb,Private nonprofit,0,0,2,3,1.0,,,,,,1037.0,0.7888,0.3279,0.4069,0.109,0.0424,20288.0,20288.0,26292.0,14858.0,6719.0,0.4216,18.0,9506.0,0.6096,0.7938,0.5378553335,15184.0,0.4286,0.1974,32568.0,21549.0,94.095
451866,Remington College-Shreveport Campus,Shreveport,LA,Southeast,City,Private nonprofit,0,0,1,3,1.0,,,,,,315.0,0.8254,0.2222,0.7683,0.0032,0.0,16245.0,16245.0,37279.0,30758.0,4047.0,,22.0,2543.0,0.9357,0.9298,0.5946662943,13648.0,1.0,0.3302,31349.0,13271.0,88.207
451927,Patrick Henry College,Purcellville,VA,Southeast,Town,Private nonprofit,1,0,3,3,2.0,0.7744,1352.0,672.0,618.0,30.0,395.0,0.4506,0.6278,0.0177,0.0557,0.0582,28425.0,28425.0,,,7341.0,0.3953,14.0,12211.0,0.0,0.0,,,0.875,0.7386,,,101.104
452948,Galen College of Nursing-Cincinnati,Cincinnati,OH,Great Lakes,Suburb,Private for-profit,0,0,2,3,1.0,,,,,,645.0,0.8977,0.4651,0.2822,0.0171,0.0434,18048.0,18048.0,34842.0,28785.0,7318.0,0.525,12.0,8584.0,0.5776,0.8597,0.4930104843,32673.5,0.8333,0.5714,61480.0,24166.0,92.774
453163,Strayer University-North Carolina,Greensboro,NC,Southeast,City,Private for-profit,0,0,3,4,1.0,,,,,,2671.0,0.7873,0.1962,0.6971,0.0378,0.0052,13920.0,13920.0,,,8381.0,0.1636,47.0,1593.0,0.8229,0.9032,0.5372940338,18178.0,,0.3333,40092.0,40621.0,94.326
453215,Strayer University-New Jersey,Piscataway,NJ,Mid East,Suburb,Private for-profit,0,0,3,4,1.0,,,,,,702.0,0.7707,0.1638,0.5698,0.1909,0.0128,13920.0,13920.0,,,8381.0,0.1667,47.0,754.0,0.6803,0.8401,0.5372940338,18178.0,,0.0,40092.0,40621.0,108.805
454227,Chamberlain University-Illinois,Addison,IL,Great Lakes,Suburb,Private for-profit,1,0,3,4,2.0,0.8264,,,,,14027.0,0.8969,0.4149,0.2696,0.1642,0.0744,21536.0,21536.0,40826.0,31837.0,7912.0,0.1087,23.0,2772.0,0.3328,0.5797,0.47309798,46046.0,0.7273,0.4167,92405.0,20919.0,99.958
454236,Chamberlain University-Ohio,Columbus,OH,Great Lakes,City,Private for-profit,0,0,3,3,2.0,0.875,,,,,257.0,0.9261,0.4125,0.4163,0.07,0.0623,19975.0,19975.0,42634.0,31544.0,8978.0,0.0968,8.0,6856.0,0.5,0.6875,0.47309798,46046.0,0.3333,0.2857,92405.0,20919.0,92.774
454245,Chamberlain University-Arizona,Phoenix,AZ,Southwest,City,Private for-profit,0,0,3,3,2.0,0.9091,,,,,693.0,0.8442,0.4199,0.1328,0.2886,0.088,20785.0,20785.0,45594.0,40096.0,8978.0,0.0968,10.0,6215.0,0.4685,0.7799,0.47309798,46046.0,0.6667,0.5,92405.0,20919.0,100.677
454582,Ottawa University-Online,Overland Park,KS,Plains,City,Private nonprofit,0,0,3,4,1.0,,,,,,259.0,0.6718,0.4595,0.1081,0.2548,0.0154,13296.0,13296.0,,,10633.0,1.0,7.0,4817.0,0.3389,0.4129,0.4008683068,37231.5,1.0,0.4286,55552.0,21500.0,90.068
454689,Taft University System,Denver,CO,Rocky Mountains,City,Private for-profit,1,0,4,4,,,,,,,0.0,0.0,0.0,0.0,0.0,0.0,,,,,,,,734.0,0.0,0.0,,16789.0,,,,,103.052
454786,Laurus College,San Luis Obispo,CA,Far West,City,Private for-profit,1,0,2,3,1.0,,,,,,1116.0,0.1801,0.1174,0.1308,0.138,0.5681,,,,22733.0,5364.0,0.7838,23.0,3105.0,0.6727,0.648,0.5199362041,12958.0,0.7931,0.4286,30896.0,32416.0,110.72
454829,Aspen University,Phoenix,AZ,Southwest,City,Private for-profit,1,0,3,4,1.0,,,,,,1466.0,0.8424,0.4734,0.2374,0.1228,0.0689,6870.0,6870.0,,,5671.0,,3.0,2613.0,0.0976,0.1009,0.5145348837,19054.0,,0.2727,,15756.0,100.677
454838,Institute of Taoist Education and Acupuncture,Louisville,CO,Rocky Mountains,Suburb,Private nonprofit,1,0,4,4,,,,,,,,,,,,,,,,,,,,9646.0,,,,,,,,,103.052
454856,Denver College of Nursing,Denver,CO,Rocky Mountains,City,Private for-profit,1,0,3,4,,,,,,,757.0,0.856,0.4584,0.177,0.2285,0.0581,,,,,6627.0,0.1361,13.0,6139.0,0.2743,0.6208,0.3224043716,29692.0,,,81809.0,26500.0,103.052
454865,Cambridge College of Healthcare & Technology,Delray Beach,FL,Southeast,City,Private for-profit,1,0,2,3,1.0,,,,,,1315.0,0.8692,0.1536,0.527,0.2433,0.0137,18168.0,18168.0,28227.0,21276.0,8714.0,,25.0,4103.0,0.6278,0.7261,0.4464285714,20051.5,,0.7647,47792.0,26250.0,103.414
455099,Urshan Graduate School of Theology,Wentzville,MO,Plains,Suburb,Private nonprofit,1,0,4,4,,,,,,,,,,,,,,,,,5681.0,,,11653.0,,,,,,,,,90.817
455178,Daoist Traditions College of Chinese Medical Arts,Asheville,NC,Southeast,City,Private for-profit,1,0,4,4,,,,,,,,,,,,,,,,,,,,4197.0,,,,,,,,,94.326
455406,Pacific Northwest University of Health Sciences,Yakima,WA,Far West,Suburb,Private nonprofit,1,0,4,4,,,,,,,,,,,,,,,,,10877.0,0.5556,,33049.0,,,,,,,,,107.013
455433,The Chicago School at Anaheim,Anaheim,CA,Far West,City,Private nonprofit,0,0,4,4,,,,,,,,,,,,,,,,,8391.0,1.0,,7645.0,,,0.4642857143,18495.0,,,56899.0,20000.0,110.72
455664,The Chicago School at Los Angeles,Los Angeles,CA,Far West,City,Private nonprofit,1,0,3,4,2.0,0.4634,,,,,337.0,0.8576,0.3561,0.27,0.2047,0.0119,21780.0,21780.0,,,8016.0,1.0,11.0,9864.0,0.5648,0.7531,0.4642857143,18495.0,,0.0,56899.0,20000.0,110.72
455770,Providence Christian College,Pasadena,CA,Far West,City,Private nonprofit,1,0,3,3,2.0,1.0,,,,,168.0,0.4643,0.4524,0.0298,0.3393,0.0357,36963.0,36963.0,53447.0,25163.0,6313.0,0.8182,17.0,6898.0,0.3129,0.5306,0.3025210084,63909.0,0.7857,0.2,46264.0,25000.0,110.72
455804,Institute of World Politics,Washington,DC,Mid East,City,Private nonprofit,1,0,4,4,,,,,,,,,,,,,,,,,11615.0,1.0,,36448.0,,,,,,,,,109.901
455813,Pontifical John Paul II Institute for Studies on Marriage and Family,Washington,DC,Mid East,City,Private nonprofit,1,0,4,4,,,,,,,,,,,,,,,,,10480.0,,,63853.0,,,,,,,,,109.901
455992,Vermont College of Fine Arts,Montpelier,VT,New England,Town,Private nonprofit,1,0,4,4,,,,,,,,,,,,,,,,,,,,9513.0,,,,,,,,,97.958
456490,Polytechnic University of Puerto Rico-Orlando,Orlando,FL,Southeast,Suburb,Private nonprofit,0,0,3,4,1.0,,,,,,96.0,0.2813,0.0104,0.0417,0.9375,0.0,14547.0,14547.0,23011.0,16577.0,6040.0,0.2,5.0,6464.0,0.5882,0.6373,0.2195994278,18451.0,0.375,0.3333,47540.0,22564.0,103.414
456542,Geisinger Commonwealth School of Medicine,Scranton,PA,Mid East,City,Private nonprofit,1,0,2,4,1.0,,,,,,88.0,0.875,0.9318,0.0341,0.0,0.0227,15886.0,15886.0,25845.0,23384.0,7862.0,1.0,5.0,33092.0,0.3016,0.5397,,,,,,,97.572
456621,Strayer University-West Virginia,Scott Depot,WV,Southeast,Suburb,Private for-profit,0,0,3,4,1.0,,,,,,234.0,0.7393,0.7521,0.1154,0.0342,0.0085,13920.0,13920.0,,,8381.0,0.1667,47.0,2127.0,0.9098,0.9337,0.5372940338,18178.0,,0.0,40092.0,40621.0,89.497
456959,University of Minnesota-Rochester,Rochester,MN,Plains,City,Public,0,0,3,3,2.0,0.71,1183.0,,,26.0,568.0,0.794,0.5317,0.1778,0.0669,0.1356,15016.0,15016.0,28904.0,13744.0,8587.0,1.0,13.0,7597.0,0.3605,0.4915,0.1865601991,76028.5,0.7037,0.574,69020.0,19500.0,98.621
457086,Homestead Schools,Torrance,CA,Far West,City,Private nonprofit,1,0,1,3,1.0,,,,,,157.0,0.7834,0.0064,0.3503,0.2739,0.3694,,,,15962.0,9365.0,0.3448,15.0,10185.0,0.6615,0.6,0.5348837209,27665.0,,0.9333,59398.0,18040.0,110.72
457129,Chamberlain University-Florida,Jacksonville,FL,Southeast,City,Private for-profit,0,0,3,3,2.0,0.9091,,,,,821.0,0.8916,0.1754,0.5213,0.1888,0.0438,19975.0,19975.0,37182.0,31269.0,8080.0,0.1075,10.0,6258.0,0.5423,0.8093,0.47309798,46046.0,0.625,0.3333,92405.0,20919.0,103.414
457226,Horizon University,Indianapolis,IN,Great Lakes,Suburb,Private nonprofit,1,0,2,4,1.0,,,,,,63.0,0.3492,0.8571,0.0317,0.0317,0.0,9840.0,9840.0,29680.0,22285.0,,,6.0,2661.0,0.2241,0.0517,,,,,65875.0,,93.329
457271,Academy for Jewish Religion California,Los Angeles,CA,Far West,City,Private nonprofit,1,0,4,4,,,,,,,,,,,,,,,,,1306.0,,,6512.0,,,,,,,,,110.72
457299,Angeles College,Los Angeles,CA,Far West,City,Private for-profit,1,0,1,3,1.0,,,,,,598.0,0.7977,0.0251,0.1187,0.2007,0.587,,,,28639.0,7910.0,0.4545,25.0,4276.0,0.4797,0.6452,0.7339449541,13405.0,0.8571,0.9254,49108.0,16522.0,110.72
457402,University of Fort Lauderdale,Lauderhill,FL,Southeast,Suburb,Private nonprofit,1,0,3,4,1.0,,,,,,314.0,0.2229,0.2675,0.3949,0.2834,0.0,9810.0,9810.0,24410.0,19965.0,5417.0,0.0952,15.0,3651.0,0.6877,0.5789,0.46875,15890.0,,1.0,38062.0,,103.414
457484,Pacific Rim Christian University,Honolulu,HI,Far West,City,Private nonprofit,1,0,3,4,1.0,,,,,,129.0,0.5194,0.1163,0.0775,0.155,0.1938,13580.0,13580.0,24042.0,23151.0,,,12.0,3511.0,0.7193,0.4561,,27346.0,0.7778,0.4545,40523.0,,109.951
457697,City Vision University,Kansas City,MO,Plains,City,Private nonprofit,1,0,1,4,1.0,,,,,,257.0,0.4981,0.6459,0.1284,0.1323,0.0156,6600.0,6600.0,15536.0,6353.0,,,6.0,1515.0,0.6777,0.0,0.4848484848,6591.0,,0.0,21123.0,,90.817
458113,Ascent College,Gainesville,VA,Southeast,Suburb,Private nonprofit,1,0,1,3,1.0,,,,,,82.0,0.561,0.4634,0.1098,0.061,0.0122,8550.0,8550.0,,,2500.0,,8.0,2637.0,0.2747,0.3626,,34340.0,,1.0,,,101.104
458210,West Coast University-Anaheim-Orange County,Anaheim,CA,Far West,City,Private for-profit,0,0,3,4,1.0,,,,,,3192.0,0.7726,0.1131,0.0282,0.3985,0.3772,22506.0,22506.0,34887.0,32879.0,9170.0,0.2055,14.0,10987.0,0.411,0.8384,0.3973442288,29657.0,1.0,0.6,102672.0,32946.0,110.72
458229,West Coast University-Ontario,Ontario,CA,Far West,City,Private for-profit,0,0,3,3,1.0,,,,,,2671.0,0.7551,0.1198,0.0434,0.5283,0.2261,36854.0,36854.0,53706.0,49590.0,9321.0,0.2552,19.0,12873.0,0.4934,0.8719,0.3973442288,29657.0,0.8889,0.3889,102672.0,32946.0,110.72
458885,Strayer University-Arkansas,Little Rock,AR,Southeast,City,Private for-profit,0,0,3,4,1.0,,,,,,695.0,0.7856,0.3942,0.5223,0.0245,0.0,13920.0,13920.0,,,8381.0,0.1667,47.0,821.0,0.8969,0.9211,0.5372940338,18178.0,,,40092.0,40621.0,86.937
458919,Strayer University-Georgia,Chamblee,GA,Southeast,Suburb,Private for-profit,0,0,3,4,1.0,,,,,,4299.0,0.7572,0.1659,0.7418,0.0312,0.0044,13920.0,13920.0,25158.0,18318.0,7450.0,0.1667,47.0,1761.0,0.8178,0.8807,0.5372940338,18178.0,0.75,0.2143,40092.0,40621.0,96.293
458955,Strayer University-Mississippi,Jackson,MS,Southeast,City,Private for-profit,0,0,3,4,1.0,,,,,,882.0,0.8016,0.1678,0.7868,0.0057,0.0011,13920.0,13920.0,,,8381.0,0.1667,47.0,709.0,0.8675,0.91,0.5372940338,18178.0,,0.0,40092.0,40621.0,86.953
458964,Strayer University-South Carolina,Greenville,SC,Southeast,City,Private for-profit,0,0,3,4,1.0,,,,,,1868.0,0.8249,0.2334,0.6772,0.0321,0.0011,13920.0,13920.0,25158.0,17979.0,8381.0,0.1471,47.0,1467.0,0.8197,0.8869,0.5372940338,18178.0,1.0,0.1667,40092.0,40621.0,93.749
458973,Strayer University-Texas,Farmers Branch,TX,Southwest,Suburb,Private for-profit,0,0,3,4,1.0,,,,,,2293.0,0.7235,0.2547,0.529,0.1618,0.0044,13920.0,13920.0,,,8381.0,0.1463,47.0,1397.0,0.7927,0.8565,0.5372940338,18178.0,1.0,0.25,40092.0,40621.0,97.057
459204,Unitek College,Fremont,CA,Far West,City,Private for-profit,1,0,1,3,1.0,,,,,,4972.0,0.8379,0.0802,0.0535,0.2371,0.2466,,,,25179.0,7906.0,0.4407,26.0,6772.0,0.4493,0.5722,0.4405797101,27729.0,0.8947,0.7313,79550.0,10700.0,110.72
459213,Gurnick Academy of Medical Arts,San Jose,CA,Far West,City,Private for-profit,1,0,1,4,1.0,,,,,,3421.0,0.7431,0.1733,0.078,0.3446,0.2795,,,,32427.0,9024.0,0.4156,18.0,5410.0,0.365,0.4666,0.4819078947,26477.5,0.6,0.6388,66844.0,17317.0,110.72
459259,South University-Richmond,Glen Allen,VA,Southeast,Suburb,Private for-profit,0,0,3,4,1.0,,,,,,232.0,0.7759,0.25,0.5129,0.0647,0.0216,18145.0,18145.0,36577.0,30442.0,7481.0,0.3103,11.0,10658.0,0.3906,0.4969,0.4722883373,20000.0,0.6667,0.4211,34421.0,26123.0,101.104
459268,South University-Virginia Beach,Virginia Beach,VA,Southeast,City,Private for-profit,0,0,3,4,1.0,,,,,,240.0,0.8125,0.1458,0.575,0.1125,0.0542,18145.0,18145.0,36577.0,27843.0,6664.0,0.2195,13.0,8609.0,0.5278,0.4206,0.4722883373,20000.0,1.0,0.0833,34421.0,26123.0,101.104
459727,Touro University Worldwide,Los Alamitos,CA,Far West,Suburb,Private nonprofit,1,0,3,4,1.0,,,,,,454.0,0.7511,0.2952,0.2797,0.0925,0.0419,14600.0,14600.0,29016.0,19058.0,6938.0,0.096,10.0,2918.0,0.5122,0.4745,0.4026845638,22671.5,0.6471,0.2857,40803.0,25000.0,110.72
459736,Touro University California,Vallejo,CA,Far West,City,Private nonprofit,1,0,4,4,2.0,,,,,,23.0,0.913,0.2174,0.1304,0.4348,0.1304,20005.0,20005.0,,,11074.0,0.3926,3.0,23678.0,,,0.3058823529,31430.0,,,104805.0,12500.0,110.72
459745,The Chicago School at Washington DC,Washington,DC,Mid East,City,Private nonprofit,0,0,4,4,,,,,,,,,,,,,,,,,6738.0,1.0,,9222.0,,,0.4642857143,18495.0,,,56899.0,20000.0,109.901
459824,Touro University Nevada,Henderson,NV,Far West,City,Private nonprofit,0,0,3,4,,,,,,,22.0,0.9545,0.3636,0.0909,0.1818,0.2273,,,,,10302.0,0.3446,10.0,13087.0,0.1579,0.2632,0.3058823529,31430.0,,,104805.0,12500.0,99.979
459842,Herzing University-Kenosha,Kenosha,WI,Great Lakes,City,Private nonprofit,0,0,3,3,2.0,0.92,,,,,522.0,0.8793,0.2663,0.2414,0.3218,0.0996,13450.0,13450.0,28414.0,23066.0,7591.0,0.359,16.0,7719.0,0.6225,0.7993,0.5209032652,18321.0,0.5714,0.7222,36909.0,21500.0,94.095
459851,Herzing University-Brookfield,Brookfield,WI,Great Lakes,Suburb,Private nonprofit,0,0,1,4,2.0,0.9306,,,,,380.0,0.9237,0.3553,0.4421,0.1184,0.0316,13450.0,13450.0,27844.0,20514.0,8256.0,0.1892,14.0,6885.0,0.6728,0.8391,0.5209032652,18321.0,0.4,0.4167,36909.0,21500.0,94.095
459949,Texas A&M University-San Antonio,San Antonio,TX,Southwest,City,Public,1,0,3,4,2.0,0.928,955.0,521.0,510.0,20.0,6599.0,0.6318,0.2337,0.0664,0.6321,0.0164,9654.0,23255.0,21655.0,11196.0,8625.0,1.0,18.0,5571.0,0.5084,0.3633,0.5349344978,24268.0,0.6567,0.4017,54338.0,18401.0,97.057
459994,Strayer University-Global Region,Washington,DC,Mid East,City,Private for-profit,0,0,3,4,1.0,,,,,,9376.0,0.674,0.4865,0.2847,0.1411,0.0112,13920.0,13920.0,25158.0,17833.0,7200.0,0.1674,47.0,1972.0,0.5443,0.5737,0.5372940338,18178.0,0.6,0.1429,40092.0,40621.0,109.901
460349,Johnson & Wales University-Online,Providence,RI,New England,City,Private nonprofit,0,0,3,4,2.0,0.9097,,,,,2202.0,0.6898,0.4455,0.2448,0.2021,0.0309,13365.0,13365.0,26864.0,20252.0,10481.0,1.0,13.0,5531.0,0.3623,0.5126,0.3464140731,41456.0,0.5217,0.0,43418.0,26000.0,102.28
460871,Chamberlain University-Virginia,Vienna,VA,Southeast,Suburb,Private for-profit,0,0,3,3,2.0,0.9,,,,,557.0,0.8797,0.14,0.5099,0.2154,0.0646,20785.0,20785.0,45594.0,33199.0,8978.0,0.0968,9.0,6839.0,0.4444,0.7637,0.47309798,46046.0,1.0,1.0,92405.0,20919.0,101.104
461023,Crestpoint University,Phoenix,AZ,Southwest,City,Private for-profit,1,0,3,4,1.0,,,,,,385.0,0.8234,0.387,0.0468,0.0675,0.0182,7995.0,7995.0,19927.0,15670.0,,,32.0,1862.0,0.5026,0.5361,0.4678492239,19698.5,0.25,0.3303,42269.0,24853.0,100.677
461032,Carolina College of Biblical Studies,Fayetteville,NC,Southeast,City,Private nonprofit,1,0,3,4,1.0,,,,,,159.0,0.4214,0.3899,0.434,0.0881,0.0063,6906.0,6906.0,24267.0,21322.0,,,4.0,1664.0,0.5328,0.3115,0.5730337079,25405.0,1.0,0.0,24581.0,25750.0,94.326
461120,Omega Graduate School,Dayton,TN,Southeast,Rural,Private nonprofit,1,0,4,4,,,,,,,,,,,,,,,,,765.0,,,3126.0,,,,,,,,,91.87
461139,Jung Tao School of Classical Chinese Medicine,Sugar Grove,NC,Southeast,Rural,Private nonprofit,1,0,4,4,,,,,,,,,,,,,,,,,,,,2333.0,,,,,,,,,94.326
461148,New York Film Academy,Burbank,CA,Far West,City,Private for-profit,1,0,3,4,1.0,,,,,,849.0,0.4441,0.1402,0.0754,0.1296,0.0212,36920.0,36920.0,62210.0,39011.0,5792.0,0.3194,4.0,12894.0,0.1793,0.2591,0.3129251701,24424.5,0.6591,0.677,29633.0,16000.0,110.72
461263,American Medical Sciences Center,Glendale,CA,Far West,City,Private for-profit,1,0,3,3,1.0,,,,,,365.0,0.9781,0.1288,0.0438,0.7616,0.0438,,,,21629.0,3541.0,,15.0,2926.0,0.6921,0.8041,0.5714285714,11398.0,1.0,0.75,29972.0,,110.72
461281,Jose Maria Vargas University,Pembroke Pines,FL,Southeast,Suburb,Private for-profit,1,0,1,4,1.0,,,,,,86.0,0.9186,0.0,0.0,0.8837,0.0,13660.0,13660.0,,,3581.0,,10.0,2747.0,0.5243,0.7282,,20512.0,,,,,103.414
461485,Shepherds Theological Seminary,Cary,NC,Southeast,City,Private nonprofit,1,0,4,4,,,,,,,,,,,,,,,,,7704.0,0.6875,,8459.0,,,,,,,,,94.326
461528,Manna University,Fayetteville,NC,Southeast,City,Private nonprofit,1,0,1,4,2.0,0.5269,,,,,183.0,0.5301,0.4208,0.1202,0.1858,0.0164,9105.0,9105.0,17783.0,15210.0,1054.0,0.4167,10.0,1165.0,0.3256,0.1802,,32475.0,1.0,0.8,,13450.0,94.326
461759,Simmons College of Kentucky,Louisville,KY,Southeast,City,Private nonprofit,1,1,2,4,2.0,1.0,,,,14.0,481.0,0.4283,0.2516,0.4678,0.0125,0.0,16398.0,16398.0,26596.0,18434.0,4126.0,1.0,10.0,4030.0,0.4139,0.1594,0.4692307692,9743.0,0.6389,0.1373,,,90.159
461795,North American University,Stafford,TX,Southwest,Suburb,Private nonprofit,1,0,3,4,1.0,,,,,,609.0,0.2906,0.0525,0.2775,0.1494,0.0345,15436.0,15436.0,27981.0,18721.0,4633.0,0.42,17.0,6234.0,0.4538,0.3298,0.4464285714,25859.0,0.4595,0.3158,,4925.0,97.057
461847,Keser Torah-Mayan Hatalmud,Lakewood,NJ,Mid East,Suburb,Private nonprofit,1,0,3,3,2.0,1.0,,,,,57.0,0.0,0.7368,0.0,0.0,0.0,12460.0,12460.0,18900.0,11055.0,7000.0,,18.0,3986.0,0.1864,0.0,,,1.0,0.4,,,108.805
461883,Millennia Atlantic University,Doral,FL,Southeast,City,Private for-profit,1,0,3,4,1.0,,,,,,184.0,0.1576,0.0435,0.125,0.3967,0.0,13778.0,13778.0,30138.0,26879.0,,0.3404,7.0,3599.0,0.2404,0.2788,,,0.0444,1.0,,,103.414
462044,Institute for Doctoral Studies in the Visual Arts,Portland,ME,New England,City,Private nonprofit,1,0,4,4,,,,,,,,,,,,,,,,,7234.0,,,13418.0,,,,,,,,,97.05
462354,John Paul the Great Catholic University,Escondido,CA,Far West,Suburb,Private nonprofit,1,0,3,3,2.0,0.7963,1130.0,617.0,562.0,22.0,286.0,0.4406,0.3741,0.0385,0.3846,0.049,30265.0,30265.0,52367.0,34666.0,7563.0,0.3684,15.0,19433.0,0.3255,0.5268,,74361.0,0.8507,0.6386,56930.0,26968.0,110.72
463056,University of Connecticut-Hartford Campus,Hartford,CT,New England,City,Public,0,0,3,4,2.0,0.8833,1073.0,565.0,550.0,19.0,1525.0,0.4872,0.3974,0.137,0.2072,0.1738,18130.0,40798.0,26946.0,16403.0,17573.0,0.68,26.0,4933.0,0.4565,0.3822,0.2664932932,67737.0,0.8373,0.6505,73997.0,21500.0,103.61
464226,Ottawa University-Surprise,Surprise,AZ,Southwest,Suburb,Private nonprofit,0,0,3,4,2.0,0.7815,972.0,470.0,505.0,19.0,836.0,0.3433,0.3553,0.1292,0.3469,0.0156,35880.0,35880.0,52170.0,33393.0,6690.0,1.0,11.0,4030.0,0.3984,0.7331,0.4008683068,37231.5,0.5,0.1818,55552.0,21500.0,100.677
466921,Chamberlain University-Missouri,St. Louis,MO,Plains,Suburb,Private for-profit,0,0,3,3,2.0,1.0,,,,,284.0,0.9296,0.4718,0.4472,0.0246,0.0211,19975.0,19975.0,38999.0,30716.0,8978.0,0.0968,10.0,6411.0,0.5488,0.7866,0.47309798,46046.0,0.5,1.0,92405.0,20919.0,90.817
466930,Chamberlain University-Texas,Houston,TX,Southwest,City,Private for-profit,0,0,3,3,2.0,0.8387,,,,,2270.0,0.878,0.115,0.4313,0.27,0.1308,20380.0,20380.0,38480.0,32209.0,8197.0,0.105,10.0,5252.0,0.5373,0.7773,0.47309798,46046.0,0.6087,0.25,92405.0,20919.0,97.057
469416,Dewey University-Manati,Manati,PR,Outlying Areas,Suburb,Private nonprofit,0,0,2,3,1.0,,,,,,221.0,0.8145,0.0,0.0,1.0,0.0,7630.0,7630.0,12277.0,3872.0,2650.0,1.0,16.0,3475.0,0.9451,0.0863,0.4795996921,0.0,0.5263,0.5897,19761.0,5185.0,
474863,Los Angeles Pacific University,Glendora,CA,Far West,Suburb,Private nonprofit,1,0,3,4,1.0,,,,,,1483.0,0.8301,0.205,0.1787,0.4666,0.0688,12360.0,12360.0,29884.0,22677.0,8391.0,0.0894,24.0,1909.0,0.5164,0.7446,,,0.5714,0.2105,,18750.0,110.72
475033,Relay Graduate School of Education,New York,NY,Mid East,City,Private nonprofit,1,0,1,4,,,,,,,44.0,0.7727,0.4545,0.3864,0.0,0.1364,,,,,8543.0,0.5652,35.0,10557.0,0.0,0.044,,,,,,,107.921
475121,South University-Savannah Online,Savannah,GA,Southeast,City,Private for-profit,0,0,3,4,1.0,,,,,,6433.0,0.7351,0.3131,0.4272,0.1208,0.0039,18145.0,18145.0,34298.0,28049.0,6181.0,0.1115,30.0,2559.0,0.796,0.7327,0.4722883373,20000.0,0.3395,0.0689,34421.0,26123.0,96.293
475200,Whitworth University-Adult Degree Programs,Spokane,WA,Far West,Suburb,Private nonprofit,0,0,3,3,2.0,0.2857,,,,,145.0,0.7379,0.731,0.0276,0.1172,0.0138,13560.0,13560.0,,,4214.0,1.0,9.0,9049.0,0.4588,0.6,0.242248062,63155.0,,,58561.0,25000.0,107.013
475228,The Colleges of Law at Santa Barbara,Santa Barbara,CA,Far West,City,Private nonprofit,0,0,4,4,,,,,,,,,,,,,,,,,,,,11010.0,,,,,,,,,110.72
475273,Springfield College-Regional Online and Continuing Education,Springfield,MA,New England,City,Private nonprofit,0,0,3,4,,,,,,,176.0,0.8011,0.2443,0.2159,0.358,0.0284,,,,,7503.0,1.0,9.0,5179.0,0.5894,0.7967,0.3138871275,46944.5,,,48036.0,26250.0,105.757
475398,Catholic International University,Charles Town,WV,Southeast,Town,Private nonprofit,1,0,3,4,1.0,,,,,,116.0,0.5948,0.5172,0.0259,0.3276,0.0086,10080.0,10080.0,21546.0,14176.0,4315.0,0.2,3.0,3541.0,0.3838,0.2323,,39957.5,,1.0,,,89.497
475495,Rocky Mountain University of Health Professions,Provo,UT,Rocky Mountains,City,Private for-profit,1,0,4,4,,,,,,,,,,,,,,,,,10763.0,0.3521,,4490.0,,,,,,,,,98.864
475608,Criswell College,Dallas,TX,Southwest,City,Private nonprofit,1,0,3,4,2.0,1.0,,585.0,535.0,,132.0,0.5379,0.6212,0.0909,0.1667,0.0303,15750.0,15750.0,27748.0,21630.0,6560.0,0.2391,5.0,22814.0,0.4237,0.178,,32296.5,1.0,0.5,43185.0,25346.0,97.057
475714,American Medical Academy,Miami,FL,Southeast,Suburb,Private for-profit,1,0,1,3,1.0,,,,,,412.0,0.2112,0.0631,0.0218,0.8883,0.0,,,,,7708.0,1.0,6.0,2581.0,0.1085,0.1284,0.5833333333,24826.0,0.6136,0.5278,,10831.0,103.414
475732,Chamberlain University-Georgia,Sandy Springs,GA,Southeast,City,Private for-profit,0,0,3,3,2.0,0.9143,,,,,1940.0,0.9093,0.1418,0.6407,0.0979,0.0521,20515.0,20515.0,38272.0,33188.0,8288.0,0.104,16.0,5179.0,0.5157,0.7909,0.47309798,46046.0,0.4,0.5,92405.0,20919.0,96.293
475741,Chamberlain University-Indiana,Indianapolis,IN,Great Lakes,City,Private for-profit,0,0,3,3,2.0,1.0,,,,,144.0,0.9236,0.4583,0.4028,0.0347,0.0486,19975.0,19975.0,28094.0,16149.0,8978.0,0.0968,13.0,5917.0,0.5537,0.7853,0.47309798,46046.0,1.0,0.0,92405.0,20919.0,93.329
475839,Sessions College,Tempe,AZ,Southwest,City,Private for-profit,1,0,1,3,1.0,,,,,,188.0,0.6596,0.484,0.1862,0.1489,0.0372,7400.0,7400.0,20483.0,15149.0,,,13.0,4635.0,0.487,0.5065,0.4628571429,18828.0,0.6667,0.4,,17813.0,100.677
476601,Bais HaMedrash and Mesivta of Baltimore,Baltimore,MD,Mid East,Suburb,Private nonprofit,1,0,3,3,2.0,1.0,,,,,87.0,0.0,1.0,0.0,0.0,0.0,13100.0,13100.0,24300.0,11361.0,5551.0,,14.0,18783.0,0.4066,0.0,,47372.0,0.8519,0.3182,,,104.959
476692,Yeshiva Gedolah Zichron Leyma,Union,NJ,Mid East,Suburb,Private nonprofit,1,0,2,3,2.0,0.5667,,,,,47.0,0.0,0.8511,0.0,0.0,0.0,11350.0,11350.0,19850.0,10844.0,4061.0,,12.0,7741.0,0.4681,0.0,,,0.5625,0.6667,,,108.805
476717,Be'er Yaakov Talmudic Seminary,Spring Valley,NY,Mid East,Suburb,Private nonprofit,1,0,3,3,1.0,,,,,,765.0,0.0,1.0,0.0,0.0,0.0,12300.0,12300.0,19858.0,4543.0,1762.0,0.6094,19.0,7391.0,0.9219,0.0,,18000.0,0.9828,0.5878,17360.0,,107.921
476975,Colorado State University Global,Denver,CO,Rocky Mountains,City,Public,1,0,3,4,2.0,0.984,,545.0,,17.0,6563.0,0.5196,0.5004,0.1237,0.1969,0.0428,9000.0,9000.0,21201.0,16510.0,5853.0,0.0464,23.0,2681.0,0.2727,0.3442,0.4480062549,38728.0,0.74,,76813.0,25000.0,103.052
479956,Pennsylvania State University-World Campus,University Park,PA,Mid East,City,Public,0,0,3,4,2.0,0.9115,1248.0,,,,7877.0,0.5238,0.6266,0.087,0.1356,0.0562,15356.0,15356.0,27678.0,19550.0,,,16.0,1569.0,0.3143,0.4121,0.2875652533,61924.0,0.6585,0.3415,63435.0,25000.0,97.572
480073,South University-Austin,Round Rock,TX,Southwest,City,Private for-profit,0,0,3,4,1.0,,,,,,211.0,0.782,0.2038,0.3649,0.3175,0.0237,18145.0,18145.0,33349.0,25680.0,8124.0,0.3636,10.0,9672.0,0.5926,0.5556,0.4722883373,20000.0,0.3846,0.0,34421.0,26123.0,97.057
480091,Bryant & Stratton College-Online,Orchard Park,NY,Mid East,Suburb,Private nonprofit,0,0,2,3,1.0,,,,,,8841.0,0.9134,0.1724,0.1625,0.0802,0.002,16299.0,16299.0,21430.0,15187.0,4907.0,0.1408,39.0,886.0,0.7823,0.817,0.5378553335,15184.0,0.2222,0.233,32568.0,21549.0,107.921
480198,Warner Pacific University Professional and Graduate Studies,Portland,OR,Far West,City,Private nonprofit,0,0,3,4,2.0,0.5935,,,,,144.0,0.7083,0.3472,0.2847,0.2292,0.0417,14640.0,14640.0,,,8684.0,1.0,9.0,7636.0,0.3292,0.5031,0.4658869396,35115.0,,,55204.0,25000.0,103.361
480204,Platt College-Riverside,Riverside,CA,Far West,City,Private for-profit,0,0,2,3,1.0,,,,,,413.0,0.8547,0.1283,0.0678,0.7143,0.0145,14922.0,14922.0,28676.0,21889.0,6206.0,0.2879,21.0,10835.0,0.694,0.8651,0.5471296953,21293.0,,0.575,40669.0,18685.0,110.72
480657,Rasmussen University-Kansas,Topeka,KS,Plains,City,Private for-profit,0,0,2,3,1.0,,,,,,359.0,0.8997,0.4903,0.2284,0.1003,0.0279,17160.0,17160.0,31095.0,23980.0,7083.0,0.25,13.0,4814.0,0.5677,0.7925,0.4757427831,25123.5,,0.4545,39080.0,20899.0,90.068
480781,California Miramar University,San Diego,CA,Far West,City,Private for-profit,1,0,3,4,2.0,0.1847,,,,,135.0,0.2074,0.1407,0.1778,0.2222,0.0444,12442.0,12442.0,19067.0,12480.0,,0.0714,10.0,1398.0,0.4848,0.4848,0.4810126582,22320.0,0.9231,0.5,,31000.0,110.72
480790,Rocky Vista University,Parker,CO,Rocky Mountains,Suburb,Private for-profit,1,0,4,4,,,,,,,,,,,,,,,,,10082.0,0.6444,,29107.0,,,,,,,,,103.052
480985,Midwives College of Utah,Salt Lake City,UT,Rocky Mountains,City,Private nonprofit,1,0,3,3,2.0,0.8571,,,,,234.0,0.9957,0.5385,0.2009,0.1239,0.0085,8583.0,8583.0,45179.0,37278.0,4869.0,,3.0,2440.0,0.5652,0.6206,0.4150943396,28631.5,0.5,0.4,,21054.0,98.864
481030,Future Generations University,Franklin,WV,Southeast,Rural,Private nonprofit,1,0,4,4,,,,,,,,,,,,,,,,,6115.0,1.0,,41501.0,,,,,,,,,89.497
481058,Grace Mission University,Fullerton,CA,Far West,Suburb,Private nonprofit,1,0,3,4,1.0,,,,,,68.0,0.4412,0.0,0.0,0.2647,0.4412,3370.0,3370.0,,,4417.0,,19.0,2540.0,0.2361,0.0,,21455.0,0.8,1.0,,,110.72
481094,Sotheby's Institute of Art-NY,New York,NY,Mid East,City,Private for-profit,1,0,4,4,,,,,,,,,,,,,,,,,7353.0,0.1154,,21010.0,,,,,,,,,107.921
481225,Mid-South Christian College,Memphis,TN,Southeast,City,Private nonprofit,1,0,3,4,2.0,1.0,,,,,19.0,0.5263,0.1579,0.1579,0.2632,0.0,10500.0,10500.0,19201.0,10172.0,4852.0,,4.0,6249.0,0.2917,0.0,,,0.25,0.6,,,91.87
481401,Grace School of Theology,The Woodlands,TX,Southwest,City,Private nonprofit,1,0,3,4,1.0,,,,,,229.0,0.393,0.0961,0.0568,0.0699,0.0,7720.0,7720.0,11881.0,11881.0,6159.0,0.1957,12.0,4533.0,0.0588,0.0498,,23682.0,1.0,1.0,,,97.057
481410,Yeshiva Gedolah Kesser Torah,Monsey,NY,Mid East,Suburb,Private nonprofit,1,0,3,3,2.0,0.5238,,,,,84.0,0.0,0.9643,0.0,0.0,0.0,9600.0,9600.0,18900.0,10157.0,2722.0,,17.0,4162.0,0.2927,0.0,,38527.0,0.8421,0.3478,,,107.921
481438,Yeshiva Yesodei Hatorah,Lakewood,NJ,Mid East,Suburb,Private nonprofit,1,0,3,3,2.0,0.8519,,,,,75.0,0.0,0.9333,0.0,0.0,0.0,12500.0,12500.0,24600.0,16637.0,3433.0,,10.0,19794.0,0.4028,0.0,,36244.0,0.75,0.3636,,,108.805
481535,Sanford Burnham Prebys Medical Discovery Institute,La Jolla,CA,Far West,City,Private nonprofit,1,0,4,4,,,,,,,,,,,,,,,,,17775.0,0.9574,,0.0,,,,,,,,,110.72
481720,South University-High Point,High Point,NC,Southeast,City,Private for-profit,0,0,3,3,1.0,,,,,,67.0,0.8657,0.2239,0.5373,0.0597,0.0149,18145.0,18145.0,,,,,26.0,6210.0,0.4571,0.6714,0.4722883373,20000.0,,,34421.0,26123.0,94.326
482149,Augusta University,Augusta,GA,Southeast,City,Public,1,0,3,4,2.0,0.8641,1070.0,605.0,585.0,25.0,5613.0,0.6285,0.4408,0.2742,0.1074,0.0873,8414.0,24734.0,23524.0,13787.0,9414.0,0.6429,16.0,17550.0,0.3879,0.345,0.2831900669,37793.5,0.7556,0.4881,48472.0,20500.0,96.293
482158,Middle Georgia State University,Macon,GA,Southeast,City,Public,1,0,3,4,2.0,0.9968,1083.0,532.0,520.0,22.0,6574.0,0.5286,0.4921,0.3134,0.0881,0.0315,5038.0,16390.0,19617.0,12361.0,8304.0,0.745,18.0,7135.0,0.4288,0.3291,0.356277533,27992.0,0.6529,0.2533,40863.0,19000.0,96.293
482228,Veritas Baptist College,Lawrenceburg,IN,Great Lakes,Town,Private nonprofit,1,0,3,4,2.0,0.95,,,,,111.0,0.3333,0.8378,0.018,0.0721,0.045,10522.0,10522.0,24494.0,21957.0,3386.0,,7.0,3396.0,0.3,0.0786,,38283.0,1.0,0.4286,,,93.329
482413,DeVry College of New York,New York,NY,Mid East,City,Private for-profit,0,0,3,4,2.0,1.0,,,,,86.0,0.4419,0.0698,0.407,0.2674,0.0465,17408.0,17408.0,25596.0,12855.0,11384.0,0.1905,3.0,6000.0,0.5143,0.5771,0.5022521408,22648.0,0.0,0.3077,45987.0,24807.0,107.921
482422,DeVry University-Arizona,Phoenix,AZ,Southwest,City,Private for-profit,0,0,3,3,2.0,,,,,,6.0,0.3333,0.1667,0.5,0.1667,0.0,17408.0,17408.0,,,10207.0,0.125,1.0,31327.0,0.4091,0.5909,0.5022521408,22648.0,,0.6667,45987.0,24807.0,100.677
482431,DeVry University-California,Ontario,CA,Far West,City,Private for-profit,0,0,1,4,2.0,0.985,,,,,2378.0,0.4718,0.2304,0.1556,0.3823,0.0929,17408.0,17408.0,40687.0,33744.0,9738.0,0.1299,26.0,1811.0,0.6183,0.6543,0.5022521408,22648.0,0.52,0.2174,45987.0,24807.0,110.72
482459,DeVry University-Florida,Orlando,FL,Southeast,City,Private for-profit,0,0,3,4,2.0,,,,,,109.0,0.5872,0.2844,0.3303,0.2936,0.0,17408.0,17408.0,40132.0,29477.0,9587.0,0.1,5.0,3441.0,0.6223,0.7872,0.5022521408,22648.0,1.0,0.3333,45987.0,24807.0,103.414
482468,DeVry University-Georgia,Decatur,GA,Southeast,Suburb,Private for-profit,0,0,3,4,2.0,1.0,,,,,516.0,0.6182,0.1512,0.6589,0.0543,0.0116,17408.0,17408.0,38315.0,28229.0,9146.0,0.0862,18.0,1780.0,0.7373,0.8072,0.5022521408,22648.0,0.4,0.125,45987.0,24807.0,96.293
482477,DeVry University-Illinois,Lisle,IL,Great Lakes,Suburb,Private for-profit,1,0,1,4,2.0,0.9838,868.0,,,,27825.0,0.6778,0.3779,0.344,0.1467,0.0176,17408.0,17408.0,38660.0,30770.0,9148.0,0.089,43.0,963.0,0.6843,0.8118,0.5022521408,22648.0,0.6488,0.3657,45987.0,24807.0,99.958
482547,DeVry University-Nevada,Henderson,NV,Far West,City,Private for-profit,0,0,3,3,2.0,,,,,,1.0,1.0,0.0,0.0,1.0,0.0,17408.0,17408.0,,,8338.0,,1.0,53108.0,0.25,0.25,0.5022521408,22648.0,,0.0,45987.0,24807.0,99.979
482556,DeVry University-New Jersey,Iselin,NJ,Mid East,Suburb,Private for-profit,0,0,3,4,2.0,1.0,,,,,62.0,0.5161,0.1129,0.5161,0.2097,0.0645,17408.0,17408.0,42312.0,26565.0,12428.0,0.1346,2.0,14710.0,0.7059,0.6618,0.5022521408,22648.0,1.0,0.7143,45987.0,24807.0,108.805
482574,DeVry University-Ohio,Columbus,OH,Great Lakes,City,Private for-profit,0,0,3,4,2.0,1.0,,,,,210.0,0.6476,0.5048,0.2762,0.0476,0.0,17408.0,17408.0,34318.0,25001.0,9686.0,0.3571,19.0,2735.0,0.7936,0.8073,0.5022521408,22648.0,0.6,0.3889,45987.0,24807.0,92.774
482635,DeVry University-Texas,Irving,TX,Southwest,City,Private for-profit,0,0,3,4,2.0,,,,,,8.0,0.125,0.375,0.0,0.25,0.0,17408.0,17408.0,,,8566.0,0.3077,1.0,42659.0,0.5385,0.3846,0.5022521408,22648.0,,0.3333,45987.0,24807.0,97.057
482653,DeVry University-Virginia,Arlington,VA,Southeast,City,Private for-profit,0,0,3,4,2.0,,,,,,13.0,0.3077,0.1538,0.5385,0.1538,0.0,17408.0,17408.0,42312.0,36609.0,8875.0,,1.0,12392.0,0.52,0.56,0.5022521408,22648.0,,0.0,45987.0,24807.0,101.104
482680,University of North Georgia,Dahlonega,GA,Southeast,Town,Public,1,0,3,4,2.0,0.6794,1106.0,577.0,555.0,23.0,16146.0,0.5543,0.6756,0.0388,0.1846,0.0359,5285.0,16503.0,18177.0,9823.0,8231.0,0.7248,19.0,6126.0,0.2809,0.1968,0.3404130658,44262.5,0.7347,0.3729,50135.0,17750.0,96.293
482699,South Georgia State College,Douglas,GA,Southeast,Town,Public,1,0,2,3,1.0,,,,,,1466.0,0.6501,0.59,0.2312,0.1214,0.002,3314.0,10274.0,16177.0,8767.0,6680.0,0.6337,18.0,6831.0,0.524,0.272,0.3226332971,25804.0,0.3889,0.162,35697.0,11500.0,96.293
482705,Northeastern University Professional Programs,Boston,MA,New England,City,Private nonprofit,0,0,3,4,,,,,,,1802.0,0.6016,0.364,0.1265,0.1249,0.0766,,,,,9649.0,0.1331,16.0,9313.0,0.11,0.2156,0.1851581509,80224.5,,,92538.0,24250.0,105.757
482936,Florida Polytechnic University,Lakeland,FL,Southeast,Rural,Public,1,0,3,4,2.0,0.5752,1268.0,635.0,642.0,29.0,1689.0,0.1978,0.5305,0.0545,0.27,0.0551,4940.0,21005.0,21817.0,11853.0,11180.0,0.9223,17.0,10261.0,0.3263,0.2498,,,0.7477,0.5492,,14250.0,103.414
483018,Antioch College,Yellow Springs,OH,Great Lakes,Rural,Private nonprofit,1,0,3,3,2.0,0.8913,,,,23.0,121.0,0.6529,0.4793,0.1157,0.1653,0.0496,37143.0,37143.0,49856.0,14834.0,6439.0,0.9524,6.0,11323.0,0.6587,0.6984,0.2777777778,40859.5,0.7179,0.4118,,,92.774
483036,Texas A&M University-Central Texas,Killeen,TX,Southwest,Rural,Public,1,0,3,4,2.0,1.0,,,,,1750.0,0.5914,0.3549,0.2326,0.2994,0.0314,7363.0,17154.0,14187.0,1300.0,8983.0,0.4798,16.0,8905.0,0.5027,0.4609,0.4310051107,27679.5,,,,17750.0,97.057
483124,Arizona State University Digital Immersion,Scottsdale,AZ,Southwest,City,Public,0,0,3,4,2.0,0.6669,,,,,53782.0,0.6246,0.4929,0.0813,0.2448,0.0493,,,,,11088.0,0.6253,26.0,4325.0,0.398,0.3584,0.3813179205,35851.5,1.0,0.0,62668.0,19500.0,100.677
483595,Ana G. Mendez University,Orlando,FL,Southeast,City,Private nonprofit,1,0,3,4,1.0,,,,,,4763.0,0.7621,0.0044,0.0021,0.8616,0.0002,13575.0,13575.0,27187.0,19775.0,5838.0,0.0539,28.0,2570.0,0.7125,0.6737,,,0.7022,,,12188.0,103.414
483780,Washington University of Science and Technology,Alexandria,VA,Southeast,City,Private for-profit,1,0,3,4,2.0,0.0726,,,,,400.0,0.345,0.0,0.0,0.0,0.0,13785.0,13785.0,,,6000.0,0.0303,14.0,3344.0,0.0438,0.0,,,0.75,0.6667,,,101.104
483975,Alabama College of Osteopathic Medicine,Dothan,AL,Southeast,City,Private nonprofit,1,0,4,4,,,,,,,,,,,,,,,,,,,,19785.0,,,,,,,,,88.823
484473,University of Florida-Online,Gainesville,FL,Southeast,City,Public,0,0,3,3,2.0,0.6126,1338.0,655.0,645.0,29.0,4627.0,0.5565,0.5649,0.0428,0.2351,0.0555,3876.0,16579.0,17843.0,4815.0,5838.0,0.0503,61.0,3673.0,0.2181,0.1236,0.3076658251,39127.0,0.9482,0.8468,71588.0,15000.0,103.414
484613,University of Phoenix-Arizona,Phoenix,AZ,Southwest,City,Private for-profit,1,0,3,4,1.0,,,,,,85991.0,0.6658,0.3415,0.2375,0.1173,0.0098,9552.0,9552.0,19909.0,13520.0,8456.0,0.0714,147.0,1180.0,0.4981,0.625,0.5435338797,18602.0,0.408,0.2084,37752.0,31553.0,100.677
484844,Minerva University,San Francisco,CA,Far West,City,Private nonprofit,0,0,3,4,2.0,0.0304,,,,,637.0,0.5651,0.044,0.0,0.0031,0.0173,23630.0,23630.0,,,13770.0,0.9038,14.0,17036.0,0.0,0.0,,,0.9797,,,,110.72
484862,University of West Los Angeles,Inglewood,CA,Far West,Suburb,Private for-profit,1,0,3,4,,,,,,,7.0,0.7143,0.1429,0.2857,0.4286,0.0,,,,,8403.0,0.0678,1.0,7407.0,0.0,0.1667,,,,,,,110.72
484871,Rabbinical College Ohr Yisroel,Brooklyn,NY,Mid East,City,Private nonprofit,1,0,3,3,1.0,,,,,,114.0,0.0,1.0,0.0,0.0,0.0,9000.0,9000.0,15850.0,6223.0,3553.0,,19.0,8052.0,0.3565,0.0,,20795.0,0.9355,0.3636,,,107.921
484905,University of North Texas at Dallas,Dallas,TX,Southwest,City,Public,1,0,3,4,2.0,0.8445,940.0,470.0,470.0,18.0,2878.0,0.6508,0.0837,0.2752,0.5542,0.0288,9595.0,21894.0,20064.0,6420.0,9111.0,0.9901,19.0,9456.0,0.5391,0.3138,0.5781339439,24968.0,0.6538,0.4164,,18606.0,97.057
485111,Georgia Military College,Milledgeville,GA,Southeast,Town,Public,1,0,2,3,1.0,,,,,,3992.0,0.5902,0.3464,0.4354,0.1012,0.0293,8112.0,8112.0,20987.0,16923.0,5521.0,0.1386,15.0,3895.0,0.335,0.379,0.4072618673,23914.0,0.5,0.3803,39257.0,8563.0,96.293
485272,West Coast University-Miami,Doral,FL,Southeast,City,Private for-profit,0,0,3,3,1.0,,,,,,961.0,0.871,0.0416,0.1644,0.7513,0.0135,23317.0,23317.0,36468.0,32539.0,8114.0,0.2475,15.0,12439.0,0.6211,0.8878,0.3973442288,29657.0,0.6,0.3333,102672.0,32946.0,103.414
485403,High Tech High Graduate School of Education,San Diego,CA,Far West,City,Private nonprofit,1,0,4,4,,,,,,,,,,,,,,,,,10000.0,1.0,,48283.0,,,,,,,,,110.72
485519,Lionel University,Carpinteria,CA,Far West,Suburb,Private for-profit,1,0,3,4,1.0,,,,,,370.0,0.3162,0.4622,0.2973,0.1324,0.0135,15265.0,15265.0,31812.0,29453.0,5000.0,0.2581,24.0,1870.0,0.4469,0.6637,0.4705882353,29662.0,0.75,0.6712,,12668.0,110.72
485546,California Intercontinental University,Sioux Falls,SD,Plains,City,Private for-profit,1,0,2,4,1.0,,,,,,151.0,0.5298,0.2583,0.3245,0.2053,0.0199,,,,,4174.0,0.4242,16.0,1607.0,0.766,0.7872,0.4698795181,10206.0,,,,,88.586
485698,American College of the Building Arts,Charleston,SC,Southeast,City,Private nonprofit,1,0,3,3,2.0,0.4444,1190.0,555.0,565.0,24.0,155.0,0.1742,0.9032,0.0258,0.0194,0.0258,21500.0,21500.0,38073.0,30403.0,8846.0,0.7667,8.0,20328.0,0.1844,0.3901,,,0.75,0.6207,,12500.0,93.749
485768,Atlantis University,Miami,FL,Southeast,City,Private for-profit,1,0,2,4,1.0,,,,,,330.0,0.1909,0.0424,0.2606,0.2758,0.0061,12820.0,12820.0,24524.0,18399.0,2776.0,0.4416,25.0,3520.0,0.2716,0.2588,0.4788732394,18862.0,0.4884,0.5682,,25870.0,103.414
485999,Bet Medrash Gadol Ateret Torah,Brooklyn,NY,Mid East,City,Private nonprofit,1,0,3,3,2.0,0.8889,,,,,112.0,0.0,1.0,0.0,0.0,0.0,10700.0,10700.0,22488.0,10273.0,3932.0,1.0,6.0,11961.0,0.6667,0.0,,27945.0,0.871,0.5769,,,107.921
486017,Yeshiva Ohr Yisrael,Brooklyn,NY,Mid East,City,Private nonprofit,1,0,3,3,2.0,0.5,,,,,23.0,0.0,0.913,0.0,0.0,0.0,9800.0,9800.0,,,4967.0,,5.0,117303.0,0.2941,0.0,,,0.25,0.5714,,,107.921
486026,Yeshiva Sholom Shachna,Brooklyn,NY,Mid East,City,Private nonprofit,1,0,3,3,2.0,1.0,,,,,130.0,0.0,1.0,0.0,0.0,0.0,10750.0,10750.0,21750.0,12217.0,8697.0,,22.0,4829.0,0.4576,0.0,,28778.0,0.8462,0.3043,,,107.921
486053,Bethlehem College & Seminary,Minneapolis,MN,Plains,City,Private nonprofit,1,0,3,4,1.0,,,,,,117.0,0.4274,0.8632,0.0171,0.0342,0.0342,8200.0,8200.0,,,5852.0,0.8824,11.0,11236.0,0.0,0.0,,,1.0,0.6957,,,98.621
486080,Elmezzi Graduate School of Molecular Medicine,Manhasset,NY,Mid East,Suburb,Private nonprofit,1,0,4,4,,,,,,,,,,,,,,,,,19293.0,1.0,,,,,,,,,,,107.921
486196,Beth Medrash Meor Yitzchok,Monsey,NY,Mid East,Suburb,Private nonprofit,1,0,2,3,2.0,0.5278,,,,,226.0,0.0,0.9159,0.0,0.0,0.0,12600.0,12600.0,25700.0,13376.0,6118.0,,23.0,9504.0,0.509,0.0,,17925.0,0.8333,0.2069,,,107.921
486239,San Ignacio University,Doral,FL,Southeast,City,Private for-profit,1,0,1,4,1.0,,,,,,77.0,0.5455,0.013,0.0,0.5584,0.0,10405.0,10405.0,16184.0,10637.0,,0.0206,10.0,2909.0,0.0284,0.0284,,16183.0,1.0,0.5806,,,103.414
486257,Valor Christian College,Canal Winchester,OH,Great Lakes,City,Private nonprofit,1,0,2,3,1.0,,,,,,414.0,0.5773,0.4638,0.2995,0.1739,0.0266,10012.0,10012.0,39005.0,34356.0,6235.0,0.2941,32.0,1892.0,0.5743,0.7114,0.4463276836,21723.0,0.3636,0.4444,,15250.0,92.774
486284,Bethany Global University,Bloomington,MN,Plains,City,Private nonprofit,1,0,3,4,2.0,0.9286,,,,,81.0,0.6914,0.7284,0.037,0.0741,0.0247,11000.0,11000.0,43216.0,37790.0,,,13.0,3626.0,0.5926,0.5741,0.2183908046,43704.0,0.2174,0.5634,,12000.0,98.621
486354,United International College,Dania Beach,FL,Southeast,Suburb,Private for-profit,1,0,2,4,1.0,,,,,,113.0,0.2212,0.0531,0.0619,0.0531,0.0,10320.0,10320.0,36420.0,33234.0,,,23.0,1248.0,0.0743,0.0,,,0.6316,0.6,,,103.414
486840,Kennesaw State University,Kennesaw,GA,Southeast,Suburb,Public,1,0,3,4,2.0,0.6919,1113.0,580.0,570.0,23.0,41254.0,0.4988,0.392,0.2818,0.1696,0.0603,5808.0,17736.0,24008.0,15048.0,9711.0,0.6347,23.0,5687.0,0.3774,0.3274,0.2693773825,43182.0,0.7672,0.522,57552.0,23833.0,96.293
486901,Milligan University,Milligan,TN,Southeast,Suburb,Private nonprofit,1,0,3,4,2.0,0.7229,1189.0,542.0,551.0,25.0,818.0,0.4902,0.7127,0.0538,0.0452,0.0134,40450.0,40450.0,52511.0,21365.0,6980.0,0.6842,10.0,9458.0,0.2398,0.4508,0.3186528497,59021.5,0.8151,0.6343,46641.0,25219.0,91.87
486938,Chamberlain University-Nevada,Las Vegas,NV,Far West,City,Private for-profit,0,0,3,3,2.0,0.7647,,,,,652.0,0.8098,0.2439,0.1365,0.2638,0.2684,19975.0,19975.0,33051.0,27073.0,8978.0,0.0968,15.0,5648.0,0.4852,0.8255,0.47309798,46046.0,0.75,0.2,92405.0,20919.0,99.979
486947,Chamberlain University-Michigan,Troy,MI,Great Lakes,City,Private for-profit,0,0,3,3,2.0,0.8571,,,,,629.0,0.8553,0.6073,0.2003,0.0525,0.0668,20785.0,20785.0,33910.0,28045.0,8978.0,0.0968,9.0,5661.0,0.4992,0.8056,0.47309798,46046.0,0.6,1.0,92405.0,20919.0,96.217
486956,Chamberlain University-New Jersey,North Brunswick,NJ,Mid East,Suburb,Private for-profit,0,0,3,3,2.0,1.0,,,,,1226.0,0.8736,0.1909,0.46,0.2121,0.0799,20785.0,20785.0,38904.0,37984.0,8080.0,0.1075,12.0,5629.0,0.3868,0.8009,0.47309798,46046.0,0.8,0.3333,92405.0,20919.0,108.805
487010,The University of Tennessee Health Science Center,Memphis,TN,Southeast,City,Public,1,0,3,4,,,,,,,394.0,0.9112,0.5355,0.302,0.0838,0.0406,,,,,12784.0,0.6367,7.0,107341.0,0.1569,0.5186,0.2924528302,29611.0,,,66318.0,12500.0,91.87
487153,The Chicago School at Xavier University of Louisiana,New Orleans,LA,Southeast,City,Private nonprofit,0,0,4,4,,,,,,,,,,,,,,,,,7239.0,,,7606.0,,,0.4642857143,18495.0,,,56899.0,20000.0,88.207
487375,Arizona College of Nursing-Las Vegas,Las Vegas,NV,Far West,Suburb,Private for-profit,0,0,3,3,2.0,1.0,,,,,1222.0,0.8601,0.1481,0.1489,0.3339,0.2635,23531.0,23531.0,35587.0,30921.0,8004.0,0.3537,20.0,7133.0,0.5338,0.792,0.5442307692,17322.5,0.7692,0.8182,34657.0,9500.0,99.979
487524,Husson University,Bangor,ME,New England,City,Private nonprofit,1,0,3,4,2.0,0.8095,1180.0,,,,2618.0,0.6524,0.7953,0.0577,0.0073,0.0157,23304.0,23304.0,35852.0,21005.0,7935.0,0.9829,15.0,6867.0,0.3881,0.7168,0.3217893218,53850.0,0.7535,0.5935,45025.0,27000.0,97.05
487603,Northwest University-Center for Online and Extended Education,Kirkland,WA,Far West,Suburb,Private nonprofit,0,0,3,4,1.0,,,,,,405.0,0.5704,0.5827,0.0938,0.1284,0.0222,14652.0,14652.0,40568.0,35671.0,,,27.0,3884.0,0.1845,0.2401,0.3636363636,46713.5,0.5,0.5,54914.0,20891.0,107.013
487649,California Institute of Advanced Management,Alhambra,CA,Far West,Suburb,Private nonprofit,1,0,4,4,,,,,,,,,,,,,,,,,9780.0,0.1739,,0.0,,,,,,,,,110.72
487746,Yeshiva Zichron Aryeh,Far Rockaway,NY,Mid East,City,Private nonprofit,1,0,3,3,2.0,0.25,,,,,41.0,0.0,0.9756,0.0,0.0,0.0,9650.0,9650.0,,,5360.0,,4.0,64596.0,0.1667,0.0,,,0.6667,0.5,,,107.921
487861,Felbry College,Columbus,OH,Great Lakes,City,Private for-profit,1,0,2,3,2.0,0.8542,,,,,192.0,0.8385,0.026,0.8542,0.026,0.0938,29731.0,29731.0,60136.0,57632.0,5550.0,1.0,25.0,8982.0,0.8411,0.9346,0.5128205128,22574.0,1.0,0.9091,,17000.0,92.774
487977,Martinsburg College,Cheyenne,WY,Rocky Mountains,Suburb,Private for-profit,1,0,1,4,2.0,1.0,,,,,2491.0,0.9831,0.3946,0.3954,0.1405,0.008,,,,11956.0,4351.0,0.6222,73.0,1328.0,0.9621,0.0,,,,0.6038,,,92.691
487995,Alhambra Medical University,Alhambra,CA,Far West,Suburb,Private for-profit,1,0,4,4,,,,,,,45.0,0.7556,0.0222,0.0,0.0222,0.9333,,,,,5000.0,,8.0,1841.0,,,,25050.0,,,,,110.72
488004,Central Yeshiva Beth Joseph,Airmont,NY,Mid East,City,Private nonprofit,1,0,3,3,2.0,,,,,,15.0,0.0,0.6,0.0,0.0,0.0,10000.0,10000.0,,,4188.0,,3.0,17447.0,0.2727,0.0,,,,,,,107.921
488031,Abraham Lincoln University,Glendale,CA,Far West,City,Private for-profit,1,0,3,4,1.0,,,,,,25.0,0.68,0.44,0.04,0.32,0.08,10440.0,10440.0,34154.0,28584.0,,,2.0,995.0,0.5333,0.6,,,0.3333,0.0,,,110.72
488305,Elim Bible College,Lima,NY,Mid East,Rural,Private nonprofit,1,0,1,3,2.0,1.0,,,,,100.0,0.45,0.55,0.12,0.1,0.0,10480.0,10480.0,19630.0,8840.0,3563.0,0.1429,7.0,8485.0,0.4286,0.3163,,34420.0,0.75,0.6667,,10247.0,107.921
488314,Beth Medrash of Asbury Park,Lakewood,NJ,Mid East,Suburb,Private nonprofit,1,0,3,3,2.0,0.5385,,,,,124.0,0.0,0.8871,0.0,0.0,0.0,12010.0,12010.0,21110.0,9766.0,5231.0,,14.0,5539.0,0.4495,0.0,,20803.0,0.7222,0.1,,,108.805
488350,Yeshiva Gedolah Shaarei Shmuel,Lakewood,NJ,Mid East,City,Private nonprofit,1,0,2,3,2.0,0.5417,,,,,150.0,0.0,0.9533,0.0,0.0,0.0,10600.0,10600.0,22595.0,15086.0,5792.0,,30.0,9669.0,0.5303,0.0,,39392.0,0.7045,0.8889,,,108.805
488387,Claremont Lincoln University,Claremont,CA,Far West,Suburb,Private nonprofit,1,0,3,4,,,,,,,54.0,0.4815,0.3519,0.2222,0.2963,0.0741,,,,,6861.0,0.0638,8.0,4153.0,,,,,,,,,110.72
488448,Seattle Film Institute,Seattle,WA,Far West,City,Private for-profit,1,0,3,4,1.0,,,,,,65.0,0.2923,0.5077,0.1692,0.0923,0.0923,33000.0,33000.0,55496.0,41595.0,5625.0,,8.0,4980.0,0.5667,0.55,,24493.0,0.7778,0.5714,,13000.0,107.013
488527,Arkansas Colleges of Health Education,Fort Smith,AR,Southeast,City,Private nonprofit,1,0,4,4,,,,,,,,,,,,,,,,,8633.0,1.0,,11089.0,,,,,,,,,86.937
488554,Burrell College of Osteopathic Medicine,Las Cruces,NM,Southwest,Suburb,Private for-profit,1,0,4,4,,,,,,,,,,,,,,,,,,,,13762.0,,,,,,,,,92.212
488572,California Health Sciences University,Clovis,CA,Far West,Suburb,Private for-profit,1,0,4,4,,,,,,,,,,,,,,,,,14336.0,1.0,,25917.0,,,,,,,,,110.72
488679,Indiana Wesleyan University-National & Global,Marion,IN,Great Lakes,Rural,Private nonprofit,0,0,3,4,1.0,,,,,,6656.0,0.747,0.558,0.2671,0.0709,0.0104,8208.0,8208.0,22228.0,16898.0,8247.0,1.0,21.0,3293.0,0.4845,0.5209,0.4741139964,35007.0,,0.3495,59986.0,24250.0,93.329
488776,John Patrick University of Health and Applied Sciences,South Bend,IN,Great Lakes,City,Private for-profit,1,0,2,4,2.0,0.8235,,,,,480.0,0.7104,0.35,0.1896,0.3125,0.0729,20605.0,20605.0,44115.0,37711.0,12037.0,0.12,9.0,3452.0,0.3022,0.5888,,,,,,,93.329
488800,Teachers College of San Joaquin,Stockton,CA,Far West,City,Public,1,0,1,4,,,,,,,642.0,0.6947,0.4704,0.0545,0.2181,0.095,,,,,12323.0,0.0697,12.0,5719.0,0.0,0.0,,,,,,,110.72
488846,University of the People,Pasadena,CA,Far West,City,Private nonprofit,0,0,3,4,1.0,,,,,,22688.0,0.4743,0.0465,0.0262,0.0266,0.0156,1400.0,1400.0,,,,,28.0,199.0,0.0,0.0,,,,0.3354,,,110.72
488907,Wongu University of Oriental Medicine,Las Vegas,NV,Far West,City,Private nonprofit,1,0,4,4,,,,,,,,,,,,,,,,,,,,7773.0,,,,,,,,,99.979
489335,Institute of Buddhist Studies,Berkeley,CA,Far West,City,Private nonprofit,0,0,4,4,,,,,,,,,,,,,,,,,10846.0,,,37385.0,,,,,,,,,110.72
489344,Chamberlain University-North Carolina,Charlotte,NC,Southeast,City,Private for-profit,0,0,3,3,2.0,1.0,,,,,202.0,0.9208,0.2673,0.5198,0.1287,0.0347,20785.0,20785.0,42634.0,38436.0,8978.0,0.0968,11.0,5619.0,0.4352,0.8102,0.47309798,46046.0,0.5,,92405.0,20919.0,94.326
489353,Chamberlain University-California,Rancho Cordova,CA,Far West,City,Private for-profit,0,0,3,3,2.0,0.8,,,,,751.0,0.8016,0.3063,0.0533,0.261,0.3262,21271.0,21271.0,37232.0,36559.0,8080.0,0.1075,7.0,6740.0,0.3343,0.784,0.47309798,46046.0,1.0,,92405.0,20919.0,110.72
489779,Purdue University Global,West Lafayette,IN,Great Lakes,City,Public,1,0,1,4,1.0,,,,,,30828.0,0.5704,0.5158,0.1906,0.1677,0.0299,10101.0,14412.0,15660.0,7770.0,6514.0,0.1243,25.0,1494.0,0.4732,0.4552,0.533063854,18320.0,0.5714,0.5,36596.0,26078.0,93.329
489858,West Coast University-Center for Graduate Studies,Los Angeles,CA,Far West,City,Private for-profit,0,0,4,4,,,,,,,,,,,,,,,,,10985.0,0.3838,,11952.0,,,0.3973442288,29657.0,,,102672.0,32946.0,110.72
489937,Carolina University,Winston-Salem,NC,Southeast,City,Private nonprofit,1,0,3,4,2.0,0.3954,,,,,460.0,0.4326,0.2826,0.1804,0.1196,0.0196,17575.0,17575.0,32680.0,20828.0,5407.0,0.4085,17.0,3977.0,0.3726,0.4458,0.3266331658,32421.0,0.5636,0.2155,32864.0,20287.0,94.326
490045,California Prestige University,Santa Fe Springs,CA,Far West,Suburb,Private nonprofit,1,0,3,4,1.0,,,,,,55.0,0.6545,0.0,0.0,0.0,0.6364,9329.0,9329.0,,,2890.0,0.1864,5.0,1473.0,0.6316,0.0789,,,,,,,110.72
490081,America Evangelical University,Gardena,CA,Far West,City,Private nonprofit,1,0,3,4,1.0,,,,,,73.0,0.411,0.1644,0.3973,0.0959,0.1096,6200.0,6200.0,23764.0,17854.0,2000.0,,15.0,5501.0,0.8873,0.5493,,,0.5357,0.3333,,,110.72
490106,Virginia University of Integrative Medicine,Vienna,VA,Southeast,Suburb,Private nonprofit,1,0,4,4,,,,,,,,,,,,,,,,,6092.0,0.2535,,4037.0,,,,,,,,,101.104
490133,Westcliff University,Irvine,CA,Far West,City,Private for-profit,1,0,3,4,2.0,0.7315,,,,,2363.0,0.3673,0.0542,0.0339,0.0233,0.0135,17670.0,17670.0,44210.0,35426.0,7591.0,0.0841,11.0,2259.0,0.0599,0.0609,,,0.7164,0.622,,23750.0,110.72
490203,Bolivar Technical College,Bolivar,MO,Plains,Town,Private nonprofit,1,0,2,3,2.0,0.9545,,,,,144.0,0.9236,0.875,0.0347,0.0486,0.0069,28390.0,28390.0,,,4925.0,0.4211,7.0,12661.0,0.6458,0.6736,,,,0.9167,,15000.0,90.817
490276,Yeshiva Shaar Ephraim,Monsey,NY,Mid East,Suburb,Private nonprofit,1,0,3,3,1.0,,,,,,113.0,0.0,1.0,0.0,0.0,0.0,14175.0,14175.0,22510.0,10539.0,5151.0,1.0,7.0,13349.0,0.7482,0.0,,,0.55,0.0625,,,107.921
490285,California Institute of Arts & Technology,National City,CA,Far West,Suburb,Private for-profit,1,0,1,3,1.0,,,,,,2112.0,0.161,0.1998,0.267,0.1468,0.0658,22270.0,22270.0,39831.0,32637.0,5595.0,0.5371,15.0,0.0,0.3172,0.0842,,,0.625,0.561,,22209.0,110.72
490328,Mechon L'hoyroa,Monsey,NY,Mid East,Suburb,Private nonprofit,1,0,3,3,1.0,,,,,,122.0,0.0,1.0,0.0,0.0,0.0,11800.0,11800.0,,,2077.0,,17.0,11816.0,0.7258,0.0,,,,,,,107.921
490373,Western Michigan University Homer Stryker M.D. School of Medicine,Kalamazoo,MI,Great Lakes,City,Private nonprofit,1,0,4,4,,,,,,,,,,,,,,,,,,,,108615.0,,,,,,,,,96.217
490504,Yeshiva Ohr Naftoli,New Windsor,NY,Mid East,Suburb,Private nonprofit,1,0,3,3,2.0,1.0,,,,,47.0,0.0,0.9574,0.0,0.0,0.0,10870.0,10870.0,21700.0,13021.0,7727.0,,16.0,40558.0,0.1163,0.0,,,0.6,0.625,,,107.921
490513,Bais Medrash Mayan Hatorah,Lakewood,NJ,Mid East,City,Private nonprofit,1,0,3,3,2.0,0.6842,,,,,36.0,0.0,0.8611,0.0,0.0,0.0,12000.0,12000.0,20700.0,11794.0,3623.0,,5.0,9098.0,0.32,0.0,,,0.625,0.5789,,,108.805
490753,Maine Media College,Rockport,ME,New England,Town,Private nonprofit,1,0,1,4,,,,,,,3.0,0.3333,0.6667,0.3333,0.0,0.0,,,,,,0.7083,5.0,59303.0,,,,,,,,,97.05
490805,Purdue University Northwest,Hammond,IN,Great Lakes,Suburb,Public,1,0,3,4,2.0,0.7236,1024.0,550.0,540.0,23.0,5671.0,0.5278,0.4825,0.1153,0.27,0.0328,8675.0,16094.0,15571.0,6079.0,9864.0,0.9848,17.0,10005.0,0.2806,0.2532,0.430293896,39335.0,0.657,0.4291,48318.0,21229.0,93.329
490878,Platt College-Anaheim,Anaheim,CA,Far West,City,Private for-profit,0,0,2,3,1.0,,,,,,498.0,0.8695,0.1305,0.0261,0.6707,0.1104,14922.0,14922.0,28170.0,22678.0,6136.0,0.25,21.0,11363.0,0.5407,0.7753,0.5471296953,21293.0,,0.6436,40669.0,18685.0,110.72
491057,Yeshiva Kollel Tifereth Elizer,Brooklyn,NY,Mid East,City,Private nonprofit,1,0,3,3,2.0,0.7368,,,,,499.0,0.0,1.0,0.0,0.0,0.0,12300.0,12300.0,,,2649.0,0.6296,31.0,5334.0,0.9328,0.0,,,,0.8,,,107.921
491190,The Chicago School at San Diego,San Diego,CA,Far West,City,Private nonprofit,0,0,3,4,2.0,,,,,,2.0,1.0,0.0,0.0,0.5,0.0,21780.0,21780.0,,,7854.0,,11.0,8381.0,0.6,0.4,0.4642857143,18495.0,,,56899.0,20000.0,110.72
491288,University of Wisconsin-Milwaukee Flex,Milwaukee,WI,Great Lakes,City,Public,0,0,3,3,2.0,1.0,,,,,543.0,0.6888,0.7072,0.0939,0.0755,0.0295,,,,,11765.0,0.6,18.0,3075.0,0.1845,0.2879,0.3304775104,50518.5,,,54990.0,23000.0,94.095
491297,University of Wisconsin-Parkside Flex,Kenosha,WI,Great Lakes,Rural,Public,0,0,3,3,,,,,,,172.0,0.564,0.7035,0.1047,0.1221,0.0291,,,,,10968.0,1.0,18.0,1320.0,0.2238,0.3566,0.4094707521,42730.0,,,51129.0,20492.0,94.095
491525,Union Bible College,Westfield,IN,Great Lakes,Suburb,Private nonprofit,1,0,1,3,2.0,0.9084,,,,,206.0,0.5388,0.2718,0.0534,0.1408,0.1165,6700.0,6700.0,15700.0,10110.0,1334.0,0.2941,20.0,1342.0,0.1463,0.0,,,1.0,0.5,,,93.329
491613,Yeshiva Gedolah Tiferes Boruch,North Plainfield,NJ,Mid East,Suburb,Private nonprofit,1,0,3,3,2.0,0.8929,,,,,81.0,0.0,1.0,0.0,0.0,0.0,10480.0,10480.0,17600.0,9417.0,4047.0,,20.0,5488.0,0.6143,0.0,,,0.8421,0.0556,,,108.805
491622,Yeshiva Chemdas Hatorah,Lakewood,NJ,Mid East,Suburb,Private nonprofit,1,0,2,3,2.0,0.8,,,,,72.0,0.0,0.9306,0.0,0.0,0.0,12150.0,12150.0,22180.0,12798.0,3794.0,,12.0,9503.0,0.5,0.0,,,0.7143,0.7619,,,108.805
491631,Women's Institute of Torah Seminary and College,Baltimore,MD,Mid East,City,Private nonprofit,1,0,3,3,2.0,0.9796,,,,,118.0,1.0,0.9915,0.0,0.0,0.0,9780.0,9780.0,32300.0,11673.0,,,9.0,5110.0,0.2408,0.0,,,0.913,1.0,,,104.959
491640,Yeshiva Gedolah Keren Hatorah,Lakewood,NJ,Mid East,City,Private nonprofit,1,0,2,3,2.0,0.8571,,,,,181.0,0.0,0.9945,0.0,0.0,0.0,9150.0,9150.0,23591.0,13777.0,3750.0,,30.0,3380.0,0.5979,0.0,,,0.7949,0.8718,,,108.805
491710,Yeshiva Gedolah of Cliffwood,Keyport,NJ,Mid East,Suburb,Private nonprofit,1,0,3,3,2.0,0.7,,,,,30.0,0.0,0.9333,0.0,0.0,0.0,8550.0,8550.0,17850.0,9641.0,7083.0,,15.0,8263.0,0.1636,0.0,,,0.3333,0.1905,,,108.805
491765,Yeshivas Emek Hatorah,Howell,NJ,Mid East,Rural,Private nonprofit,1,0,3,3,2.0,1.0,,,,,90.0,0.0,1.0,0.0,0.0,0.0,9750.0,9750.0,22250.0,14504.0,6792.0,,17.0,14557.0,0.129,0.0,,,0.9655,0.0,,,108.805
491808,Meridian University,Petaluma,CA,Far West,City,Private for-profit,1,0,4,4,,,,,,,,,,,,,,,,,8278.0,0.0909,,2597.0,,,,,,,,,110.72
491914,Yeshiva Gedola Tiferes Yerachmiel,Lakewood,NJ,Mid East,City,Private nonprofit,1,0,2,3,2.0,0.5147,,,,,177.0,0.0,0.8814,0.0,0.0,0.0,9600.0,9600.0,17050.0,10016.0,5213.0,,22.0,4730.0,0.4419,0.0,,,0.9545,0.913,,,108.805
492069,Champion Christian College,Hot Springs,AR,Southeast,City,Private nonprofit,1,0,3,3,1.0,,,,,,144.0,0.25,0.5,0.2222,0.125,0.0,11510.0,11510.0,20970.0,17002.0,2556.0,0.625,10.0,1613.0,0.3309,0.4748,,,0.3548,0.0,,,86.937
492476,EDP University of Puerto Rico-Villalba,Villalba,PR,Outlying Areas,Suburb,Private nonprofit,0,0,2,3,2.0,0.7565,,,,,379.0,0.715,0.0,0.0,1.0,0.0,7050.0,14125.0,19138.0,12978.0,3005.0,1.0,14.0,4344.0,0.6904,0.7722,0.44092827,7153.0,,0.25,22844.0,14000.0,
492689,Texas Tech University Health Scienes Center El Paso,El Paso,TX,Southwest,City,Public,1,0,3,4,,,,,,,242.0,0.8347,0.0289,0.0124,0.8843,0.0041,,,,,11576.0,0.7794,12.0,136751.0,0.5297,0.75,,,,,,12500.0,97.057
492704,Ponce Health Sciences University-Centro Universitario de San Juan,San Juan,PR,Outlying Areas,City,Private for-profit,0,0,4,4,,,,,,,,,,,,,,,,,7447.0,0.4,,3527.0,,,,,,,,,
492759,Chamberlain University-Louisiana,Jefferson,LA,Southeast,Suburb,Private for-profit,0,0,3,3,2.0,1.0,,,,,622.0,0.9148,0.217,0.6399,0.0788,0.0161,19975.0,19975.0,38480.0,30791.0,8978.0,0.0968,15.0,5746.0,0.3985,0.6074,0.47309798,46046.0,0.8571,,92405.0,20919.0,88.207
492801,Drury University-College of Continuing Professional Studies,Springfield,MO,Plains,City,Private nonprofit,0,0,3,3,1.0,,,,,,632.0,0.6377,0.6566,0.0807,0.1361,0.0269,8054.0,8054.0,19698.0,10566.0,5409.0,,13.0,7985.0,0.6411,0.4777,0.4127630686,31973.0,0.5,0.4324,40694.0,20979.0,90.817
492962,Indiana Institute of Technology-College of Professional Studies,Fort Wayne,IN,Great Lakes,City,Private nonprofit,0,0,3,3,1.0,,,,,,2686.0,0.6005,0.5086,0.2975,0.0789,0.0112,9896.0,9896.0,26033.0,20473.0,9536.0,1.0,12.0,7287.0,0.5526,0.5917,0.5330149502,14380.0,0.5455,0.28,47327.0,26391.0,93.329
493512,San Diego Global Knowledge University,San Diego,CA,Far West,City,Private for-profit,1,0,1,4,1.0,,,,,,173.0,0.3757,0.2312,0.1445,0.2254,0.0578,13774.0,13774.0,,,,,50.0,2054.0,0.1224,0.0408,,,0.75,0.4545,,,110.72
493594,Yeshiva of Ocean,Greenfield Park,NY,Mid East,Rural,Private nonprofit,1,0,3,3,2.0,0.36,,,,,63.0,0.0,0.9524,0.0,0.0,0.0,9000.0,9000.0,17300.0,9083.0,6667.0,,32.0,3410.0,0.5439,0.0,,,0.8824,0.6154,,,107.921
493600,Congregation Talmidei Mesivta Tiferes Shmiel Aleksander,Brooklyn,NY,Mid East,City,Private nonprofit,1,0,3,3,1.0,,,,,,168.0,0.0,1.0,0.0,0.0,0.0,14125.0,14125.0,25625.0,13075.0,3861.0,1.0,9.0,18205.0,0.7811,0.0,,,1.0,0.2593,,,107.921
493664,Yeshivat Hechal Shemuel,Brooklyn,NY,Mid East,City,Private nonprofit,1,0,3,3,2.0,1.0,,,,,65.0,0.0,0.9846,0.0,0.0,0.0,12380.0,12380.0,25480.0,13174.0,12083.0,,31.0,14356.0,0.4462,0.0,,,1.0,0.5,,,107.921
493673,Professional University Dr. Carlos J. Borrero Rios,Hato Rey,PR,Outlying Areas,City,Private for-profit,1,0,3,4,2.0,,,,,,7.0,0.4286,0.0,0.0,1.0,0.0,6900.0,6900.0,,,2763.0,,13.0,2321.0,,,,,,,,,
493707,Yeshiva Gedolah of Woodlake Village,Lakewood,NJ,Mid East,Suburb,Private nonprofit,1,0,2,3,2.0,0.8372,,,,,87.0,0.0,0.7816,0.0,0.0,0.0,9030.0,9030.0,22130.0,13891.0,5059.0,,17.0,13644.0,0.3544,0.0,,,0.7143,0.6087,,,108.805
493716,Yeshiva Gedola Tiferes Yaakov Yitzchok,Lakewood,NJ,Mid East,Suburb,Private nonprofit,1,0,2,3,2.0,0.7667,,,,,71.0,0.0,0.9859,0.0,0.0,0.0,13700.0,13700.0,,,3590.0,,12.0,21768.0,0.1304,0.0,,,0.8947,0.8667,,,108.805
493822,College Unbound,Providence,RI,New England,City,Private nonprofit,1,0,3,3,1.0,,,,,,491.0,0.7128,0.1365,0.3544,0.3238,0.0122,11016.0,11016.0,27138.0,21108.0,,,11.0,7703.0,0.6858,0.6509,,,0.8571,,,12500.0,102.28
493895,SANS Technology Institute,North Bethesda,MD,Mid East,City,Private for-profit,1,0,1,4,,,,,,,762.0,0.1207,0.5276,0.0906,0.147,0.0984,,,,,,0.0061,5.0,9667.0,0.0,0.0,,,,,,,104.959
493947,Idaho College of Osteopathic Medicine,Meridian,ID,Rocky Mountains,Suburb,Private for-profit,1,0,4,4,,,,,,,,,,,,,,,,,,,,21161.0,,,,,,,,,95.494
493956,Cal Northern School of Law,Chico,CA,Far West,City,Private for-profit,1,0,4,4,,,,,,,,,,,,,,,,,,,,1967.0,,,,,,,,,110.72
493974,College of Athens,Watkinsville,GA,Southeast,Suburb,Private nonprofit,1,0,2,4,1.0,,,,,,44.0,0.2727,0.5,0.4091,0.0227,0.0,9050.0,9050.0,,,3158.0,,6.0,8870.0,0.0,0.0,,,1.0,,,,96.293
494010,Ponce Health Sciences University-St Louis,St. Louis,MO,Plains,City,Private for-profit,0,0,4,4,,,,,,,,,,,,,,,,,5956.0,0.6667,,26381.0,,,,,,,,,90.817
494162,Arizona College of Nursing-Dallas,Dallas,TX,Southwest,City,Private for-profit,0,0,3,3,2.0,1.0,,,,,588.0,0.9031,0.1378,0.551,0.2075,0.0578,23987.0,23987.0,43045.0,38488.0,7414.0,0.2029,20.0,7240.0,0.6359,0.8179,0.5442307692,17322.5,0.6875,,34657.0,9500.0,97.057
494542,Sattler College,Boston,MA,New England,City,Private nonprofit,0,0,3,3,2.0,0.6905,1190.0,,,,57.0,0.3158,0.6316,0.0,0.0351,0.0351,787.0,787.0,,,8598.0,0.7,2.0,30442.0,0.0,0.0,,,0.75,0.8125,,,105.757
494603,The Southwestern Baptist Theological Seminary,Fort Worth,TX,Southwest,City,Private nonprofit,0,0,1,4,2.0,0.5771,,560.0,560.0,25.0,324.0,0.3488,0.4969,0.0463,0.2284,0.0741,11934.0,11934.0,,,7144.0,1.0,20.0,5307.0,0.0,0.0,,,0.835,0.2817,,,97.057
494621,Lotus Professional College,Richmond,VA,Southeast,Suburb,Private for-profit,1,0,1,4,1.0,,,,,,171.0,0.924,0.4327,0.3392,0.1053,0.0292,,,,,4333.0,,13.0,6689.0,0.5017,0.5525,,,,,,,101.104
494630,Christ Mission College,San Antonio,TX,Southwest,Suburb,Private nonprofit,1,0,3,3,2.0,1.0,,,,,32.0,0.5,0.0313,0.0,0.8125,0.0313,8806.0,8806.0,18421.0,10679.0,,,6.0,1255.0,0.7674,0.0,,,0.6667,0.5,,,97.057
494685,Urshan University,Wentzville,MO,Plains,Suburb,Private nonprofit,1,0,3,3,2.0,0.8378,988.0,,,,472.0,0.5953,0.697,0.053,0.1568,0.0148,8756.0,8756.0,17175.0,14779.0,4452.0,,21.0,2835.0,0.3463,0.4553,,,0.6304,0.4483,,,90.817
494737,Yeshiva Yesoda Hatorah Vetz Chaim,Brooklyn,NY,Mid East,City,Private nonprofit,1,0,3,3,1.0,,,,,,223.0,0.0,1.0,0.0,0.0,0.0,14000.0,14000.0,24473.0,11549.0,4333.0,1.0,20.0,43465.0,0.8038,0.0,,,1.0,0.4286,,,107.921
494746,North-West College-San Diego,San Diego,CA,Far West,City,Private for-profit,0,0,2,3,1.0,,,,,,636.0,0.7987,0.184,0.1006,0.3601,0.2358,,,,46503.0,8604.0,,27.0,6117.0,0.4661,0.69,0.5517241379,20380.0,1.0,,41472.0,9500.0,110.72
495031,Bais Medrash of Dexter Park,Chestnut Ridge,NY,Mid East,Suburb,Private nonprofit,1,0,3,3,2.0,0.6923,,,,,51.0,0.0,0.9804,0.0,0.0,0.0,11500.0,11500.0,36000.0,27689.0,3083.0,,10.0,11079.0,0.5,0.0,,,1.0,0.7143,,,107.921
495059,Oak Valley College,Rialto,CA,Far West,Suburb,Private nonprofit,1,0,3,3,1.0,,,,,,75.0,0.4667,0.2533,0.1067,0.6,0.0,24180.0,24180.0,33587.0,21379.0,7500.0,,7.0,5281.0,0.5577,0.0,,,0.8182,,,,110.72
495192,Alder Graduate School of Education,Redwood City,CA,Far West,City,Private nonprofit,1,0,4,4,,,,,,,,,,,,,,,,,10881.0,0.1644,,14987.0,,,,,,,,,110.72
495280,Indian Bible College,Flagstaff,AZ,Southwest,City,Private nonprofit,1,0,2,3,1.0,,,,,,25.0,0.36,0.12,0.0,0.0,0.0,7980.0,7980.0,17684.0,10439.0,5710.0,,11.0,21145.0,0.6364,0.0,,,,0.6,,,100.677
495314,Hackensack Meridian School of Medicine,Nutley,NJ,Mid East,Suburb,Private nonprofit,1,0,4,4,,,,,,,,,,,,,,,,,,,,11715.0,,,,,,,,,108.805
495420,Arizona College of Nursing-Tampa,Tampa,FL,Southeast,City,Private for-profit,0,0,3,3,2.0,1.0,,,,,335.0,0.8866,0.2657,0.2209,0.4239,0.0478,23093.0,23093.0,41613.0,36680.0,7295.0,0.1875,20.0,8117.0,0.5794,0.8193,0.5442307692,17322.5,0.5,,34657.0,9500.0,103.414
495439,Arizona College of Nursing-Fort Lauderdale,Fort Lauderdale,FL,Southeast,City,Private for-profit,0,0,3,3,2.0,,,,,,428.0,0.9252,0.0911,0.6636,0.1939,0.0187,25973.0,25973.0,,,7881.0,0.1563,20.0,7954.0,0.6709,0.8442,0.5442307692,17322.5,,,34657.0,9500.0,103.414
495448,Arizona College of Nursing-Tucson,Tucson,AZ,Southwest,City,Private for-profit,0,0,3,3,2.0,1.0,,,,,562.0,0.8772,0.2295,0.073,0.6192,0.0374,24944.0,24944.0,41932.0,37136.0,7884.0,0.2407,20.0,7559.0,0.6051,0.7715,0.5442307692,17322.5,0.5,,34657.0,9500.0,100.677
495457,Arizona College of Nursing-Phoenix,Phoenix,AZ,Southwest,City,Private for-profit,0,0,3,3,2.0,1.0,,,,,1229.0,0.8845,0.2815,0.1221,0.4557,0.0382,26041.0,26041.0,42097.0,36660.0,7650.0,0.2571,20.0,6700.0,0.5957,0.8125,0.5442307692,17322.5,0.6786,,34657.0,9500.0,100.677
495916,Pathways College,Tempe,AZ,Southwest,City,Private nonprofit,1,0,3,3,,,,,,,196.0,0.6684,0.3214,0.0459,0.5765,0.0306,,,,,4167.0,,7.0,18364.0,0.0,0.0,,,,,,,100.677
496043,California University of Science and Medicine,Colton,CA,Far West,Suburb,Private nonprofit,1,0,4,4,,,,,,,,,,,,,,,,,,1.0,,28007.0,,,,,,,,,110.72
496283,Provo College-Idaho Falls Campus,Idaho Falls,ID,Rocky Mountains,City,Private for-profit,0,0,3,4,1.0,,,,,,257.0,0.8988,0.607,0.0156,0.1556,0.0117,19068.0,19068.0,39585.0,33576.0,8054.0,0.5714,12.0,6791.0,0.3855,0.4458,0.3752913753,24784.0,0.4,,39645.0,41733.0,95.494
496326,Eagle Gate College-Boise Campus,Boise,ID,Rocky Mountains,City,Private for-profit,0,0,3,4,1.0,,,,,,594.0,0.904,0.537,0.0236,0.1852,0.0219,19068.0,19068.0,35847.0,30241.0,7396.0,0.5536,26.0,5762.0,0.3464,0.4677,0.5258126195,22815.0,0.5625,,37518.0,43021.0,95.494
496399,Agape College of Business and Science,Fresno,CA,Far West,City,Private nonprofit,1,0,1,3,1.0,,,,,,43.0,0.7442,0.0,0.3023,0.6047,0.093,25672.0,25672.0,23049.0,17755.0,1970.0,,5.0,8075.0,0.4359,0.0,,,1.0,0.7778,,,110.72
496405,Newlane University,Lehi,UT,Rocky Mountains,City,Private for-profit,0,0,2,3,,,,,,,,,,,,,,,,,,,,,,,,,,,,,98.864
496469,Daybreak University,Anaheim,CA,Far West,City,Private nonprofit,0,0,4,4,,,,,,,,,,,,,,,,,5889.0,,,3207.0,,,,,,,,,110.72
496627,California Northstate University,Elk Grove,CA,Far West,Suburb,Private for-profit,1,0,3,4,2.0,0.9247,,,,,37.0,0.5676,0.1892,0.0811,0.027,0.5135,57463.0,57463.0,,,11611.0,0.4833,3.0,25946.0,0.0,0.0,,,0.8571,1.0,,,110.72
496636,Antigua College International,Miami Lakes,FL,Southeast,Suburb,Private for-profit,1,0,2,3,1.0,,,,,,251.0,0.8008,0.008,0.0677,0.9243,0.0,13400.0,13400.0,29450.0,29211.0,7077.0,0.375,18.0,7122.0,0.6745,1.0,,,0.3333,,,,103.414
496681,Florida Academy of Nursing,Miramar,FL,Southeast,Suburb,Private for-profit,1,0,1,3,2.0,0.0549,,,,,21.0,0.9524,0.0952,0.7619,0.0952,0.0476,,,,10054.0,5083.0,,6.0,2945.0,0.5282,0.3732,,,,,,,103.414
496803,NewU University,Washington,DC,Mid East,City,Private nonprofit,0,0,3,3,2.0,,,,,,34.0,0.4412,0.0294,0.3529,0.4118,0.0294,16500.0,16500.0,,,6000.0,,4.0,13836.0,,,,,0.6429,,,,109.901
496973,Herzing University-Tampa,Tampa,FL,Southeast,Suburb,Private nonprofit,0,0,2,3,2.0,0.8966,,,,,251.0,0.8964,0.1793,0.4183,0.2869,0.0239,13450.0,13450.0,27494.0,20421.0,7694.0,0.1724,14.0,6862.0,0.5654,0.7975,0.5209032652,18321.0,1.0,,36909.0,21500.0,103.414
496991,Galen Health Institutes-Miami Campus,Pembroke Pines,FL,Southeast,Suburb,Private for-profit,0,0,2,3,1.0,,,,,,813.0,0.8807,0.1341,0.4711,0.1107,0.0197,17048.0,17048.0,34872.0,27151.0,7512.0,0.6627,12.0,6737.0,0.5717,0.8583,0.4930104843,32673.5,0.5,,61480.0,24166.0,103.414
497037,Abilene Christian University-Undergraduate Online,Addison,TX,Southwest,Suburb,Private nonprofit,0,0,3,3,2.0,1.0,,,,,1219.0,0.8294,0.484,0.1969,0.2043,0.018,14520.0,14520.0,30295.0,23698.0,,,25.0,6085.0,0.7092,0.7996,0.2445229682,67009.0,0.4762,,55736.0,24250.0,97.057
497116,Galen Health Institutes-Austin Campus,Round Rock,TX,Southwest,Suburb,Private for-profit,0,0,2,3,1.0,,,,,,1161.0,0.8898,0.3135,0.2524,0.1361,0.0422,17048.0,17048.0,34872.0,30187.0,7156.0,0.6204,12.0,5498.0,0.5082,0.8146,0.4930104843,32673.5,0.52,,61480.0,24166.0,97.057
497125,Galen Health Institutes-Nashville Campus,Nashville,TN,Southeast,City,Private for-profit,0,0,2,3,1.0,,,,,,1027.0,0.9182,0.4216,0.3028,0.0243,0.0195,17048.0,17048.0,35603.0,27267.0,6700.0,0.6087,12.0,6354.0,0.46,0.8257,0.4930104843,32673.5,0.6154,,61480.0,24166.0,91.87
497213,Great Northern University,Spokane,WA,Far West,City,Private nonprofit,1,0,3,3,2.0,1.0,,,,,48.0,0.6042,0.8958,0.0,0.0417,0.0208,18300.0,18300.0,28405.0,21029.0,5600.0,,3.0,16553.0,0.4167,0.25,,,1.0,0.5,,,107.013
497268,Arizona College of Nursing-Salt Lake City,Murray,UT,Rocky Mountains,City,Private for-profit,0,0,3,3,2.0,1.0,,,,,306.0,0.8987,0.6176,0.0327,0.2124,0.0588,22587.0,22587.0,41871.0,37660.0,7957.0,0.2143,20.0,8062.0,0.5481,0.8173,0.5442307692,17322.5,0.6,,34657.0,9500.0,98.864
497408,Bridges Christian College,New Orleans,LA,Southeast,City,Private nonprofit,1,0,3,4,1.0,,,,,,163.0,0.5153,0.8221,0.1227,0.0429,0.0,6600.0,6600.0,14180.0,10273.0,,,7.0,2340.0,0.5364,0.0,,,0.5,0.0,,,88.207
497453,Jackson Theological Seminary,North Little Rock,AR,Southeast,City,Private nonprofit,1,0,4,4,,,,,,,1.0,0.0,0.0,1.0,0.0,0.0,,,,,1183.0,,1.0,14895.0,,,,,,,,,86.937
497462,Redeemers University North America,Greenville,TX,Southwest,Rural,Private nonprofit,1,0,3,4,2.0,0.4,,,,,6.0,0.5,0.1667,0.8333,0.0,0.0,7000.0,7000.0,,,5833.0,,12.0,4319.0,0.04,0.0,,,,,,,97.057
497480,Reach University,Oakland,CA,Far West,City,Private nonprofit,1,0,3,4,2.0,1.0,,,,,1946.0,0.925,0.5334,0.2837,0.1161,0.0057,12374.0,12374.0,32536.0,22423.0,7032.0,0.5625,30.0,3505.0,0.6285,0.0,,,0.8049,,,,110.72
497718,Academy for Jewish Religion,Yonkers,NY,Mid East,Suburb,Private nonprofit,1,0,4,4,,,,,,,,,,,,,,,,,,,,27456.0,,,,,,,,,107.921
497824,Evangel University-College of Online Learning,Springfield,MO,Plains,City,Private nonprofit,0,0,3,3,2.0,0.4918,,,,,240.0,0.6,0.75,0.0375,0.1208,0.0083,8175.0,8175.0,26454.0,22503.0,5631.0,0.2708,8.0,2438.0,0.444,0.6888,0.2610571737,53228.0,0.6667,0.5,46573.0,24736.0,90.817
497833,Marian University-Ancilla,Plymouth,IN,Great Lakes,Rural,Private nonprofit,0,0,2,3,2.0,0.9169,,,,,226.0,0.5088,0.5619,0.2168,0.1283,0.0133,20100.0,20100.0,38305.0,19463.0,8575.0,0.375,9.0,7655.0,0.6065,0.8194,0.2917647059,49554.0,0.375,,58759.0,27000.0,93.329
498049,Arizona College of Nursing-Southfield,Southfield,MI,Great Lakes,City,Private for-profit,0,0,3,3,2.0,1.0,,,,,594.0,0.9276,0.2593,0.6128,0.0539,0.0236,24944.0,24944.0,42280.0,38786.0,7821.0,0.1266,20.0,6840.0,0.6625,0.895,0.5442307692,17322.5,0.75,,34657.0,9500.0,96.217
498076,Galen Health Institutes-Sarasota,Sarasota,FL,Southeast,Suburb,Private for-profit,0,0,2,3,1.0,,,,,,574.0,0.9059,0.399,0.2561,0.0784,0.0226,17048.0,17048.0,35116.0,28476.0,6837.0,0.6981,12.0,2503.0,0.5025,0.8366,0.4930104843,32673.5,0.6667,,61480.0,24166.0,103.414
498085,Galen Health Institutes-Gainesville,Gainesville,FL,Southeast,Suburb,Private for-profit,0,0,2,3,1.0,,,,,,668.0,0.8862,0.3234,0.3428,0.0299,0.024,17048.0,17048.0,35576.0,29559.0,6635.0,0.5789,12.0,6459.0,0.6583,0.9013,0.4930104843,32673.5,0.625,,61480.0,24166.0,103.414
498234,Larkin University,Miami,FL,Southeast,Suburb,Private nonprofit,1,0,4,4,,,,,,,,,,,,,,,,,,,,,,,,,,,,,103.414
498447,Arizona College of Nursing-Falls Church,Falls Church,VA,Southeast,Suburb,Private for-profit,0,0,3,3,2.0,1.0,,,,,348.0,0.9368,0.1322,0.5172,0.227,0.0805,24413.0,24413.0,42280.0,38690.0,8406.0,0.1321,20.0,6010.0,0.6187,0.8993,0.5442307692,17322.5,0.5833,,34657.0,9500.0,101.104
498456,Arizona College of Nursing-Ontario,Ontario,CA,Far West,City,Private for-profit,0,0,3,3,2.0,1.0,,,,,380.0,0.8632,0.1053,0.1184,0.5553,0.1211,31637.0,31637.0,52480.0,44477.0,9510.0,0.1429,20.0,10386.0,0.5651,0.9257,0.5442307692,17322.5,1.0,,34657.0,9500.0,110.72
498474,Galen Health Institutes-Houston,Houston,TX,Southwest,City,Private for-profit,0,0,2,3,1.0,,,,,,1582.0,0.9096,0.1283,0.5044,0.036,0.0436,17048.0,17048.0,35856.0,30222.0,6877.0,0.6277,12.0,2652.0,0.6059,0.8545,0.4930104843,32673.5,0.5667,,61480.0,24166.0,97.057
498562,Commonwealth University of Pennsylvania,Bloomsburg,PA,Mid East,Town,Public,1,0,3,4,2.0,0.9309,1090.0,,,,9210.0,0.5969,0.7991,0.0515,0.0726,0.0112,11046.0,22870.0,25161.0,15699.0,11730.0,0.8302,19.0,10722.0,0.3179,0.5394,0.3398760331,65570.0,0.7757,0.5448,52416.0,26000.0,97.572
498571,Pennsylvania Western University,California,PA,Mid East,Town,Public,1,0,3,4,2.0,0.9433,1063.0,,,,7451.0,0.6068,0.7139,0.0836,0.0447,0.0089,11436.0,16054.0,26916.0,18256.0,11870.0,0.8132,18.0,11506.0,0.383,0.5978,0.3733333333,46425.0,0.7169,0.5188,47295.0,23725.0,97.572
498623,Justice University,Chandler,AZ,Southwest,City,Private nonprofit,1,0,3,3,1.0,,,,,,116.0,0.3362,0.2586,0.3534,0.2759,0.0086,7500.0,7500.0,,,4000.0,,9.0,2140.0,0.0,0.0,,,0.7308,,,,100.677
498809,Yeshiva of Kasho,Brooklyn,NY,Mid East,City,Private nonprofit,1,0,3,3,1.0,,,,,,185.0,0.0,1.0,0.0,0.0,0.0,14000.0,14000.0,21356.0,9200.0,4313.0,1.0,15.0,17474.0,0.8192,0.0,,,0.9038,0.1087,,,107.921
498906,Yeshivas Sanz Klauzenburg,Brooklyn,NY,Mid East,City,Private nonprofit,1,0,3,3,1.0,,,,,,98.0,0.0,1.0,0.0,0.0,0.0,14000.0,14000.0,22355.0,10071.0,2794.0,0.6667,5.0,9429.0,0.787,0.0,,,1.0,0.3103,,,107.921
498924,URBE University,Sweetwater,FL,Southeast,Suburb,Private for-profit,1,0,3,4,1.0,,,,,,33.0,0.6364,0.0,0.0,1.0,0.0,30550.0,30550.0,,,,,5.0,6736.0,0.0,0.0,,,0.7143,0.8,,,103.414
499149,Herzing University-Nashville,Nashville,TN,Southeast,City,Private nonprofit,0,0,1,3,2.0,0.9273,,,,,201.0,0.9204,0.3682,0.4925,0.0746,0.01,13450.0,13450.0,28414.0,20537.0,7583.0,,15.0,3364.0,0.68,0.9333,0.5209032652,18321.0,0.8,,36909.0,21500.0,91.87
499273,Galen Health Institutes-Dallas,Richardson,TX,Southwest,City,Private for-profit,0,0,2,3,1.0,,,,,,1153.0,0.9037,0.1457,0.5273,0.0338,0.0477,17048.0,17048.0,35565.0,30998.0,6918.0,0.4403,12.0,3177.0,0.5343,0.8159,0.4930104843,32673.5,0.4815,,61480.0,24166.0,97.057
499370,Arizona College of Nursing-Sarasota,University Park,FL,Southeast,Suburb,Private for-profit,0,0,3,3,2.0,1.0,,,,,133.0,0.9248,0.406,0.2556,0.2707,0.0226,23093.0,23093.0,34305.0,28945.0,8292.0,,20.0,6835.0,0.6563,0.8854,0.5442307692,17322.5,0.5,,34657.0,9500.0,103.414
499389,Arizona College of Nursing-Aurora,Aurora,CO,Rocky Mountains,City,Private for-profit,0,0,3,3,2.0,1.0,,,,,336.0,0.9167,0.2857,0.1696,0.4524,0.0446,24653.0,24653.0,43920.0,37153.0,7813.0,0.1026,20.0,3665.0,0.6329,0.8406,0.5442307692,17322.5,0.4583,,34657.0,9500.0,103.052
499422,Denver College of Nursing-Houston,Houston,TX,Southwest,City,Private for-profit,0,0,3,3,,,,,,,135.0,0.8963,0.1407,0.4815,0.1481,0.1852,,,,,7056.0,0.0882,10.0,11332.0,0.4286,0.7714,0.3224043716,29692.0,,,81809.0,26500.0,97.057
499495,Gwinnett Institute,Orlando,FL,Southeast,Suburb,Private for-profit,0,0,1,3,2.0,,,,,,340.0,0.9324,0.0529,0.7618,0.1324,0.0088,,,,34939.0,4217.0,1.0,14.0,6537.0,0.7821,1.0,0.5441860465,16256.0,,,33735.0,13000.0,103.414
499875,Mosdos Yaakov V'Yisroel,Lakewood,NJ,Mid East,Suburb,Private nonprofit,1,0,2,3,2.0,0.8933,,,,,679.0,0.0913,0.9499,0.0,0.0,0.0,8760.0,8760.0,,,4026.0,,23.0,2955.0,0.0,0.0,,,0.4009,0.4561,,,108.805
499981,Southwest University of Naprapathic Medicine,Santa Fe,NM,Southwest,City,Private for-profit,1,0,4,4,,,,,,,,,,,,,,,,,,,,5311.0,,,,,,,,,92.212
500087,Doral College,Doral,FL,Southeast,City,Private nonprofit,1,0,2,3,1.0,,,,,,272.0,0.7831,0.1434,0.0809,0.7169,0.0037,3120.0,3120.0,,,,,11.0,1626.0,0.0,0.0,,,1.0,,,,103.414
500342,EDvance College,San Francisco,CA,Far West,City,Private nonprofit,0,0,3,3,2.0,1.0,,,,,201.0,0.9801,0.0299,0.0896,0.4975,0.3433,12300.0,12300.0,,,10715.0,0.381,18.0,12996.0,0.0,0.0,,,,,,,110.72
500670,University of Fairfax,Salem,VA,Southeast,,Private for-profit,1,0,4,4,,,,,,,,,,,,,,,,,,,,,,,,,,,,,101.104
500713,Virginia Christian College,Dumfries,VA,Southeast,,Private nonprofit,1,0,3,4,,,,,,,,,,,,,,,,,,,,,,,,,,,,,101.104
500740,Congregation YMH,Brooklyn,NY,Mid East,,Private nonprofit,1,0,3,3,,,,,,,,,,,,,,,,,,,,,,,,,,,,,107.921
500810,Bet Midrash Ohel Torah,Lakewood,NJ,Mid East,,Private nonprofit,1,0,2,3,,,,,,,,,,,,,,,,,,,,,,,,,,,,,108.805
500829,Northpoint College,Wyoming,MI,Great Lakes,,Private nonprofit,1,0,3,3,,,,,,,,,,,,,,,,,,,,,,,,,,,,,96.217
501345,Chicago College of Oriental Medicine,Chicago,IL,Great Lakes,,Private nonprofit,1,0,4,4,,,,,,,,,,,,,,,,,,,,,,,,,,,,,99.958
501390,Yeshiva Gedola Amidei Dgirsa,Brooklyn,NY,Mid East,,Private nonprofit,1,0,2,3,,,,,,,,,,,,,,,,,,,,,,,,,,,,,107.921
501451,UTH Florida University,Miami,FL,Southeast,,Private for-profit,0,0,3,4,,,,,,,,,,,,,,,,,,,,,,,,,,,,,103.414
501460,University of North America,Fairfax,VA,Southeast,,Private for-profit,1,0,1,4,,,,,,,,,,,,,,,,,,,,,,,,,,,,,101.104
501488,West Coast University-Los Angeles,North Hollywood,CA,Far West,,Private for-profit,0,0,3,3,,,,,,,,,,,,,,,,,,,,,,,0.3973442288,29657.0,,,102672.0,32946.0,110.72
501549,The Chicago School at Dallas,Plano,TX,Southwest,,Private nonprofit,0,0,4,4,,,,,,,,,,,,,,,,,,,,,,,0.4642857143,18495.0,,,56899.0,20000.0,97.057
